country,year,total_papers,t1_title_pct,t2_title_pct,t3_title_pct,t1_abstract_pct,t2_abstract_pct,t3_abstract_pct,t1_any_pct,t2_any_pct,t3_any_pct,t1_t2_any_pct,t1_t2_t3_any_pct
Afghanistan,2010,12,0.0,0.0,8.3333,50.0,8.3333,50.0,50.0,8.3333,50.0,58.3333,108.3333
Afghanistan,2011,6,0.0,0.0,16.6667,33.3333,16.6667,50.0,33.3333,16.6667,50.0,50.0,100.0
Afghanistan,2012,22,13.6364,0.0,4.5455,31.8182,4.5455,36.3636,31.8182,4.5455,36.3636,36.3637,72.7273
Afghanistan,2013,28,3.5714,3.5714,17.8571,35.7143,10.7143,42.8571,35.7143,14.2857,46.4286,50.0,96.4286
Afghanistan,2014,29,0.0,6.8966,20.6897,13.7931,13.7931,37.931,13.7931,13.7931,37.931,27.5862,65.5172
Afghanistan,2015,23,0.0,4.3478,0.0,8.6957,13.0435,21.7391,8.6957,13.0435,21.7391,21.7392,43.4783
Afghanistan,2016,37,2.7027,2.7027,8.1081,16.2162,8.1081,24.3243,16.2162,8.1081,24.3243,24.3243,48.6486
Afghanistan,2017,52,3.8462,5.7692,7.6923,19.2308,5.7692,48.0769,19.2308,9.6154,48.0769,28.8462,76.9231
Afghanistan,2018,76,1.3158,2.6316,5.2632,10.5263,7.8947,27.6316,10.5263,7.8947,28.9474,18.421,47.3684
Afghanistan,2019,170,0.0,1.1765,1.7647,10.5882,1.7647,29.4118,10.5882,1.7647,30.0,12.3529,42.3529
Afghanistan,2020,264,1.8939,0.0,4.1667,12.8788,3.7879,32.5758,13.6364,3.7879,32.9545,17.4243,50.3788
Afghanistan,2021,327,0.6116,1.8349,5.8104,7.9511,6.1162,33.945,8.2569,6.422,34.2508,14.6789,48.9297
Afghanistan,2022,527,0.759,1.8975,4.1746,8.1594,6.2619,29.222,8.3491,6.4516,29.4118,14.8007,44.2125
Afghanistan,2023,666,0.9009,0.7508,2.5526,9.1592,4.955,30.4805,9.3093,5.1051,30.7808,14.4144,45.1952
Afghanistan,2024,670,0.8955,1.4925,3.2836,5.2239,6.2687,26.7164,5.5224,6.5672,27.7612,12.0896,39.8508
Afghanistan,2025,361,0.0,0.831,5.8172,4.7091,4.7091,33.795,4.7091,4.9861,34.349,9.6952,44.0442
Albania,2010,34,0.0,0.0,2.9412,20.5882,0.0,20.5882,20.5882,0.0,20.5882,20.5882,41.1764
Albania,2011,50,0.0,0.0,0.0,10.0,4.0,12.0,10.0,4.0,12.0,14.0,26.0
Albania,2012,46,0.0,0.0,4.3478,10.8696,0.0,28.2609,10.8696,0.0,28.2609,10.8696,39.1305
Albania,2013,154,1.2987,1.2987,3.8961,11.6883,3.2468,27.9221,12.3377,3.8961,28.5714,16.2338,44.8052
Albania,2014,172,0.0,0.5814,2.907,10.4651,4.0698,27.907,10.4651,4.0698,28.4884,14.5349,43.0233
Albania,2015,248,1.6129,0.4032,2.8226,12.0968,4.4355,29.8387,12.5,4.4355,30.6452,16.9355,47.5807
Albania,2016,227,0.8811,0.8811,2.6432,9.2511,2.2026,21.5859,9.2511,2.6432,21.5859,11.8943,33.4802
Albania,2017,230,0.0,0.0,2.6087,7.8261,3.4783,20.4348,7.8261,3.4783,20.8696,11.3044,32.174
Albania,2018,268,0.7463,0.3731,5.597,10.8209,2.6119,28.7313,10.8209,2.6119,29.8507,13.4328,43.2835
Albania,2019,293,1.0239,1.7065,4.0956,11.6041,2.7304,31.7406,11.9454,3.7543,33.4471,15.6997,49.1468
Albania,2020,402,1.2438,0.7463,2.2388,8.209,3.4826,22.8856,8.7065,3.4826,23.1343,12.1891,35.3234
Albania,2021,458,1.0917,1.5284,4.1485,8.0786,6.5502,24.2358,8.2969,6.5502,25.1092,14.8471,39.9563
Albania,2022,602,0.8306,0.6645,3.1561,7.1429,2.6578,24.9169,7.309,3.1561,25.4153,10.4651,35.8804
Albania,2023,710,0.9859,0.9859,6.1972,11.1268,3.662,31.5493,11.831,4.0845,32.2535,15.9155,48.169
Albania,2024,704,0.8523,1.5625,3.8352,10.2273,6.25,33.6648,10.3693,6.392,34.375,16.7613,51.1363
Albania,2025,378,1.0582,1.8519,5.0265,5.8201,7.9365,31.746,5.8201,8.4656,32.8042,14.2857,47.0899
Algeria,2010,618,0.1618,0.1618,2.589,3.3981,0.9709,19.9029,3.3981,0.9709,19.9029,4.369,24.2719
Algeria,2011,606,0.33,0.33,2.1452,4.7855,1.3201,17.6568,4.7855,1.3201,17.9868,6.1056,24.0924
Algeria,2012,857,0.5834,0.9335,3.9673,5.951,1.9837,20.8868,6.0677,2.1004,21.1202,8.1681,29.2883
Algeria,2013,1216,0.3289,0.0,2.7138,4.1118,1.0691,18.5855,4.1941,1.0691,18.9145,5.2632,24.1777
Algeria,2014,1390,0.2878,0.0719,2.6619,5.1079,1.1511,20.5036,5.1799,1.1511,21.0072,6.331,27.3382
Algeria,2015,1692,0.1182,0.4728,3.7825,3.7234,1.773,22.1631,3.7825,2.1277,22.9314,5.9102,28.8416
Algeria,2016,1776,0.3941,0.4505,4.2793,3.5473,1.4077,22.5225,3.6599,1.464,23.1419,5.1239,28.2658
Algeria,2017,2125,0.3294,0.3765,3.8118,3.8588,1.4588,22.7765,3.9529,1.5529,23.6235,5.5058,29.1293
Algeria,2018,2936,0.2384,0.3065,3.2698,3.7466,1.3965,24.1826,3.8488,1.4646,24.7956,5.3134,30.109
Algeria,2019,3048,0.4265,0.6562,3.9698,3.9698,1.9685,24.4423,4.1995,2.231,25.3609,6.4305,31.7914
Algeria,2020,3534,0.481,0.6225,3.9332,4.5557,1.9242,22.8919,4.6406,2.0939,23.2881,6.7345,30.0226
Algeria,2021,3055,0.7201,0.3273,4.3863,3.6334,2.4877,24.6481,3.9607,2.4877,25.2373,6.4484,31.6857
Algeria,2022,4419,0.5657,0.5884,4.7069,4.4807,2.7834,25.6619,4.6617,2.9418,26.1145,7.6035,33.718
Algeria,2023,5002,0.4398,0.4598,3.8185,4.1983,3.0188,28.1287,4.2583,3.1987,28.7085,7.457,36.1655
Algeria,2024,4284,0.3968,0.9104,4.2951,3.7815,3.3613,28.9683,3.8049,3.5714,29.5285,7.3763,36.9048
Algeria,2025,2196,0.4554,0.9563,3.7796,3.0965,3.7796,29.5993,3.1421,4.0073,30.2368,7.1494,37.3862
Andorra,2010,2,0.0,0.0,0.0,50.0,0.0,0.0,50.0,0.0,0.0,50.0,50.0
Andorra,2012,3,0.0,0.0,0.0,0.0,33.3333,33.3333,0.0,33.3333,33.3333,33.3333,66.6666
Andorra,2013,10,0.0,0.0,0.0,20.0,0.0,30.0,20.0,0.0,30.0,20.0,50.0
Andorra,2014,13,7.6923,0.0,0.0,23.0769,0.0,15.3846,23.0769,0.0,15.3846,23.0769,38.4615
Andorra,2015,8,12.5,0.0,0.0,25.0,0.0,25.0,25.0,0.0,25.0,25.0,50.0
Andorra,2016,10,0.0,10.0,0.0,10.0,10.0,20.0,10.0,10.0,20.0,20.0,40.0
Andorra,2017,7,0.0,14.2857,0.0,0.0,14.2857,57.1429,0.0,14.2857,57.1429,14.2857,71.4286
Andorra,2018,7,0.0,0.0,14.2857,0.0,0.0,28.5714,0.0,0.0,28.5714,0.0,28.5714
Andorra,2019,9,0.0,0.0,0.0,0.0,0.0,66.6667,0.0,0.0,66.6667,0.0,66.6667
Andorra,2020,12,0.0,0.0,8.3333,0.0,8.3333,8.3333,0.0,8.3333,8.3333,8.3333,16.6666
Andorra,2021,15,0.0,0.0,6.6667,0.0,6.6667,13.3333,0.0,6.6667,13.3333,6.6667,20.0
Andorra,2022,22,0.0,0.0,4.5455,4.5455,9.0909,40.9091,4.5455,9.0909,40.9091,13.6364,54.5455
Andorra,2023,22,0.0,0.0,0.0,9.0909,0.0,22.7273,9.0909,0.0,22.7273,9.0909,31.8182
Andorra,2024,14,0.0,0.0,0.0,0.0,7.1429,28.5714,0.0,7.1429,28.5714,7.1429,35.7143
Andorra,2025,19,0.0,5.2632,0.0,0.0,15.7895,26.3158,0.0,15.7895,26.3158,15.7895,42.1053
Angola,2010,12,0.0,0.0,8.3333,16.6667,0.0,33.3333,16.6667,0.0,33.3333,16.6667,50.0
Angola,2011,8,0.0,0.0,12.5,12.5,0.0,25.0,12.5,0.0,25.0,12.5,37.5
Angola,2012,7,0.0,0.0,0.0,0.0,0.0,28.5714,0.0,0.0,28.5714,0.0,28.5714
Angola,2013,12,0.0,0.0,8.3333,8.3333,0.0,8.3333,8.3333,0.0,8.3333,8.3333,16.6666
Angola,2014,14,7.1429,0.0,7.1429,14.2857,0.0,7.1429,14.2857,0.0,14.2857,14.2857,28.5714
Angola,2015,28,3.5714,0.0,0.0,3.5714,3.5714,32.1429,7.1429,3.5714,32.1429,10.7143,42.8572
Angola,2016,29,3.4483,0.0,6.8966,3.4483,3.4483,13.7931,6.8966,3.4483,13.7931,10.3449,24.138
Angola,2017,55,1.8182,0.0,3.6364,3.6364,1.8182,20.0,3.6364,1.8182,21.8182,5.4546,27.2728
Angola,2018,35,0.0,0.0,0.0,2.8571,0.0,28.5714,2.8571,0.0,28.5714,2.8571,31.4285
Angola,2019,63,0.0,0.0,1.5873,4.7619,4.7619,34.9206,4.7619,4.7619,34.9206,9.5238,44.4444
Angola,2020,67,2.9851,1.4925,7.4627,5.9701,1.4925,35.8209,7.4627,2.9851,35.8209,10.4478,46.2687
Angola,2021,70,1.4286,0.0,7.1429,7.1429,1.4286,24.2857,7.1429,1.4286,25.7143,8.5715,34.2858
Angola,2022,148,0.6757,1.3514,2.7027,6.7568,7.4324,24.3243,6.7568,8.1081,25.0,14.8649,39.8649
Angola,2023,129,0.0,2.3256,5.4264,2.3256,8.5271,33.3333,2.3256,9.3023,34.8837,11.6279,46.5116
Angola,2024,138,2.8986,1.4493,5.0725,7.971,6.5217,30.4348,7.971,7.2464,30.4348,15.2174,45.6522
Angola,2025,76,1.3158,5.2632,7.8947,3.9474,6.5789,42.1053,3.9474,9.2105,44.7368,13.1579,57.8947
Argentina,2010,2444,0.2046,0.2455,2.9869,5.0736,2.1277,22.054,5.1146,2.1277,22.5859,7.2423,29.8282
Argentina,2011,3014,0.1991,0.564,3.5501,4.1805,1.9575,21.2674,4.2468,2.0902,21.8978,6.337,28.2348
Argentina,2012,3212,0.1557,0.3736,3.3001,3.8294,2.2105,23.6613,3.8605,2.3661,24.0349,6.2266,30.2615
Argentina,2013,3590,0.1671,0.2228,4.5125,4.429,2.117,24.3733,4.4847,2.2006,25.0696,6.6853,31.7549
Argentina,2014,4281,0.3504,0.5139,3.5039,4.7419,2.406,21.9575,4.7419,2.5228,22.6115,7.2647,29.8762
Argentina,2015,4425,0.0904,0.6102,4.0226,4.9718,2.3277,23.9322,4.9718,2.4181,24.7458,7.3899,32.1357
Argentina,2016,4709,0.361,0.6583,3.4402,4.7993,2.8456,24.485,4.948,2.973,25.1646,7.921,33.0856
Argentina,2017,4810,0.2911,0.4158,3.8669,4.4491,2.973,22.6403,4.5322,3.0769,23.4927,7.6091,31.1018
Argentina,2018,5898,0.5426,0.5426,3.7809,4.9847,2.4924,24.1099,5.1204,2.5432,24.7033,7.6636,32.3669
Argentina,2019,5770,0.2253,0.4853,3.5009,4.714,2.8423,23.5702,4.8007,2.9116,24.2981,7.7123,32.0104
Argentina,2020,6454,0.3874,0.7282,4.4469,4.9582,2.8819,25.5965,5.0821,3.0679,26.5882,8.15,34.7382
Argentina,2021,5916,0.2535,0.7099,3.9892,4.7836,3.1609,24.831,4.8513,3.3638,25.5747,8.2151,33.7898
Argentina,2022,6177,0.3723,0.7609,3.594,5.0186,3.2864,24.1541,5.1319,3.3997,25.0121,8.5316,33.5437
Argentina,2023,6238,0.4809,0.8657,3.6871,5.4505,3.0138,25.4889,5.6268,3.2703,26.3065,8.8971,35.2036
Argentina,2024,5634,0.284,0.8342,3.9936,4.4018,3.2659,25.2219,4.4728,3.4079,25.8963,7.8807,33.777
Argentina,2025,4188,0.191,1.2178,4.3935,3.5578,3.8204,28.1996,3.5817,4.1309,29.3935,7.7126,37.1061
Armenia,2010,134,0.0,0.0,2.2388,4.4776,0.0,8.209,4.4776,0.0,9.7015,4.4776,14.1791
Armenia,2011,154,0.6494,0.6494,3.8961,5.8442,1.9481,22.7273,5.8442,1.9481,23.3766,7.7923,31.1689
Armenia,2012,238,0.8403,0.0,3.3613,6.7227,0.0,15.9664,7.1429,0.0,16.3866,7.1429,23.5295
Armenia,2013,257,0.3891,0.0,3.1128,4.2802,0.3891,17.5097,4.6693,0.3891,18.2879,5.0584,23.3463
Armenia,2014,313,0.9585,0.639,5.4313,5.4313,1.278,26.5176,5.4313,1.278,27.1565,6.7093,33.8658
Armenia,2015,271,0.0,0.0,4.797,5.9041,1.107,21.4022,5.9041,1.107,21.4022,7.0111,28.4133
Armenia,2016,345,0.0,0.2899,6.3768,5.7971,1.4493,17.971,5.7971,1.4493,19.1304,7.2464,26.3768
Armenia,2017,389,1.5424,0.5141,3.3419,5.3985,1.5424,19.5373,5.9126,2.0566,20.0514,7.9692,28.0206
Armenia,2018,489,0.818,0.409,4.2945,6.7485,1.0225,19.6319,6.7485,1.0225,20.6544,7.771,28.4254
Armenia,2019,480,0.625,0.0,3.3333,5.4167,1.25,21.4583,5.625,1.25,22.5,6.875,29.375
Armenia,2020,571,0.7005,0.3503,3.1524,7.7058,2.2767,17.1629,7.8809,2.4518,18.5639,10.3327,28.8966
Armenia,2021,516,0.7752,0.969,2.907,7.5581,3.4884,21.7054,7.5581,3.6822,22.093,11.2403,33.3333
Armenia,2022,829,1.93,0.8444,4.3426,10.1327,3.1363,23.0398,10.4946,3.1363,23.8842,13.6309,37.5151
Armenia,2023,956,1.6736,1.569,4.4979,12.6569,4.0795,28.6611,12.8661,4.1841,29.3933,17.0502,46.4435
Armenia,2024,826,1.4528,1.4528,4.1162,8.4746,5.6901,26.3923,8.5956,6.1743,27.1186,14.7699,41.8885
Armenia,2025,553,1.4467,1.6275,5.0633,7.7758,3.7975,31.8264,8.1374,4.1591,32.3689,12.2965,44.6654
Australia,2010,16773,0.787,0.6618,3.762,5.962,2.981,24.7123,6.1229,3.0764,25.2728,9.1993,34.4721
Australia,2011,19412,0.6542,0.613,3.6781,5.2545,2.8178,24.6806,5.3936,2.926,25.237,8.3196,33.5566
Australia,2012,21939,0.6564,0.5515,3.5644,5.3649,2.8123,24.8462,5.4788,2.9035,25.2746,8.3823,33.6569
Australia,2013,26448,0.6276,0.6239,3.7961,5.2329,2.832,25.1172,5.3577,2.9152,25.605,8.2729,33.8779
Australia,2014,32603,0.5828,0.6717,4.0242,5.2357,2.8218,26.0344,5.3216,2.9721,26.6663,8.2937,34.96
Australia,2015,33067,0.6109,0.6925,4.1492,5.2379,2.882,26.6429,5.3558,3.0181,27.2749,8.3739,35.6488
Australia,2016,37639,0.6164,0.7173,4.1818,5.0453,2.9969,26.5071,5.1356,3.1164,27.1819,8.252,35.4339
Australia,2017,38720,0.6095,0.798,4.3414,5.0904,3.1405,26.0046,5.2169,3.3032,26.782,8.5201,35.3021
Australia,2018,44887,0.6839,0.8577,4.2373,5.202,3.2482,26.012,5.3289,3.4331,26.7115,8.762,35.4735
Australia,2019,48134,0.6191,0.8767,4.4064,4.8822,3.4072,26.6153,5.0069,3.5817,27.384,8.5886,35.9726
Australia,2020,52440,0.6178,0.9287,4.5214,4.9237,3.6556,27.4256,5.0534,3.8654,28.2304,8.9188,37.1492
Australia,2021,50550,0.5678,1.0485,4.3778,4.5796,3.8912,27.7428,4.6607,4.0791,28.4194,8.7398,37.1592
Australia,2022,56399,0.5621,1.1756,4.4558,4.7767,4.1916,28.8463,4.8653,4.415,29.4704,9.2803,38.7507
Australia,2023,56512,0.5521,1.2316,4.4504,4.753,4.684,30.0113,4.8361,4.9175,30.62,9.7536,40.3736
Australia,2024,49000,0.4796,1.5163,4.5184,4.3184,5.1429,29.2918,4.4082,5.402,29.9673,9.8102,39.7775
Australia,2025,32824,0.4753,1.4806,4.5302,4.1677,5.4381,30.5508,4.2378,5.6514,31.2058,9.8892,41.095
Austria,2010,3744,0.2137,0.187,3.2585,5.2618,1.5759,22.7297,5.3152,1.6293,23.3173,6.9445,30.2618
Austria,2011,4404,0.4087,0.6358,4.2916,5.6994,2.2934,23.4105,5.8356,2.4296,24.1599,8.2652,32.4251
Austria,2012,5021,0.1992,0.3983,3.2663,5.1583,2.2107,24.5967,5.1783,2.2705,25.3336,7.4488,32.7824
Austria,2013,5728,0.227,0.4539,3.6662,5.7961,2.3918,25.1746,5.9008,2.514,25.8729,8.4148,34.2877
Austria,2014,12364,0.2588,0.2184,2.2808,3.5425,1.375,15.4562,3.6234,1.3992,15.8525,5.0226,20.8751
Austria,2015,7747,0.4002,0.4518,3.5756,5.7958,2.5171,26.2811,5.9636,2.6333,27.004,8.5969,35.6009
Austria,2016,8997,0.389,0.4891,3.9458,5.6686,2.6009,26.5422,5.7352,2.712,27.2091,8.4472,35.6563
Austria,2017,9298,0.4517,0.6668,3.6567,5.6141,2.5489,25.328,5.7217,2.7318,25.8765,8.4535,34.33
Austria,2018,10811,0.4255,0.703,4.1347,5.8551,2.4975,25.0763,5.9384,2.6732,25.8718,8.6116,34.4834
Austria,2019,11783,0.348,0.628,4.0991,5.9577,2.7328,26.5892,6.0596,2.8091,27.336,8.8687,36.2047
Austria,2020,13689,0.4091,0.7232,4.1274,5.9099,3.3311,26.4665,6.0194,3.4699,27.3066,9.4893,36.7959
Austria,2021,13943,0.4662,0.6742,4.002,5.8452,3.1127,26.3143,5.96,3.2346,27.1247,9.1946,36.3193
Austria,2022,15561,0.6041,1.0025,4.5755,6.3556,3.618,27.254,6.4713,3.798,28.0316,10.2693,38.3009
Austria,2023,15627,0.5951,1.1327,4.4986,6.2136,4.0251,27.3117,6.3224,4.2235,28.1564,10.5459,38.7023
Austria,2024,13621,0.6534,1.0719,4.1774,5.8146,4.1847,26.8556,5.9687,4.3829,27.5604,10.3516,37.912
Austria,2025,9258,0.4213,1.1558,3.6725,4.7202,4.353,26.7444,4.9255,4.5798,27.5545,9.5053,37.0598
Azerbaijan,2010,59,0.0,0.0,3.3898,5.0847,0.0,13.5593,5.0847,0.0,13.5593,5.0847,18.644
Azerbaijan,2011,93,0.0,0.0,3.2258,6.4516,1.0753,15.0538,6.4516,1.0753,16.129,7.5269,23.6559
Azerbaijan,2012,93,0.0,0.0,7.5269,7.5269,2.1505,18.2796,7.5269,2.1505,20.4301,9.6774,30.1075
Azerbaijan,2013,123,0.0,0.0,0.813,3.252,0.813,9.7561,3.252,0.813,9.7561,4.065,13.8211
Azerbaijan,2014,179,0.0,1.1173,0.5587,3.352,1.676,13.4078,3.352,1.676,13.4078,5.028,18.4358
Azerbaijan,2015,243,0.823,0.0,2.4691,4.5267,1.2346,18.107,4.5267,1.2346,18.5185,5.7613,24.2798
Azerbaijan,2016,261,0.3831,0.7663,6.5134,4.2146,1.9157,13.7931,4.2146,1.9157,15.7088,6.1303,21.8391
Azerbaijan,2017,344,0.5814,0.2907,3.1977,4.0698,2.3256,16.2791,4.6512,2.3256,16.5698,6.9768,23.5466
Azerbaijan,2018,551,1.4519,0.726,4.3557,5.8076,3.6298,25.2269,5.9891,3.8113,25.4083,9.8004,35.2087
Azerbaijan,2019,675,0.7407,0.5926,4.1481,5.3333,2.6667,22.6667,5.4815,2.6667,23.1111,8.1482,31.2593
Azerbaijan,2020,938,0.8529,0.533,5.3305,7.5693,2.5586,25.1599,7.7825,2.5586,26.3326,10.3411,36.6737
Azerbaijan,2021,760,1.3158,0.6579,4.8684,6.9737,2.8947,23.2895,7.1053,3.0263,24.3421,10.1316,34.4737
Azerbaijan,2022,1124,0.6228,1.0676,3.7367,8.0071,3.2028,23.1317,8.1851,3.7367,24.1993,11.9218,36.1211
Azerbaijan,2023,1418,1.1989,0.7757,4.0197,8.3216,3.6671,25.811,8.6742,4.0197,26.3752,12.6939,39.0691
Azerbaijan,2024,1479,0.5409,0.9466,3.9216,6.2204,4.3272,27.6538,6.288,4.4625,28.1947,10.7505,38.9452
Azerbaijan,2025,1149,0.8703,1.6536,4.4386,4.1775,4.6127,28.4595,4.2646,4.8738,29.678,9.1384,38.8164
Bahamas,2010,10,0.0,0.0,0.0,10.0,10.0,40.0,10.0,10.0,40.0,20.0,60.0
Bahamas,2011,7,0.0,0.0,0.0,0.0,0.0,14.2857,0.0,0.0,14.2857,0.0,14.2857
Bahamas,2012,15,6.6667,0.0,0.0,6.6667,6.6667,26.6667,13.3333,6.6667,26.6667,20.0,46.6667
Bahamas,2013,29,0.0,3.4483,3.4483,3.4483,6.8966,6.8966,3.4483,6.8966,10.3448,10.3449,20.6897
Bahamas,2014,34,0.0,0.0,0.0,8.8235,0.0,20.5882,8.8235,0.0,20.5882,8.8235,29.4117
Bahamas,2015,35,0.0,0.0,2.8571,0.0,0.0,22.8571,0.0,0.0,22.8571,0.0,22.8571
Bahamas,2016,29,3.4483,3.4483,6.8966,6.8966,3.4483,37.931,6.8966,3.4483,41.3793,10.3449,51.7242
Bahamas,2017,35,0.0,0.0,0.0,2.8571,5.7143,37.1429,2.8571,5.7143,37.1429,8.5714,45.7143
Bahamas,2018,54,0.0,0.0,5.5556,3.7037,1.8519,22.2222,3.7037,1.8519,22.2222,5.5556,27.7778
Bahamas,2019,50,0.0,2.0,0.0,4.0,12.0,16.0,4.0,12.0,16.0,16.0,32.0
Bahamas,2020,60,0.0,1.6667,8.3333,6.6667,6.6667,33.3333,6.6667,6.6667,35.0,13.3334,48.3334
Bahamas,2021,82,0.0,0.0,4.878,2.439,1.2195,20.7317,2.439,1.2195,21.9512,3.6585,25.6097
Bahamas,2022,63,1.5873,1.5873,3.1746,3.1746,4.7619,39.6825,3.1746,4.7619,39.6825,7.9365,47.619
Bahamas,2023,80,1.25,0.0,10.0,5.0,1.25,28.75,5.0,1.25,28.75,6.25,35.0
Bahamas,2024,60,0.0,0.0,0.0,3.3333,0.0,18.3333,3.3333,0.0,18.3333,3.3333,21.6666
Bahamas,2025,34,0.0,0.0,5.8824,0.0,2.9412,32.3529,0.0,2.9412,32.3529,2.9412,35.2941
Bahrain,2010,40,0.0,0.0,2.5,5.0,0.0,20.0,5.0,0.0,20.0,5.0,25.0
Bahrain,2011,65,0.0,1.5385,0.0,6.1538,1.5385,20.0,6.1538,1.5385,20.0,7.6923,27.6923
Bahrain,2012,77,1.2987,0.0,3.8961,10.3896,1.2987,25.974,10.3896,1.2987,25.974,11.6883,37.6623
Bahrain,2013,119,0.8403,0.8403,1.6807,9.2437,2.521,23.5294,10.084,2.521,23.5294,12.605,36.1344
Bahrain,2014,143,0.0,0.0,3.4965,5.5944,1.3986,20.979,5.5944,1.3986,20.979,6.993,27.972
Bahrain,2015,103,0.0,0.0,4.8544,8.7379,1.9417,18.4466,8.7379,1.9417,19.4175,10.6796,30.0971
Bahrain,2016,147,0.0,1.3605,4.7619,10.2041,4.0816,31.2925,10.2041,5.4422,31.2925,15.6463,46.9388
Bahrain,2017,211,0.4739,0.0,3.7915,7.109,1.4218,22.7488,7.109,1.4218,23.2227,8.5308,31.7535
Bahrain,2018,313,1.5974,1.5974,2.2364,4.7923,4.1534,24.9201,5.1118,4.4728,24.9201,9.5846,34.5047
Bahrain,2019,405,0.9877,0.7407,3.7037,6.1728,0.9877,23.4568,6.6667,0.9877,24.1975,7.6544,31.8519
Bahrain,2020,477,0.8386,1.0482,2.3061,4.4025,2.935,23.8994,4.8218,3.3543,23.8994,8.1761,32.0755
Bahrain,2021,514,0.5837,1.9455,3.1128,4.6693,4.6693,20.6226,4.6693,5.2529,21.2062,9.9222,31.1284
Bahrain,2022,776,0.3866,1.2887,4.3814,5.4124,3.4794,28.7371,5.4124,4.1237,28.9948,9.5361,38.5309
Bahrain,2023,807,0.2478,1.6109,4.2131,4.8327,5.3284,27.5093,4.8327,5.4523,28.005,10.285,38.29
Bahrain,2024,657,0.6088,1.8265,4.2618,3.5008,5.9361,27.7017,3.5008,6.2405,28.3105,9.7413,38.0518
Bahrain,2025,431,0.464,1.3921,4.8724,3.9443,7.8886,29.2343,3.9443,8.1206,30.1624,12.0649,42.2273
Bangladesh,2010,550,0.0,0.0,2.5455,4.3636,0.3636,18.9091,4.3636,0.3636,19.2727,4.7272,23.9999
Bangladesh,2011,614,0.0,0.1629,1.7915,3.5831,2.2801,21.8241,3.5831,2.2801,21.987,5.8632,27.8502
Bangladesh,2012,1497,0.2672,0.2672,3.006,3.006,1.0688,20.1069,3.0728,1.336,20.4409,4.4088,24.8497
Bangladesh,2013,2157,0.3245,0.1854,2.7816,4.9142,0.9736,19.0542,4.9142,1.0199,19.4715,5.9341,25.4056
Bangladesh,2014,2382,0.6717,0.4198,3.1066,4.6599,2.0991,20.8648,4.8279,2.183,21.5365,7.0109,28.5474
Bangladesh,2015,2273,0.4399,0.176,3.6076,4.5755,1.6278,22.7453,4.7514,1.6278,23.2732,6.3792,29.6524
Bangladesh,2016,2814,0.4264,0.1777,3.2694,5.5082,1.4925,22.3881,5.5437,1.4925,22.779,7.0362,29.8152
Bangladesh,2017,3306,0.3932,0.2722,3.6903,6.1706,1.8451,22.9583,6.2008,1.8451,23.6842,8.0459,31.7301
Bangladesh,2018,4504,0.5551,0.222,3.4636,4.5293,2.1758,22.8242,4.6403,2.2202,23.5346,6.8605,30.3951
Bangladesh,2019,5277,0.5875,0.398,4.0553,5.4576,2.6151,26.246,5.5145,2.6341,26.8713,8.1486,35.0199
Bangladesh,2020,7440,0.7527,0.8065,4.207,5.6855,3.75,28.1452,5.793,3.9113,28.8575,9.7043,38.5618
Bangladesh,2021,6877,0.5235,0.8579,4.2606,5.2494,4.0861,28.5153,5.3221,4.246,29.1115,9.5681,38.6796
Bangladesh,2022,10297,0.5147,0.9809,4.6033,5.1471,4.4479,28.9599,5.2248,4.5936,29.5911,9.8184,39.4095
Bangladesh,2023,9975,0.4712,1.1629,4.0802,4.9023,4.4211,29.4336,4.9524,4.782,30.0251,9.7344,39.7595
Bangladesh,2024,8046,0.3977,1.4169,4.6358,4.002,5.4313,30.1268,4.0517,5.6177,30.8973,9.6694,40.5667
Bangladesh,2025,4445,0.2025,1.5298,4.8369,3.3071,5.2193,34.7132,3.3296,5.6468,35.3206,8.9764,44.297
Barbados,2010,22,0.0,4.5455,9.0909,18.1818,4.5455,18.1818,18.1818,4.5455,27.2727,22.7273,50.0
Barbados,2011,33,3.0303,3.0303,12.1212,6.0606,6.0606,27.2727,9.0909,6.0606,33.3333,15.1515,48.4848
Barbados,2012,32,0.0,0.0,3.125,9.375,0.0,21.875,9.375,0.0,21.875,9.375,31.25
Barbados,2013,31,0.0,0.0,3.2258,6.4516,3.2258,12.9032,6.4516,3.2258,16.129,9.6774,25.8064
Barbados,2014,45,0.0,0.0,2.2222,8.8889,2.2222,24.4444,8.8889,2.2222,24.4444,11.1111,35.5555
Barbados,2015,34,2.9412,0.0,0.0,14.7059,0.0,14.7059,17.6471,0.0,14.7059,17.6471,32.353
Barbados,2016,46,0.0,2.1739,6.5217,2.1739,6.5217,28.2609,2.1739,6.5217,28.2609,8.6956,36.9565
Barbados,2017,45,2.2222,0.0,0.0,6.6667,4.4444,24.4444,6.6667,4.4444,24.4444,11.1111,35.5555
Barbados,2018,51,0.0,1.9608,9.8039,1.9608,7.8431,33.3333,1.9608,9.8039,33.3333,11.7647,45.098
Barbados,2019,63,0.0,0.0,1.5873,6.3492,0.0,41.2698,6.3492,0.0,41.2698,6.3492,47.619
Barbados,2020,83,1.2048,0.0,3.6145,13.253,3.6145,30.1205,13.253,3.6145,30.1205,16.8675,46.988
Barbados,2021,88,0.0,0.0,4.5455,1.1364,1.1364,20.4545,1.1364,1.1364,21.5909,2.2728,23.8637
Barbados,2022,117,0.0,0.0,4.2735,4.2735,5.1282,22.2222,4.2735,5.1282,22.2222,9.4017,31.6239
Barbados,2023,90,0.0,0.0,2.2222,5.5556,6.6667,36.6667,5.5556,6.6667,36.6667,12.2223,48.889
Barbados,2024,99,0.0,2.0202,2.0202,4.0404,4.0404,27.2727,4.0404,5.0505,27.2727,9.0909,36.3636
Barbados,2025,72,0.0,5.5556,6.9444,0.0,11.1111,36.1111,0.0,12.5,37.5,12.5,50.0
Belarus,2010,209,0.0,0.0,4.3062,2.8708,1.4354,19.1388,2.8708,1.4354,20.0957,4.3062,24.4019
Belarus,2011,189,0.0,0.5291,3.7037,3.7037,1.5873,17.4603,3.7037,1.5873,17.4603,5.291,22.7513
Belarus,2012,231,0.0,0.0,3.0303,4.7619,0.0,17.316,4.7619,0.0,18.6147,4.7619,23.3766
Belarus,2013,323,0.3096,0.3096,2.4768,6.8111,0.9288,17.3375,6.8111,0.9288,17.9567,7.7399,25.6966
Belarus,2014,419,0.2387,0.0,1.6706,5.4893,1.432,18.6158,5.4893,1.432,18.8544,6.9213,25.7757
Belarus,2015,358,0.5587,0.0,3.352,5.5866,0.5587,15.9218,6.1453,0.5587,16.2011,6.704,22.9051
Belarus,2016,417,0.9592,0.9592,5.036,6.7146,0.9592,23.741,6.9544,1.199,24.2206,8.1534,32.374
Belarus,2017,545,0.367,0.367,3.8532,6.6055,2.3853,20.5505,6.6055,2.3853,21.6514,8.9908,30.6422
Belarus,2018,902,0.0,0.2217,4.5455,4.9889,1.7738,25.6098,4.9889,1.7738,26.7184,6.7627,33.4811
Belarus,2019,1555,0.5145,0.4502,5.0804,6.045,2.1222,27.074,6.1736,2.3151,27.5884,8.4887,36.0771
Belarus,2020,1694,0.7084,0.2952,4.9587,7.438,2.4793,27.6269,7.6741,2.4793,28.5124,10.1534,38.6658
Belarus,2021,1378,1.016,0.7257,4.6444,7.4746,2.5399,25.4717,7.5472,2.6851,26.6328,10.2323,36.8651
Belarus,2022,1939,0.6189,0.5673,5.2604,6.395,3.0944,27.901,6.4982,3.1975,28.4683,9.6957,38.164
Belarus,2023,1529,0.9156,1.1118,5.4938,7.1288,3.0739,27.9267,7.5213,3.1393,28.5808,10.6606,39.2414
Belarus,2024,1347,0.7424,0.9651,5.4937,7.2754,4.5286,32.1455,7.4981,4.6028,32.6652,12.1009,44.7661
Belarus,2025,946,1.2685,1.1628,5.7082,6.6596,3.6998,29.8097,6.871,3.8055,30.5497,10.6765,41.2262
Belgium,2010,6193,0.872,0.4683,3.6654,6.3782,1.7762,23.2844,6.5073,1.8892,23.9948,8.3965,32.3913
Belgium,2011,11384,0.4568,0.2547,2.5914,3.4874,1.3001,14.3623,3.5664,1.4055,14.9332,4.9719,19.9051
Belgium,2012,8122,0.6525,0.4186,3.4597,6.0084,1.8838,24.2059,6.2054,2.0315,24.7599,8.2369,32.9968
Belgium,2013,8918,0.6392,0.4149,4.3059,5.73,2.2763,26.5867,6.0103,2.366,27.394,8.3763,35.7703
Belgium,2014,11127,0.5392,0.5752,4.2959,5.8596,2.2378,26.8356,6.0124,2.4086,27.5726,8.421,35.9936
Belgium,2015,11642,0.5326,0.335,4.0629,5.4802,2.0873,26.4388,5.5918,2.1474,27.2719,7.7392,35.0111
Belgium,2016,12997,0.6078,0.4616,4.5549,6.2091,2.4467,26.5908,6.3168,2.5544,27.491,8.8712,36.3622
Belgium,2017,13123,0.8001,0.381,4.1454,5.898,2.6137,25.04,6.1343,2.6747,25.9163,8.809,34.7253
Belgium,2018,14747,0.8069,0.5967,4.4416,5.9538,2.4819,25.5306,6.2182,2.6446,26.4122,8.8628,35.275
Belgium,2019,15414,0.8758,0.6488,4.7879,5.8907,2.6924,26.7289,6.0984,2.874,27.7151,8.9724,36.6875
Belgium,2020,17627,0.7942,0.6127,4.4534,5.9511,2.8479,26.4651,6.1553,3.0181,27.2934,9.1734,36.4668
Belgium,2021,17479,0.5778,0.8582,4.2337,5.5152,3.1638,27.0439,5.6468,3.4098,27.8277,9.0566,36.8843
Belgium,2022,18542,0.4692,0.8683,4.8431,5.9379,3.3114,28.2925,6.0242,3.4732,29.1608,9.4974,38.6582
Belgium,2023,18683,0.6637,0.9795,4.464,6.1714,3.9608,29.856,6.3266,4.1535,30.5947,10.4801,41.0748
Belgium,2024,16303,0.552,1.0366,4.2937,5.1463,4.1833,28.3077,5.2628,4.4225,28.9885,9.6853,38.6738
Belgium,2025,11535,0.5375,1.1617,4.5687,4.1612,4.4473,28.5999,4.2739,4.6901,29.4668,8.964,38.4308
Belize,2010,2,0.0,0.0,50.0,0.0,0.0,100.0,0.0,0.0,100.0,0.0,100.0
Belize,2011,2,0.0,0.0,0.0,0.0,0.0,0.0,0.0,0.0,0.0,0.0,0.0
Belize,2012,7,14.2857,0.0,0.0,0.0,0.0,14.2857,14.2857,0.0,14.2857,14.2857,28.5714
Belize,2013,7,0.0,0.0,0.0,0.0,0.0,42.8571,0.0,0.0,42.8571,0.0,42.8571
Belize,2014,16,0.0,0.0,18.75,12.5,0.0,31.25,12.5,0.0,37.5,12.5,50.0
Belize,2015,8,0.0,0.0,0.0,0.0,0.0,37.5,0.0,0.0,37.5,0.0,37.5
Belize,2016,8,0.0,0.0,0.0,12.5,0.0,37.5,12.5,0.0,37.5,12.5,50.0
Belize,2017,14,0.0,0.0,7.1429,0.0,7.1429,42.8571,0.0,7.1429,50.0,7.1429,57.1429
Belize,2018,18,0.0,0.0,22.2222,11.1111,22.2222,27.7778,11.1111,22.2222,38.8889,33.3333,72.2222
Belize,2019,19,0.0,5.2632,5.2632,15.7895,5.2632,42.1053,15.7895,5.2632,42.1053,21.0527,63.158
Belize,2020,40,0.0,2.5,0.0,2.5,2.5,20.0,2.5,5.0,20.0,7.5,27.5
Belize,2021,42,0.0,0.0,2.381,9.5238,4.7619,30.9524,9.5238,4.7619,30.9524,14.2857,45.2381
Belize,2022,36,0.0,5.5556,2.7778,0.0,5.5556,33.3333,0.0,5.5556,33.3333,5.5556,38.8889
Belize,2023,42,0.0,0.0,7.1429,2.381,4.7619,23.8095,2.381,4.7619,26.1905,7.1429,33.3334
Belize,2024,35,0.0,0.0,5.7143,2.8571,2.8571,28.5714,2.8571,2.8571,31.4286,5.7142,37.1428
Belize,2025,40,0.0,2.5,2.5,2.5,7.5,17.5,2.5,7.5,17.5,10.0,27.5
Benin,2010,147,0.6803,0.0,4.0816,2.7211,1.3605,20.4082,2.7211,1.3605,20.4082,4.0816,24.4898
Benin,2011,180,0.5556,0.0,2.7778,3.3333,2.2222,18.3333,3.3333,2.2222,18.3333,5.5555,23.8888
Benin,2012,186,0.5376,0.0,4.3011,6.9892,1.6129,18.8172,6.9892,1.6129,19.3548,8.6021,27.9569
Benin,2013,287,0.6969,0.3484,3.4843,6.2718,2.439,23.3449,6.2718,2.439,23.6934,8.7108,32.4042
Benin,2014,374,0.2674,0.5348,4.2781,4.0107,2.9412,21.9251,4.0107,2.9412,21.9251,6.9519,28.877
Benin,2015,422,0.7109,0.4739,4.5024,5.6872,1.8957,21.09,5.6872,1.8957,22.5118,7.5829,30.0947
Benin,2016,490,0.0,0.2041,3.2653,5.9184,1.4286,22.8571,5.9184,1.4286,23.4694,7.347,30.8164
Benin,2017,587,0.3407,0.6814,2.2147,4.4293,1.8739,20.954,4.4293,2.0443,21.4651,6.4736,27.9387
Benin,2018,663,0.3017,0.6033,6.3348,4.2232,2.1116,25.1885,4.2232,2.5641,26.0935,6.7873,32.8808
Benin,2019,791,0.3793,0.3793,4.6776,4.2984,2.402,23.0088,4.2984,2.402,23.5145,6.7004,30.2149
Benin,2020,1006,0.497,0.0994,5.666,4.175,2.1869,26.5408,4.2744,2.1869,27.336,6.4613,33.7973
Benin,2021,929,0.3229,0.2153,5.5974,4.1981,2.2605,27.5565,4.1981,2.3681,28.4177,6.5662,34.9839
Benin,2022,1261,0.3965,0.6344,5.2339,5.1546,3.2514,30.1348,5.2339,3.2514,30.5313,8.4853,39.0166
Benin,2023,1206,0.4975,0.4975,5.141,5.2239,3.8972,29.602,5.3068,4.063,30.1824,9.3698,39.5522
Benin,2024,861,0.5807,1.2776,5.3426,3.6005,4.2973,28.6876,3.8328,4.6458,29.3844,8.4786,37.863
Benin,2025,409,0.0,1.467,6.1125,2.934,5.868,40.3423,2.934,6.357,41.5648,9.291,50.8558
Bhutan,2010,9,0.0,0.0,0.0,0.0,0.0,22.2222,0.0,0.0,22.2222,0.0,22.2222
Bhutan,2011,21,0.0,0.0,9.5238,0.0,4.7619,23.8095,0.0,4.7619,23.8095,4.7619,28.5714
Bhutan,2012,12,0.0,8.3333,0.0,0.0,16.6667,8.3333,0.0,16.6667,8.3333,16.6667,25.0
Bhutan,2013,20,0.0,0.0,0.0,10.0,5.0,30.0,10.0,5.0,30.0,15.0,45.0
Bhutan,2014,22,0.0,0.0,0.0,0.0,4.5455,9.0909,0.0,4.5455,9.0909,4.5455,13.6364
Bhutan,2015,53,0.0,0.0,0.0,1.8868,3.7736,20.7547,1.8868,3.7736,20.7547,5.6604,26.4151
Bhutan,2016,60,0.0,1.6667,3.3333,5.0,6.6667,21.6667,5.0,6.6667,23.3333,11.6667,35.0
Bhutan,2017,59,0.0,0.0,3.3898,3.3898,1.6949,28.8136,3.3898,1.6949,28.8136,5.0847,33.8983
Bhutan,2018,79,0.0,0.0,1.2658,5.0633,0.0,22.7848,5.0633,0.0,22.7848,5.0633,27.8481
Bhutan,2019,109,2.7523,0.9174,2.7523,7.3394,3.6697,30.2752,8.2569,3.6697,30.2752,11.9266,42.2018
Bhutan,2020,143,0.0,0.6993,4.1958,5.5944,1.3986,27.2727,5.5944,2.0979,27.972,7.6923,35.6643
Bhutan,2021,184,0.5435,0.5435,3.8043,3.2609,3.2609,30.9783,3.8043,3.2609,30.9783,7.0652,38.0435
Bhutan,2022,260,0.0,0.7692,3.4615,5.7692,3.4615,30.3846,5.7692,3.4615,30.3846,9.2307,39.6153
Bhutan,2023,241,0.0,0.4149,4.5643,4.1494,2.4896,33.61,4.1494,2.4896,34.0249,6.639,40.6639
Bhutan,2024,164,0.6098,1.2195,3.6585,6.0976,3.0488,25.0,6.0976,3.0488,25.0,9.1464,34.1464
Bhutan,2025,82,2.439,0.0,7.3171,3.6585,4.878,31.7073,4.878,4.878,31.7073,9.756,41.4633
Bolivia,2010,43,0.0,0.0,0.0,2.3256,2.3256,20.9302,2.3256,2.3256,20.9302,4.6512,25.5814
Bolivia,2011,36,0.0,0.0,13.8889,5.5556,2.7778,27.7778,5.5556,2.7778,30.5556,8.3334,38.889
Bolivia,2012,43,0.0,0.0,2.3256,2.3256,2.3256,30.2326,2.3256,2.3256,30.2326,4.6512,34.8838
Bolivia,2013,70,0.0,0.0,0.0,8.5714,7.1429,30.0,8.5714,7.1429,30.0,15.7143,45.7143
Bolivia,2014,92,0.0,1.087,1.087,6.5217,5.4348,35.8696,6.5217,5.4348,35.8696,11.9565,47.8261
Bolivia,2015,91,0.0,0.0,1.0989,1.0989,2.1978,21.978,1.0989,2.1978,21.978,3.2967,25.2747
Bolivia,2016,128,0.0,1.5625,3.9062,0.7812,2.3438,25.0,0.7812,2.3438,26.5625,3.125,29.6875
Bolivia,2017,127,0.0,0.0,6.2992,4.7244,0.7874,29.9213,4.7244,0.7874,30.7087,5.5118,36.2205
Bolivia,2018,164,1.8293,1.2195,4.2683,6.0976,3.6585,31.7073,6.7073,3.6585,31.7073,10.3658,42.0731
Bolivia,2019,194,0.0,0.0,2.5773,3.6082,2.0619,19.5876,3.6082,2.0619,20.6186,5.6701,26.2887
Bolivia,2020,207,0.0,0.4831,1.9324,2.8986,2.4155,32.8502,2.8986,2.8986,32.8502,5.7972,38.6474
Bolivia,2021,195,0.0,0.5128,8.2051,6.1538,2.5641,28.2051,6.1538,3.0769,31.2821,9.2307,40.5128
Bolivia,2022,241,0.0,0.8299,3.7344,2.4896,3.7344,29.8755,2.4896,3.7344,30.2905,6.224,36.5145
Bolivia,2023,231,0.4329,1.2987,3.0303,4.329,4.329,26.8398,4.329,4.329,28.5714,8.658,37.2294
Bolivia,2024,250,0.4,3.6,4.0,5.2,6.0,28.0,5.2,6.4,28.8,11.6,40.4
Bolivia,2025,191,0.0,0.5236,5.7592,6.2827,3.6649,29.8429,6.2827,3.6649,30.8901,9.9476,40.8377
Bosnia and Herzegovina,2010,133,5.2632,2.2556,1.5038,12.0301,3.7594,22.5564,12.0301,3.7594,22.5564,15.7895,38.3459
Bosnia and Herzegovina,2011,117,2.5641,0.8547,1.7094,7.6923,4.2735,24.7863,8.547,4.2735,24.7863,12.8205,37.6068
Bosnia and Herzegovina,2012,166,0.0,0.6024,1.8072,11.4458,1.8072,17.4699,11.4458,1.8072,17.4699,13.253,30.7229
Bosnia and Herzegovina,2013,201,0.995,0.4975,0.995,7.9602,2.9851,18.9055,7.9602,2.9851,19.9005,10.9453,30.8458
Bosnia and Herzegovina,2014,251,0.7968,0.3984,4.3825,9.1633,2.3904,20.3187,9.1633,2.3904,20.3187,11.5537,31.8724
Bosnia and Herzegovina,2015,206,0.9709,0.9709,2.4272,8.7379,1.9417,22.3301,8.7379,1.9417,23.7864,10.6796,34.466
Bosnia and Herzegovina,2016,330,0.6061,0.303,3.9394,8.7879,2.7273,20.9091,8.7879,2.7273,21.2121,11.5152,32.7273
Bosnia and Herzegovina,2017,416,1.4423,0.4808,4.0865,11.2981,2.4038,25.2404,11.5385,2.4038,26.4423,13.9423,40.3846
Bosnia and Herzegovina,2018,543,0.7366,0.7366,3.1308,7.3665,3.6832,22.0994,7.3665,3.6832,23.0203,11.0497,34.07
Bosnia and Herzegovina,2019,527,0.9488,0.5693,3.7951,9.1082,1.7078,25.2372,9.2979,1.7078,25.4269,11.0057,36.4326
Bosnia and Herzegovina,2020,718,0.5571,1.3928,3.3426,10.4457,4.1783,25.6267,10.4457,4.1783,25.9053,14.624,40.5293
Bosnia and Herzegovina,2021,686,1.0204,1.312,2.1866,10.3499,4.519,23.9067,10.6414,4.8105,24.1983,15.4519,39.6502
Bosnia and Herzegovina,2022,896,0.7813,1.2277,4.0179,7.1429,4.1295,26.3393,7.3661,4.1295,26.6741,11.4956,38.1697
Bosnia and Herzegovina,2023,985,0.9137,0.9137,3.9594,9.0355,3.6548,25.0761,9.0355,3.8579,25.4822,12.8934,38.3756
Bosnia and Herzegovina,2024,785,1.1465,1.4013,5.6051,5.9873,4.9682,23.8217,6.3694,5.2229,24.7134,11.5923,36.3057
Bosnia and Herzegovina,2025,486,1.8519,1.8519,4.321,7.4074,4.7325,27.9835,8.2305,5.3498,28.3951,13.5803,41.9754
Botswana,2010,78,0.0,1.2821,3.8462,7.6923,3.8462,25.641,7.6923,3.8462,25.641,11.5385,37.1795
Botswana,2011,117,0.8547,0.0,2.5641,5.9829,2.5641,23.0769,5.9829,2.5641,23.0769,8.547,31.6239
Botswana,2012,125,0.0,0.8,4.0,8.8,3.2,25.6,8.8,4.0,25.6,12.8,38.4
Botswana,2013,203,0.4926,0.4926,2.4631,5.4187,2.9557,27.0936,5.9113,3.4483,27.0936,9.3596,36.4532
Botswana,2014,199,2.0101,0.0,6.0302,10.0503,2.5126,32.6633,10.0503,2.5126,34.1709,12.5629,46.7338
Botswana,2015,194,0.5155,0.5155,5.6701,8.7629,2.0619,25.7732,9.2784,2.0619,25.7732,11.3403,37.1135
Botswana,2016,278,1.0791,0.7194,4.6763,6.1151,3.9568,26.9784,6.1151,4.3165,27.6978,10.4316,38.1294
Botswana,2017,283,0.7067,0.7067,4.947,7.7739,2.8269,29.682,7.7739,3.1802,30.0353,10.9541,40.9894
Botswana,2018,342,0.5848,0.8772,4.6784,7.0175,3.2164,24.269,7.0175,3.8012,25.4386,10.8187,36.2573
Botswana,2019,367,0.0,1.9074,5.1771,4.0872,3.8147,25.8856,4.0872,4.3597,26.4305,8.4469,34.8774
Botswana,2020,444,0.6757,0.4505,6.0811,5.6306,4.0541,29.5045,5.6306,4.0541,30.1802,9.6847,39.8649
Botswana,2021,372,0.5376,0.5376,4.8387,2.957,3.2258,26.8817,2.957,3.2258,28.2258,6.1828,34.4086
Botswana,2022,469,0.2132,0.6397,5.3305,4.2644,4.4776,28.7846,4.2644,4.6908,29.2111,8.9552,38.1663
Botswana,2023,563,0.0,0.5329,4.9734,4.9734,3.1972,31.4387,4.9734,3.3748,31.6163,8.3482,39.9645
Botswana,2024,454,0.2203,1.7621,6.6079,5.9471,2.8634,29.9559,6.1674,3.9648,30.837,10.1322,40.9692
Botswana,2025,236,0.0,2.9661,8.0508,5.0847,6.7797,38.1356,5.0847,8.0508,39.8305,13.1355,52.966
Brazil,2010,9374,0.1173,0.224,3.147,3.9258,1.8029,19.5221,3.9578,1.8562,20.0128,5.814,25.8268
Brazil,2011,11195,0.2501,0.393,3.6713,3.7874,2.1974,20.2144,3.8589,2.2957,20.8129,6.1546,26.9675
Brazil,2012,13445,0.1562,0.3644,3.161,3.9717,2.0305,21.1157,4.0312,2.0677,21.6437,6.0989,27.7426
Brazil,2013,15551,0.1543,0.3215,3.2024,4.0898,1.987,20.8733,4.1219,2.1028,21.5549,6.2247,27.7796
Brazil,2014,18592,0.1721,0.4518,3.5768,4.4643,2.3397,22.0202,4.5288,2.3935,22.6226,6.9223,29.5449
Brazil,2015,19385,0.3147,0.423,4.0547,4.1269,2.1047,22.6515,4.2301,2.1924,23.3222,6.4225,29.7447
Brazil,2016,22481,0.2224,0.4181,3.6831,3.9633,2.3309,22.6947,4.0212,2.4376,23.3575,6.4588,29.8163
Brazil,2017,23766,0.244,0.3955,3.7154,4.1151,1.965,22.1409,4.1572,2.087,22.8267,6.2442,29.0709
Brazil,2018,29150,0.2196,0.4597,4.0034,4.3225,2.0,22.3362,4.3705,2.1304,23.0943,6.5009,29.5952
Brazil,2019,30699,0.2085,0.4886,3.961,4.2021,2.062,22.9193,4.2575,2.1857,23.7532,6.4432,30.1964
Brazil,2020,34533,0.2606,0.5676,4.0831,4.3495,2.4238,23.8236,4.4363,2.5512,24.6894,6.9875,31.6769
Brazil,2021,32984,0.2698,0.6367,4.1748,4.4992,2.6892,25.3062,4.5598,2.8802,26.1551,7.44,33.5951
Brazil,2022,34524,0.3765,0.7183,4.2087,4.6953,2.7025,25.2839,4.8054,2.8994,26.1818,7.7048,33.8866
Brazil,2023,33509,0.3611,0.767,4.0616,4.4943,3.1454,26.2914,4.5898,3.3842,27.139,7.974,35.113
Brazil,2024,30394,0.2994,0.8258,4.2015,3.7606,3.3921,26.1696,3.8856,3.5566,27.0678,7.4422,34.51
Brazil,2025,22702,0.185,0.9515,4.1758,2.8676,3.5812,28.1781,2.916,3.8499,29.1825,6.7659,35.9484
Brunei,2010,33,0.0,0.0,3.0303,9.0909,0.0,21.2121,9.0909,0.0,21.2121,9.0909,30.303
Brunei,2011,42,0.0,0.0,2.381,0.0,0.0,21.4286,0.0,0.0,21.4286,0.0,21.4286
Brunei,2012,55,0.0,0.0,1.8182,5.4545,0.0,27.2727,5.4545,0.0,27.2727,5.4545,32.7272
Brunei,2013,69,1.4493,2.8986,7.2464,4.3478,5.7971,14.4928,4.3478,5.7971,18.8406,10.1449,28.9855
Brunei,2014,112,0.0,0.8929,5.3571,4.4643,0.8929,21.4286,4.4643,0.8929,23.2143,5.3572,28.5715
Brunei,2015,133,0.7519,0.7519,3.7594,4.5113,2.2556,24.0602,4.5113,2.2556,24.812,6.7669,31.5789
Brunei,2016,150,0.0,0.6667,1.3333,3.3333,4.0,26.0,3.3333,4.0,26.0,7.3333,33.3333
Brunei,2017,167,0.0,0.0,5.3892,5.988,1.7964,26.9461,5.988,1.7964,27.5449,7.7844,35.3293
Brunei,2018,236,0.0,1.2712,3.3898,3.3898,5.5085,22.4576,3.3898,5.5085,22.8814,8.8983,31.7797
Brunei,2019,241,2.4896,0.4149,2.4896,7.0539,1.6598,21.9917,7.0539,2.0747,21.9917,9.1286,31.1203
Brunei,2020,317,0.0,0.6309,4.1009,5.3628,3.47,27.1293,5.3628,3.47,27.4448,8.8328,36.2776
Brunei,2021,382,0.0,0.7853,3.9267,3.1414,2.0942,28.0105,3.1414,2.0942,28.7958,5.2356,34.0314
Brunei,2022,671,0.4471,1.7884,4.918,5.5142,4.3219,27.7198,5.5142,4.769,28.9121,10.2832,39.1953
Brunei,2023,652,0.4601,1.3804,3.3742,4.4479,4.2945,26.5337,4.4479,4.4479,27.3006,8.8958,36.1964
Brunei,2024,429,0.9324,1.6317,5.1282,4.1958,5.8275,27.5058,4.1958,5.8275,27.972,10.0233,37.9953
Brunei,2025,209,0.0,1.9139,1.4354,2.3923,6.6986,28.7081,2.3923,6.6986,28.7081,9.0909,37.799
Bulgaria,2010,546,0.9158,0.1832,3.4799,6.9597,1.2821,19.5971,6.9597,1.2821,20.3297,8.2418,28.5715
Bulgaria,2011,562,0.1779,0.7117,2.669,4.8043,1.0676,15.4804,4.8043,1.0676,15.8363,5.8719,21.7082
Bulgaria,2012,735,0.4082,0.0,2.8571,4.3537,0.6803,20.2721,4.3537,0.6803,20.9524,5.034,25.9864
Bulgaria,2013,765,0.2614,0.2614,3.5294,5.4902,1.6993,20.2614,5.4902,1.6993,20.7843,7.1895,27.9738
Bulgaria,2014,1207,0.3314,0.3314,3.1483,4.4739,1.3256,21.6239,4.4739,1.4085,22.2038,5.8824,28.0862
Bulgaria,2015,1017,0.0983,0.3933,4.2281,6.293,0.7866,22.8122,6.293,1.1799,23.6971,7.4729,31.17
Bulgaria,2016,1288,0.6211,0.1553,3.4938,6.0559,2.6398,24.3012,6.1335,2.6398,24.6118,8.7733,33.3851
Bulgaria,2017,1276,0.7837,0.3918,3.1348,6.4263,2.116,20.3762,6.7398,2.1944,20.8464,8.9342,29.7806
Bulgaria,2018,1774,1.4656,0.451,3.2694,7.3844,3.044,24.1826,7.6099,3.1567,24.8027,10.7666,35.5693
Bulgaria,2019,1902,0.8938,0.3155,4.1009,6.8875,2.4185,23.5542,6.9401,2.4711,24.2902,9.4112,33.7014
Bulgaria,2020,2381,0.588,0.546,3.5699,7.7278,2.5199,24.1915,7.8538,2.6039,24.5695,10.4577,35.0272
Bulgaria,2021,2305,0.6941,0.6508,3.5141,6.8547,3.2538,24.9024,7.0282,3.4273,25.6833,10.4555,36.1388
Bulgaria,2022,3010,0.598,0.7973,4.2857,6.8771,2.99,25.6146,6.9103,3.0897,26.3123,10.0,36.3123
Bulgaria,2023,3530,1.0765,0.5949,4.4759,6.4589,3.1445,26.1473,6.6572,3.2295,26.8839,9.8867,36.7706
Bulgaria,2024,3009,0.7644,1.7946,4.1542,6.3809,4.5862,25.6231,6.4806,4.8189,26.2546,11.2995,37.5541
Bulgaria,2025,1964,0.5092,1.2729,3.8187,5.3971,5.499,28.4623,5.499,5.8045,29.2261,11.3035,40.5296
Burkina Faso,2010,48,0.0,0.0,8.3333,4.1667,0.0,27.0833,4.1667,0.0,27.0833,4.1667,31.25
Burkina Faso,2011,47,0.0,0.0,6.383,2.1277,0.0,23.4043,2.1277,0.0,25.5319,2.1277,27.6596
Burkina Faso,2012,70,0.0,0.0,11.4286,5.7143,4.2857,27.1429,5.7143,4.2857,27.1429,10.0,37.1429
Burkina Faso,2013,75,0.0,0.0,12.0,4.0,1.3333,33.3333,4.0,1.3333,34.6667,5.3333,40.0
Burkina Faso,2014,126,0.7937,0.0,6.3492,6.3492,5.5556,26.1905,7.1429,5.5556,26.1905,12.6985,38.889
Burkina Faso,2015,177,0.0,0.565,7.9096,5.0847,2.2599,31.6384,5.0847,2.2599,33.3333,7.3446,40.6779
Burkina Faso,2016,195,1.0256,0.5128,9.2308,6.1538,3.0769,29.7436,6.1538,3.0769,31.2821,9.2307,40.5128
Burkina Faso,2017,202,0.9901,0.0,8.4158,8.4158,1.9802,33.6634,8.4158,1.9802,34.1584,10.396,44.5544
Burkina Faso,2018,308,0.0,0.6494,6.8182,3.2468,1.2987,31.4935,3.2468,1.9481,32.4675,5.1949,37.6624
Burkina Faso,2019,349,0.5731,0.2865,6.0172,2.5788,2.5788,27.5072,2.5788,2.5788,28.0802,5.1576,33.2378
Burkina Faso,2020,426,0.4695,0.7042,6.5728,5.8685,0.939,30.5164,6.1033,1.6432,31.2207,7.7465,38.9672
Burkina Faso,2021,388,0.5155,0.2577,7.2165,5.4124,2.8351,33.2474,5.6701,3.0928,33.7629,8.7629,42.5258
Burkina Faso,2022,573,0.1745,1.5707,6.8063,3.6649,1.7452,32.4607,3.6649,2.6178,33.5079,6.2827,39.7906
Burkina Faso,2023,667,0.2999,0.1499,7.3463,4.3478,2.9985,31.4843,4.3478,2.9985,32.2339,7.3463,39.5802
Burkina Faso,2024,610,0.4918,0.4918,5.4098,4.2623,3.6066,30.4918,4.5902,3.7705,30.9836,8.3607,39.3443
Burkina Faso,2025,403,0.2481,0.4963,5.2109,5.2109,4.2184,34.2432,5.2109,4.2184,34.7395,9.4293,44.1688
Burundi,2010,7,0.0,0.0,28.5714,0.0,0.0,57.1429,0.0,0.0,57.1429,0.0,57.1429
Burundi,2011,3,0.0,0.0,0.0,33.3333,0.0,33.3333,33.3333,0.0,33.3333,33.3333,66.6666
Burundi,2012,5,0.0,0.0,0.0,0.0,0.0,20.0,0.0,0.0,20.0,0.0,20.0
Burundi,2013,7,0.0,0.0,0.0,14.2857,0.0,28.5714,14.2857,0.0,28.5714,14.2857,42.8571
Burundi,2014,20,0.0,0.0,10.0,10.0,5.0,45.0,10.0,5.0,50.0,15.0,65.0
Burundi,2015,14,21.4286,7.1429,28.5714,28.5714,28.5714,57.1429,28.5714,28.5714,57.1429,57.1428,114.2857
Burundi,2016,15,0.0,0.0,6.6667,0.0,6.6667,20.0,0.0,6.6667,20.0,6.6667,26.6667
Burundi,2017,27,3.7037,0.0,11.1111,18.5185,14.8148,44.4444,18.5185,14.8148,48.1481,33.3333,81.4814
Burundi,2018,43,2.3256,2.3256,4.6512,9.3023,2.3256,25.5814,9.3023,2.3256,25.5814,11.6279,37.2093
Burundi,2019,51,0.0,0.0,7.8431,5.8824,1.9608,31.3725,5.8824,1.9608,31.3725,7.8432,39.2157
Burundi,2020,75,0.0,1.3333,8.0,10.6667,6.6667,28.0,10.6667,6.6667,28.0,17.3334,45.3334
Burundi,2021,52,0.0,3.8462,3.8462,5.7692,5.7692,34.6154,5.7692,5.7692,34.6154,11.5384,46.1538
Burundi,2022,96,1.0417,0.0,5.2083,8.3333,0.0,20.8333,8.3333,0.0,20.8333,8.3333,29.1666
Burundi,2023,106,1.8868,0.9434,8.4906,8.4906,5.6604,38.6792,8.4906,5.6604,39.6226,14.151,53.7736
Burundi,2024,79,1.2658,2.5316,5.0633,6.3291,7.5949,34.1772,6.3291,10.1266,34.1772,16.4557,50.6329
Burundi,2025,50,0.0,0.0,2.0,6.0,2.0,42.0,6.0,2.0,42.0,8.0,50.0
Cambodia,2010,28,0.0,0.0,3.5714,0.0,0.0,35.7143,0.0,0.0,35.7143,0.0,35.7143
Cambodia,2011,37,0.0,0.0,8.1081,2.7027,2.7027,48.6486,2.7027,2.7027,48.6486,5.4054,54.054
Cambodia,2012,50,0.0,0.0,10.0,2.0,2.0,30.0,2.0,2.0,30.0,4.0,34.0
Cambodia,2013,67,1.4925,0.0,10.4478,5.9701,0.0,37.3134,5.9701,0.0,37.3134,5.9701,43.2835
Cambodia,2014,126,0.0,0.0,3.9683,5.5556,6.3492,34.127,5.5556,6.3492,34.127,11.9048,46.0318
Cambodia,2015,142,0.7042,0.7042,8.4507,5.6338,2.8169,32.3944,5.6338,3.5211,33.0986,9.1549,42.2535
Cambodia,2016,177,0.0,1.1299,5.0847,6.2147,2.2599,31.6384,6.2147,2.2599,31.6384,8.4746,40.113
Cambodia,2017,165,0.6061,0.0,5.4545,4.8485,4.8485,29.0909,5.4545,4.8485,29.697,10.303,40.0
Cambodia,2018,224,0.0,1.3393,6.25,2.6786,2.6786,29.4643,2.6786,3.125,30.3571,5.8036,36.1607
Cambodia,2019,243,0.4115,0.823,6.1728,5.7613,4.9383,28.8066,5.7613,4.9383,29.6296,10.6996,40.3292
Cambodia,2020,257,0.0,0.3891,6.6148,6.2257,5.8366,35.4086,6.2257,5.8366,35.7977,12.0623,47.86
Cambodia,2021,264,0.3788,0.3788,8.3333,4.9242,2.2727,30.303,5.303,2.2727,31.4394,7.5757,39.0151
Cambodia,2022,412,0.9709,0.7282,5.5825,3.8835,3.8835,24.5146,4.1262,3.8835,25.9709,8.0097,33.9806
Cambodia,2023,438,0.9132,0.6849,5.7078,6.3927,4.5662,35.1598,6.621,4.7945,36.0731,11.4155,47.4886
Cambodia,2024,407,0.4914,1.7199,5.1597,3.1941,6.8796,30.9582,3.4398,6.8796,31.6953,10.3194,42.0147
Cambodia,2025,228,0.0,0.0,5.2632,3.9474,5.7018,39.0351,3.9474,5.7018,39.4737,9.6492,49.1229
Cameroon,2010,128,0.0,0.7812,3.125,3.9063,0.7812,17.9688,3.9063,0.7812,18.75,4.6875,23.4375
Cameroon,2011,174,0.0,0.0,4.5977,5.1724,0.5747,20.6897,5.1724,0.5747,21.8391,5.7471,27.5862
Cameroon,2012,186,0.5376,0.5376,5.3763,6.9892,2.1505,27.4194,7.5269,2.1505,28.4946,9.6774,38.172
Cameroon,2013,301,0.9967,0.0,4.3189,6.6445,1.9934,26.5781,6.9767,1.9934,26.9103,8.9701,35.8804
Cameroon,2014,495,0.6061,0.404,4.0404,6.0606,1.6162,21.0101,6.0606,1.6162,21.8182,7.6768,29.495
Cameroon,2015,495,0.8081,0.6061,5.0505,6.4646,1.2121,25.4545,6.6667,1.4141,26.4646,8.0808,34.5454
Cameroon,2016,523,0.0,0.7648,5.1625,5.7361,3.4417,27.3423,5.7361,3.4417,27.7247,9.1778,36.9025
Cameroon,2017,689,0.8708,0.8708,5.0798,7.2569,3.193,26.27,7.402,3.3382,26.8505,10.7402,37.5907
Cameroon,2018,861,0.6969,0.9292,4.5296,5.6911,2.5552,25.4355,5.8072,2.6713,26.0163,8.4785,34.4948
Cameroon,2019,1115,0.6278,1.0762,7.3543,6.3677,2.7803,27.713,6.4574,3.3184,29.148,9.7758,38.9238
Cameroon,2020,1469,0.4765,0.4084,6.6031,6.3989,1.9061,27.3656,6.3989,1.9741,28.4547,8.373,36.8277
Cameroon,2021,1282,0.546,0.468,5.6162,4.4462,3.1201,30.2652,4.6022,3.1201,31.1232,7.7223,38.8455
Cameroon,2022,1686,0.5338,0.4745,6.8209,6.7023,2.9063,30.8422,6.7616,3.0842,31.7319,9.8458,41.5777
Cameroon,2023,1978,1.2639,0.2528,6.0667,6.1678,3.4378,32.2548,6.3195,3.4884,32.7098,9.8079,42.5177
Cameroon,2024,1621,0.4318,0.9254,6.971,5.182,4.1949,33.2511,5.3054,4.38,34.1147,9.6854,43.8001
Cameroon,2025,818,0.3667,0.8557,7.7017,3.7897,3.912,37.8973,3.912,4.1565,38.8753,8.0685,46.9438
Canada,2010,24532,0.4729,0.5666,3.8684,5.4215,2.617,25.8601,5.5071,2.6904,26.3941,8.1975,34.5916
Canada,2011,26848,0.4693,0.5103,4.1828,5.3151,2.4359,25.6295,5.4045,2.5179,26.2329,7.9224,34.1553
Canada,2012,30215,0.5196,0.5759,4.1139,5.4708,2.598,26.7781,5.6065,2.704,27.3209,8.3105,35.6314
Canada,2013,33012,0.4877,0.6573,4.1076,5.4495,2.8202,25.9421,5.5374,2.9292,26.6418,8.4666,35.1084
Canada,2014,38575,0.5237,0.6766,4.4226,5.4725,2.8153,27.1393,5.5554,2.9423,27.7071,8.4977,36.2048
Canada,2015,38677,0.4576,0.6024,4.3023,5.1503,2.8415,26.8402,5.2357,2.9656,27.4659,8.2013,35.6672
Canada,2016,42050,0.5375,0.673,4.3115,5.1201,3.1106,27.679,5.2247,3.2556,28.3329,8.4803,36.8132
Canada,2017,43534,0.5559,0.7419,4.3139,5.1041,3.0,26.152,5.1913,3.1883,26.9468,8.3796,35.3264
Canada,2018,51322,0.5865,0.7794,4.2691,5.3564,3.1332,26.5929,5.4674,3.289,27.2573,8.7564,36.0137
Canada,2019,52695,0.5048,0.7781,4.2774,4.9284,3.1388,26.8792,5.046,3.2792,27.6003,8.3252,35.9255
Canada,2020,57974,0.5002,1.0039,4.54,4.9919,3.869,27.3433,5.1109,4.057,28.0798,9.1679,37.2477
Canada,2021,55802,0.4641,1.0197,4.6217,4.7973,3.9819,27.5958,4.8798,4.1629,28.3251,9.0427,37.3678
Canada,2022,61578,0.4921,1.0604,4.4708,4.8914,4.133,28.3462,4.9791,4.3311,29.0672,9.3102,38.3774
Canada,2023,60473,0.5457,1.1757,4.655,4.9989,4.569,29.5702,5.1345,4.8104,30.2681,9.9449,40.213
Canada,2024,53098,0.501,1.3183,4.3599,4.5049,5.0661,28.6376,4.5972,5.2902,29.3137,9.8874,39.2011
Canada,2025,38634,0.4245,1.4159,4.2527,3.9809,5.4719,29.7769,4.0586,5.7203,30.4447,9.7789,40.2236
Cape Verde,2010,1,0.0,0.0,100.0,0.0,0.0,100.0,0.0,0.0,100.0,0.0,100.0
Cape Verde,2011,4,0.0,0.0,50.0,0.0,0.0,50.0,0.0,0.0,50.0,0.0,50.0
Cape Verde,2012,4,0.0,0.0,0.0,0.0,0.0,75.0,0.0,0.0,75.0,0.0,75.0
Cape Verde,2013,9,0.0,11.1111,0.0,11.1111,0.0,55.5556,11.1111,11.1111,55.5556,22.2222,77.7778
Cape Verde,2014,15,0.0,0.0,6.6667,13.3333,6.6667,33.3333,13.3333,6.6667,33.3333,20.0,53.3333
Cape Verde,2015,6,0.0,0.0,0.0,0.0,0.0,16.6667,0.0,0.0,16.6667,0.0,16.6667
Cape Verde,2016,12,0.0,0.0,0.0,16.6667,0.0,16.6667,16.6667,0.0,16.6667,16.6667,33.3334
Cape Verde,2017,12,0.0,0.0,8.3333,16.6667,0.0,33.3333,16.6667,0.0,33.3333,16.6667,50.0
Cape Verde,2018,14,0.0,0.0,0.0,7.1429,0.0,21.4286,7.1429,0.0,21.4286,7.1429,28.5715
Cape Verde,2019,18,0.0,0.0,0.0,11.1111,5.5556,22.2222,11.1111,5.5556,22.2222,16.6667,38.8889
Cape Verde,2020,25,0.0,0.0,8.0,0.0,4.0,32.0,0.0,4.0,32.0,4.0,36.0
Cape Verde,2021,25,0.0,0.0,0.0,12.0,8.0,40.0,12.0,8.0,40.0,20.0,60.0
Cape Verde,2022,28,3.5714,0.0,7.1429,10.7143,3.5714,35.7143,10.7143,3.5714,35.7143,14.2857,50.0
Cape Verde,2023,33,0.0,0.0,0.0,9.0909,0.0,30.303,9.0909,0.0,30.303,9.0909,39.3939
Cape Verde,2024,28,0.0,0.0,10.7143,0.0,3.5714,28.5714,0.0,3.5714,28.5714,3.5714,32.1428
Cape Verde,2025,15,0.0,0.0,6.6667,0.0,6.6667,33.3333,0.0,6.6667,33.3333,6.6667,40.0
Caribbean,2010,124,0.8065,0.8065,4.8387,7.2581,2.4194,21.7742,8.0645,2.4194,23.3871,10.4839,33.871
Caribbean,2011,138,0.7246,0.0,5.0725,5.7971,0.7246,15.942,6.5217,0.7246,18.1159,7.2463,25.3622
Caribbean,2012,178,1.6854,1.1236,6.1798,8.427,3.3708,27.5281,8.427,3.3708,28.0899,11.7978,39.8877
Caribbean,2013,188,0.5319,1.5957,3.1915,4.2553,2.6596,19.6809,4.2553,2.6596,20.7447,6.9149,27.6596
Caribbean,2014,231,0.8658,0.8658,1.7316,5.6277,1.7316,22.5108,5.6277,1.7316,22.5108,7.3593,29.8701
Caribbean,2015,243,0.823,0.0,2.0576,5.3498,2.0576,22.6337,5.7613,2.0576,22.6337,7.8189,30.4526
Caribbean,2016,269,1.487,1.1152,3.3457,6.3197,3.3457,25.2788,6.3197,3.7175,25.6506,10.0372,35.6878
Caribbean,2017,310,0.9677,0.6452,4.8387,4.1935,2.9032,23.5484,4.1935,2.9032,25.1613,7.0967,32.258
Caribbean,2018,298,1.0067,0.6711,6.0403,5.7047,4.3624,21.4765,5.7047,4.698,22.4832,10.4027,32.8859
Caribbean,2019,342,0.2924,0.5848,3.8012,7.3099,3.5088,27.7778,7.6023,3.8012,28.655,11.4035,40.0585
Caribbean,2020,382,0.2618,0.7853,4.712,5.4974,3.9267,25.9162,5.4974,3.9267,27.2251,9.4241,36.6492
Caribbean,2021,303,0.33,0.33,4.6205,5.2805,3.9604,21.7822,5.2805,3.9604,23.1023,9.2409,32.3432
Caribbean,2022,347,0.2882,0.5764,4.8991,4.611,5.4755,25.072,4.611,5.4755,25.6484,10.0865,35.7349
Caribbean,2023,393,0.0,1.5267,4.0712,7.1247,4.8346,31.5522,7.1247,5.598,32.3155,12.7227,45.0382
Caribbean,2024,252,1.1905,1.5873,3.9683,3.5714,4.3651,23.0159,3.9683,4.7619,23.8095,8.7302,32.5397
Caribbean,2025,170,1.1765,2.9412,8.8235,2.9412,6.4706,34.7059,4.1176,6.4706,35.2941,10.5882,45.8823
Central African Republic,2010,2,0.0,0.0,100.0,0.0,0.0,100.0,0.0,0.0,100.0,0.0,100.0
Central African Republic,2011,6,0.0,0.0,0.0,16.6667,0.0,0.0,16.6667,0.0,0.0,16.6667,16.6667
Central African Republic,2012,3,0.0,0.0,0.0,33.3333,0.0,33.3333,33.3333,0.0,33.3333,33.3333,66.6666
Central African Republic,2013,4,0.0,0.0,25.0,0.0,0.0,25.0,0.0,0.0,25.0,0.0,25.0
Central African Republic,2014,18,0.0,0.0,11.1111,11.1111,0.0,50.0,11.1111,0.0,50.0,11.1111,61.1111
Central African Republic,2015,11,0.0,9.0909,9.0909,0.0,0.0,45.4545,0.0,9.0909,45.4545,9.0909,54.5454
Central African Republic,2016,17,0.0,0.0,0.0,0.0,0.0,52.9412,0.0,0.0,52.9412,0.0,52.9412
Central African Republic,2017,12,0.0,0.0,0.0,8.3333,0.0,0.0,8.3333,0.0,0.0,8.3333,8.3333
Central African Republic,2018,27,0.0,0.0,11.1111,0.0,0.0,25.9259,0.0,0.0,25.9259,0.0,25.9259
Central African Republic,2019,24,0.0,0.0,4.1667,8.3333,4.1667,12.5,8.3333,4.1667,12.5,12.5,25.0
Central African Republic,2020,31,3.2258,0.0,3.2258,12.9032,6.4516,35.4839,16.129,6.4516,35.4839,22.5806,58.0645
Central African Republic,2021,31,6.4516,3.2258,0.0,3.2258,6.4516,32.2581,6.4516,6.4516,32.2581,12.9032,45.1613
Central African Republic,2022,51,1.9608,1.9608,5.8824,11.7647,1.9608,45.098,11.7647,1.9608,49.0196,13.7255,62.7451
Central African Republic,2023,45,0.0,2.2222,4.4444,6.6667,2.2222,31.1111,6.6667,4.4444,33.3333,11.1111,44.4444
Central African Republic,2024,46,0.0,6.5217,0.0,0.0,4.3478,34.7826,0.0,10.8696,34.7826,10.8696,45.6522
Central African Republic,2025,37,0.0,2.7027,0.0,8.1081,2.7027,35.1351,8.1081,5.4054,35.1351,13.5135,48.6486
Chad,2010,74,1.3514,0.0,9.4595,6.7568,0.0,24.3243,6.7568,0.0,24.3243,6.7568,31.0811
Chad,2011,93,0.0,2.1505,4.3011,6.4516,3.2258,25.8065,6.4516,3.2258,26.8817,9.6774,36.5591
Chad,2012,97,0.0,1.0309,4.1237,4.1237,2.0619,20.6186,4.1237,2.0619,21.6495,6.1856,27.8351
Chad,2013,74,0.0,0.0,4.0541,4.0541,5.4054,29.7297,4.0541,5.4054,29.7297,9.4595,39.1892
Chad,2014,124,1.6129,0.8065,5.6452,4.0323,4.0323,27.4194,4.8387,4.0323,27.4194,8.871,36.2904
Chad,2015,179,0.0,0.5587,3.9106,4.4693,3.352,29.6089,4.4693,3.352,30.1676,7.8213,37.9889
Chad,2016,191,1.0471,0.0,7.8534,4.712,3.1414,24.0838,4.712,3.1414,25.1309,7.8534,32.9843
Chad,2017,144,0.6944,2.0833,3.4722,9.7222,3.4722,30.5556,9.7222,3.4722,30.5556,13.1944,43.75
Chad,2018,185,0.0,0.0,3.2432,4.8649,2.7027,27.027,4.8649,2.7027,27.5676,7.5676,35.1352
Chad,2019,230,0.4348,0.4348,2.6087,3.0435,2.1739,27.3913,3.0435,2.1739,27.8261,5.2174,33.0435
Chad,2020,175,0.5714,0.5714,4.5714,2.8571,1.1429,26.2857,2.8571,1.1429,27.4286,4.0,31.4286
Chad,2021,185,1.0811,1.6216,4.8649,6.4865,2.1622,25.9459,6.4865,2.1622,26.4865,8.6487,35.1352
Chad,2022,219,0.9132,2.7397,6.3927,7.7626,3.653,27.3973,8.2192,5.0228,28.3105,13.242,41.5525
Chad,2023,219,1.8265,0.9132,8.2192,5.9361,3.1963,34.2466,6.8493,3.1963,34.2466,10.0456,44.2922
Chad,2024,253,0.3953,1.1858,5.1383,4.3478,4.3478,25.6917,4.3478,4.3478,25.6917,8.6956,34.3873
Chad,2025,173,0.0,2.3121,3.4682,1.1561,6.9364,35.2601,1.1561,7.5145,35.2601,8.6706,43.9307
Chile,2010,1629,0.4297,0.3683,3.7446,4.911,1.4119,20.6875,5.0338,1.5347,21.3628,6.5685,27.9313
Chile,2011,1719,0.2327,0.8144,3.7813,4.3048,2.5596,21.9895,4.363,2.6178,22.5713,6.9808,29.5521
Chile,2012,2195,0.3189,0.1367,3.8724,5.1025,1.3212,22.4601,5.2847,1.3667,23.1891,6.6514,29.8405
Chile,2013,2521,0.476,0.1587,3.2923,5.2757,1.7453,21.4201,5.3154,1.8247,21.9357,7.1401,29.0758
Chile,2014,3493,0.4008,0.2863,3.6645,5.0386,2.3762,22.9029,5.1245,2.4334,23.2751,7.5579,30.833
Chile,2015,3717,0.565,0.3228,3.9548,5.0847,2.2599,23.5674,5.2193,2.3675,24.2938,7.5868,31.8806
Chile,2016,4331,0.254,0.5772,3.9252,5.4491,2.4013,24.0129,5.4953,2.5398,24.7287,8.0351,32.7638
Chile,2017,4610,0.2386,0.4555,2.603,4.7072,1.7137,21.7354,4.7505,1.8438,22.2993,6.5943,28.8936
Chile,2018,6006,0.3497,0.4829,3.38,4.7786,2.2644,22.1445,4.9284,2.3477,22.8771,7.2761,30.1532
Chile,2019,6375,0.5647,0.5961,3.6078,5.1765,2.7137,22.3216,5.3176,2.7765,22.8235,8.0941,30.9176
Chile,2020,7736,0.4395,0.6075,3.3221,5.6101,2.637,23.4359,5.7265,2.7663,24.1986,8.4928,32.6914
Chile,2021,7726,0.4271,0.8154,4.0901,5.488,2.511,25.2136,5.7209,2.744,26.016,8.4649,34.4809
Chile,2022,8567,0.4669,0.7471,3.6886,5.7897,2.6264,24.1742,5.8597,2.7898,24.9446,8.6495,33.5941
Chile,2023,8698,0.3449,0.7933,3.4606,5.2081,3.0697,25.983,5.2656,3.2651,26.6498,8.5307,35.1805
Chile,2024,7379,0.3117,0.9215,4.1062,4.1876,3.7132,26.2095,4.296,3.8759,27.0904,8.1719,35.2623
Chile,2025,5179,0.2124,1.3323,3.8038,3.7845,4.7113,27.515,3.8038,4.943,28.1328,8.7468,36.8796
China,2010,57011,0.2999,0.3596,3.8045,3.0327,1.5734,22.771,3.1064,1.6225,23.3306,4.7289,28.0595
China,2011,73539,0.2638,0.4093,3.8714,2.7604,1.6903,23.0354,2.8067,1.7433,23.5616,4.55,28.1116
China,2012,90650,0.2813,0.4424,3.604,2.8009,1.8941,27.251,2.866,1.9459,27.8114,4.8119,32.6233
China,2013,110395,0.2844,0.5562,4.3707,2.8733,2.2075,25.8671,2.9349,2.2501,26.4849,5.185,31.6699
China,2014,129275,0.3025,0.6181,4.755,2.9781,2.555,27.1042,3.0253,2.6215,27.7672,5.6468,33.414
China,2015,141320,0.2639,0.7734,4.7785,3.0031,3.0045,28.0979,3.0668,3.0732,28.7772,6.14,34.9172
China,2016,161367,0.2813,0.7709,4.8523,3.0998,2.8915,28.864,3.158,2.987,29.5327,6.145,35.6777
China,2017,175623,0.2779,0.8359,5.0751,3.0326,2.9723,28.3995,3.0896,3.0833,29.2479,6.1729,35.4208
China,2018,230324,0.2931,0.8974,5.2878,3.1286,3.126,29.5562,3.1903,3.2476,30.4067,6.4379,36.8446
China,2019,268480,0.27,0.8217,5.346,3.0971,3.0717,30.0726,3.15,3.1973,30.9841,6.3473,37.3314
China,2020,297141,0.2736,0.7966,5.5176,3.0205,3.3092,30.7554,3.082,3.4425,31.6903,6.5245,38.2148
China,2021,295496,0.2602,0.7993,5.6366,2.908,3.4748,31.307,2.974,3.6305,32.3145,6.6045,38.919
China,2022,420506,0.2454,0.8026,5.8829,2.9916,3.3093,32.8985,3.0466,3.4751,33.8223,6.5217,40.344
China,2023,430968,0.2914,0.6801,6.0308,2.9796,3.3135,34.6255,3.0496,3.459,35.53,6.5086,42.0386
China,2024,411236,0.221,0.7249,6.0839,2.3566,3.6918,34.7902,2.4054,3.8365,35.8225,6.2419,42.0644
China,2025,331416,0.1795,0.8488,6.2842,1.8309,4.2415,37.656,1.8822,4.4479,38.776,6.3301,45.1061
Colombia,2010,615,0.813,1.3008,3.4146,5.0407,3.4146,18.8618,5.3659,3.5772,19.3496,8.9431,28.2927
Colombia,2011,689,0.4354,0.5806,3.4833,5.225,3.3382,25.6894,5.3701,3.3382,26.27,8.7083,34.9783
Colombia,2012,756,0.6614,0.3968,3.3069,5.4233,3.1746,21.9577,5.5556,3.1746,22.3545,8.7302,31.0847
Colombia,2013,1106,0.2712,0.4521,4.34,5.0633,1.5371,23.5081,5.1537,1.5371,24.2315,6.6908,30.9223
Colombia,2014,1495,0.3344,0.4013,4.214,5.4849,2.0067,23.4783,5.7525,2.1405,24.214,7.893,32.107
Colombia,2015,1723,0.5223,0.5804,4.8172,4.585,2.6117,25.0725,4.6431,2.7278,25.8851,7.3709,33.256
Colombia,2016,2060,0.2913,0.2427,4.466,4.9029,2.0874,25.0485,4.9515,2.1359,25.534,7.0874,32.6214
Colombia,2017,2357,0.6788,0.4667,4.2851,5.7276,2.2486,23.759,5.77,2.291,24.3954,8.061,32.4564
Colombia,2018,3397,0.5299,0.5299,3.7092,5.5049,2.4728,25.1693,5.6226,2.6494,25.758,8.272,34.03
Colombia,2019,3829,0.6268,0.4701,4.1003,5.6673,2.0632,24.7845,5.8762,2.1677,25.6464,8.0439,33.6903
Colombia,2020,4706,0.4887,0.8075,4.1436,5.9074,2.6987,26.0093,6.0136,2.9537,26.7743,8.9673,35.7416
Colombia,2021,4738,0.3588,0.802,4.3056,6.0363,3.1448,26.6357,6.1629,3.3558,27.3533,9.5187,36.872
Colombia,2022,5502,0.5271,0.7452,4.6347,5.8524,3.0534,27.5173,5.9615,3.1807,28.1897,9.1422,37.3319
Colombia,2023,5976,0.4351,0.8367,4.7356,5.3213,3.7316,28.6479,5.3882,3.8822,29.3675,9.2704,38.6379
Colombia,2024,5361,0.485,1.343,4.4022,4.4395,4.4954,27.8306,4.6073,4.7006,28.6141,9.3079,37.922
Colombia,2025,3710,0.2695,1.4286,4.3396,3.1536,4.5553,29.6496,3.2345,4.8248,30.3774,8.0593,38.4367
Comoros,2011,1,0.0,0.0,0.0,0.0,0.0,0.0,0.0,0.0,0.0,0.0,0.0
Comoros,2013,3,0.0,0.0,0.0,0.0,0.0,0.0,0.0,0.0,0.0,0.0,0.0
Comoros,2014,1,0.0,0.0,0.0,0.0,0.0,100.0,0.0,0.0,100.0,0.0,100.0
Comoros,2015,3,0.0,0.0,33.3333,0.0,0.0,33.3333,0.0,0.0,33.3333,0.0,33.3333
Comoros,2016,5,0.0,0.0,20.0,0.0,0.0,0.0,0.0,0.0,20.0,0.0,20.0
Comoros,2017,3,0.0,0.0,33.3333,0.0,0.0,33.3333,0.0,0.0,33.3333,0.0,33.3333
Comoros,2018,9,0.0,0.0,22.2222,0.0,0.0,22.2222,0.0,0.0,33.3333,0.0,33.3333
Comoros,2019,10,0.0,0.0,0.0,0.0,0.0,0.0,0.0,0.0,0.0,0.0,0.0
Comoros,2020,7,0.0,0.0,14.2857,0.0,0.0,28.5714,0.0,0.0,28.5714,0.0,28.5714
Comoros,2021,11,0.0,0.0,9.0909,0.0,0.0,36.3636,0.0,0.0,36.3636,0.0,36.3636
Comoros,2022,11,0.0,9.0909,0.0,0.0,9.0909,18.1818,0.0,9.0909,18.1818,9.0909,27.2727
Comoros,2023,14,0.0,14.2857,7.1429,21.4286,21.4286,42.8571,21.4286,21.4286,42.8571,42.8572,85.7143
Comoros,2024,17,0.0,11.7647,5.8824,0.0,11.7647,47.0588,0.0,11.7647,47.0588,11.7647,58.8235
Comoros,2025,10,0.0,0.0,10.0,0.0,0.0,50.0,0.0,0.0,50.0,0.0,50.0
Congo,2010,26,7.6923,0.0,3.8462,7.6923,3.8462,19.2308,11.5385,3.8462,19.2308,15.3847,34.6155
Congo,2011,29,0.0,0.0,0.0,3.4483,6.8966,37.931,3.4483,6.8966,37.931,10.3449,48.2759
Congo,2012,41,0.0,2.439,2.439,12.1951,4.878,34.1463,12.1951,4.878,34.1463,17.0731,51.2194
Congo,2013,58,0.0,0.0,5.1724,6.8966,1.7241,27.5862,6.8966,1.7241,27.5862,8.6207,36.2069
Congo,2014,122,0.8197,3.2787,11.4754,8.1967,1.6393,30.3279,9.0164,3.2787,31.1475,12.2951,43.4426
Congo,2015,170,0.5882,0.0,5.2941,6.4706,2.3529,25.8824,6.4706,2.3529,26.4706,8.8235,35.2941
Congo,2016,204,0.4902,0.0,4.902,8.3333,2.9412,29.4118,8.3333,2.9412,29.4118,11.2745,40.6863
Congo,2017,261,1.5326,0.0,5.7471,8.4291,3.8314,32.567,9.1954,3.8314,33.7165,13.0268,46.7433
Congo,2018,246,1.2195,0.0,5.2846,7.3171,2.439,31.3008,7.3171,2.439,31.3008,9.7561,41.0569
Congo,2019,284,1.0563,0.7042,5.9859,7.3944,4.9296,31.6901,7.7465,4.9296,31.6901,12.6761,44.3662
Congo,2020,420,1.1905,0.9524,5.2381,7.8571,4.7619,31.4286,8.0952,5.2381,31.6667,13.3333,45.0
Congo,2021,394,1.7766,0.2538,5.5838,8.8832,2.7919,29.1878,9.3909,2.7919,30.4569,12.1828,42.6397
Congo,2022,461,1.7354,0.4338,5.8568,6.7245,3.0369,32.1041,6.9414,3.0369,32.9718,9.9783,42.9501
Congo,2023,516,1.5504,0.5814,6.9767,7.5581,4.2636,31.2016,7.9457,4.2636,32.5581,12.2093,44.7674
Congo,2024,482,0.2075,1.4523,4.5643,7.0539,5.1867,36.5145,7.0539,5.3942,36.722,12.4481,49.1701
Congo,2025,268,0.3731,0.3731,8.9552,5.597,4.4776,39.9254,5.9701,4.4776,40.2985,10.4477,50.7462
Costa Rica,2010,115,0.0,0.0,2.6087,5.2174,1.7391,18.2609,5.2174,1.7391,18.2609,6.9565,25.2174
Costa Rica,2011,98,0.0,0.0,3.0612,8.1633,2.0408,23.4694,8.1633,2.0408,23.4694,10.2041,33.6735
Costa Rica,2012,134,0.7463,0.0,3.7313,6.7164,2.2388,23.1343,6.7164,2.2388,23.8806,8.9552,32.8358
Costa Rica,2013,142,0.0,1.4085,2.1127,5.6338,3.5211,32.3944,5.6338,3.5211,32.3944,9.1549,41.5493
Costa Rica,2014,256,0.0,0.0,3.5156,5.0781,1.1719,28.5156,5.0781,1.1719,29.2969,6.25,35.5469
Costa Rica,2015,265,0.0,0.0,2.6415,5.283,1.5094,21.1321,5.283,1.5094,22.2642,6.7924,29.0566
Costa Rica,2016,364,0.2747,0.2747,3.2967,4.1209,4.3956,28.022,4.1209,4.3956,28.5714,8.5165,37.0879
Costa Rica,2017,400,0.0,0.25,3.5,6.0,1.75,23.25,6.0,1.75,24.5,7.75,32.25
Costa Rica,2018,527,0.1898,0.3795,3.4156,3.7951,1.1385,23.5294,3.7951,1.1385,24.2884,4.9336,29.222
Costa Rica,2019,565,0.531,0.531,3.3628,4.6018,3.1858,23.8938,4.9558,3.3628,24.9558,8.3186,33.2744
Costa Rica,2020,675,0.0,0.2963,3.7037,3.5556,2.2222,28.0,3.5556,2.2222,28.7407,5.7778,34.5185
Costa Rica,2021,662,0.6042,0.7553,4.5317,4.8338,2.719,24.9245,4.9849,2.719,25.5287,7.7039,33.2326
Costa Rica,2022,776,0.3866,1.1598,3.7371,6.5722,4.2526,26.5464,6.5722,4.2526,27.0619,10.8248,37.8867
Costa Rica,2023,767,0.2608,0.7823,4.9544,5.2151,2.9987,24.9022,5.2151,3.1291,25.6845,8.3442,34.0287
Costa Rica,2024,701,0.2853,1.8545,4.1369,4.9929,3.8516,27.2468,5.1355,4.2796,27.9601,9.4151,37.3752
Costa Rica,2025,566,0.1767,1.4134,4.417,1.9435,3.7102,25.265,2.1201,3.8869,25.7951,6.007,31.8021
Croatia,2010,1086,0.4604,0.2762,3.1308,7.3665,2.2099,20.9024,7.4586,2.2099,21.4549,9.6685,31.1234
Croatia,2011,1146,1.2216,0.6108,2.5305,7.3298,1.8325,20.5934,7.5916,1.9197,21.2914,9.5113,30.8027
Croatia,2012,1363,0.807,0.2201,2.8613,6.4563,2.1277,21.1299,6.5297,2.1277,21.4967,8.6574,30.1541
Croatia,2013,1407,0.4975,0.4264,2.2743,7.8181,1.7058,20.6823,7.9602,1.7768,20.9666,9.737,30.7036
Croatia,2014,1388,0.7205,0.6484,3.2421,7.3487,2.1614,19.3084,7.4928,2.2334,19.7406,9.7262,29.4668
Croatia,2015,1335,0.6742,0.824,3.1461,7.0412,3.2959,22.6966,7.2659,3.2959,23.1461,10.5618,33.7079
Croatia,2016,1705,0.4106,0.7625,4.1642,8.563,2.9912,24.5748,8.563,3.1085,25.1026,11.6715,36.7741
Croatia,2017,1900,0.4737,0.1579,3.9474,5.4737,1.7895,21.6842,5.5789,1.8421,22.5263,7.421,29.9473
Croatia,2018,2385,0.587,0.7966,3.3124,6.4151,2.3899,21.5933,6.499,2.6415,22.4319,9.1405,31.5724
Croatia,2019,2668,0.4873,0.4873,4.0105,5.8846,1.8741,25.1124,5.9595,2.0615,25.6747,8.021,33.6957
Croatia,2020,3138,0.4143,0.8286,3.6966,7.3614,2.8043,25.6851,7.3932,2.8999,26.3225,10.2931,36.6156
Croatia,2021,3368,0.5344,0.772,3.7708,6.7102,2.9097,26.0689,6.8884,3.0285,26.7518,9.9169,36.6687
Croatia,2022,4358,0.7343,0.9408,3.7173,7.1134,3.4878,25.7916,7.2051,3.6485,26.2735,10.8536,37.1271
Croatia,2023,4234,0.7085,0.7085,4.4166,7.2981,3.2357,26.9485,7.3453,3.2829,27.5862,10.6282,38.2144
Croatia,2024,3501,0.5998,1.1425,4.056,4.8843,4.0845,24.6215,5.0557,4.2559,25.2499,9.3116,34.5615
Croatia,2025,2468,0.6078,1.2561,4.2545,4.8622,4.7812,27.4311,4.9433,4.9433,28.201,9.8866,38.0876
Cuba,2010,206,0.9709,0.0,4.3689,4.3689,0.0,21.3592,4.8544,0.0,22.3301,4.8544,27.1845
Cuba,2011,317,0.0,0.6309,5.3628,5.3628,1.5773,23.0284,5.3628,1.5773,24.2902,6.9401,31.2303
Cuba,2012,295,0.0,0.678,2.7119,5.4237,1.3559,23.7288,5.4237,1.3559,23.7288,6.7796,30.5084
Cuba,2013,311,0.0,0.6431,4.5016,5.7878,0.9646,22.8296,5.7878,0.9646,23.4727,6.7524,30.2251
Cuba,2014,385,0.7792,0.2597,4.1558,5.1948,0.7792,25.7143,5.1948,0.7792,26.2338,5.974,32.2078
Cuba,2015,332,0.0,0.0,3.3133,5.7229,1.506,25.0,5.7229,1.506,25.0,7.2289,32.2289
Cuba,2016,375,0.5333,0.5333,3.7333,4.2667,1.6,26.4,4.8,1.8667,26.9333,6.6667,33.6
Cuba,2017,421,0.0,0.2375,3.0879,4.7506,1.4252,24.7031,4.7506,1.6627,25.1781,6.4133,31.5914
Cuba,2018,542,1.107,1.107,2.7675,5.7196,2.952,25.6458,6.6421,3.5055,26.0148,10.1476,36.1624
Cuba,2019,553,0.1808,0.7233,1.9892,5.7866,2.17,19.8915,5.7866,2.17,20.2532,7.9566,28.2098
Cuba,2020,595,0.3361,0.3361,5.042,6.0504,2.1849,22.6891,6.2185,2.3529,23.1933,8.5714,31.7647
Cuba,2021,651,0.4608,0.4608,6.298,7.2197,2.765,28.5714,7.5269,2.765,29.3395,10.2919,39.6314
Cuba,2022,640,0.0,0.625,2.6562,5.7812,3.5938,23.9062,5.7812,3.75,24.5312,9.5312,34.0624
Cuba,2023,667,0.4498,0.8996,3.7481,5.6972,3.8981,24.1379,5.8471,4.048,24.8876,9.8951,34.7827
Cuba,2024,546,0.7326,0.5495,7.6923,6.5934,4.9451,26.1905,6.7766,4.9451,27.8388,11.7217,39.5605
Cuba,2025,345,0.2899,1.7391,5.5072,4.6377,3.4783,32.1739,4.6377,3.7681,34.2029,8.4058,42.6087
Cyprus,2010,258,0.0,0.0,3.4884,5.814,0.7752,21.7054,5.814,0.7752,22.093,6.5892,28.6822
Cyprus,2011,361,0.831,0.554,4.9861,6.9252,2.4931,21.8837,7.2022,2.7701,22.9917,9.9723,32.964
Cyprus,2012,412,0.4854,0.7282,3.6408,7.767,1.9417,28.1553,7.767,1.9417,28.1553,9.7087,37.864
Cyprus,2013,544,0.7353,0.7353,5.3309,6.6176,2.9412,26.8382,6.6176,3.125,27.9412,9.7426,37.6838
Cyprus,2014,667,0.2999,0.8996,4.4978,5.997,3.1484,23.8381,5.997,3.4483,24.2879,9.4453,33.7332
Cyprus,2015,640,0.4688,0.7812,2.9688,7.6562,2.8125,21.4062,7.6562,2.8125,22.1875,10.4687,32.6562
Cyprus,2016,793,0.6305,0.3783,2.6482,5.0441,3.2787,24.338,5.1702,3.2787,24.7163,8.4489,33.1652
Cyprus,2017,997,0.5015,1.2036,3.7111,8.0241,3.6108,23.7713,8.1244,3.6108,24.674,11.7352,36.4092
Cyprus,2018,1149,0.6963,1.7406,3.6554,6.2663,4.6997,26.1967,6.2663,4.8738,26.6319,11.1401,37.772
Cyprus,2019,1447,0.3455,0.9675,4.1465,4.6303,4.6994,25.5701,4.6994,4.9758,26.1921,9.6752,35.8673
Cyprus,2020,1863,0.7515,0.9662,3.9184,5.9045,4.1331,26.409,6.0118,4.1868,26.7848,10.1986,36.9834
Cyprus,2021,1896,0.3692,1.5295,4.8523,5.3797,3.8502,27.057,5.538,4.1667,27.6371,9.7047,37.3418
Cyprus,2022,2421,0.7022,1.4044,3.8827,6.1958,4.5023,27.6745,6.2784,4.7088,28.0463,10.9872,39.0335
Cyprus,2023,2524,0.3962,1.2678,4.1997,6.8542,5.1506,27.8526,6.9334,5.309,28.5261,12.2424,40.7685
Cyprus,2024,2128,0.5639,1.8327,4.0883,4.6053,6.344,27.7256,4.8402,6.6259,28.1015,11.4661,39.5676
Cyprus,2025,1485,0.6061,2.2896,3.2323,4.9158,7.4747,28.9562,4.9158,7.8788,29.6296,12.7946,42.4242
Czech Republic,2010,2850,0.4561,0.386,3.1228,4.9825,1.7544,19.2632,5.1579,1.7544,20.0702,6.9123,26.9825
Czech Republic,2011,3336,0.5096,0.3597,3.2974,4.4664,1.3789,20.8633,4.5863,1.4089,21.5228,5.9952,27.518
Czech Republic,2012,3524,0.5108,0.2838,3.3201,4.5119,1.2486,20.7151,4.6254,1.3337,21.084,5.9591,27.0431
Czech Republic,2013,4520,0.3982,0.4204,3.385,5.177,1.5265,23.2301,5.354,1.5487,23.8274,6.9027,30.7301
Czech Republic,2014,5888,0.4586,0.3227,3.7024,5.9952,1.4946,22.8261,6.0632,1.5795,23.6243,7.6427,31.267
Czech Republic,2015,6197,0.3873,0.3389,3.7115,4.599,1.5975,23.5275,4.7604,1.7428,23.9471,6.5032,30.4503
Czech Republic,2016,7221,0.5401,0.4293,3.379,5.5256,1.7034,24.1102,5.7056,1.7865,24.7057,7.4921,32.1978
Czech Republic,2017,7395,0.568,0.3651,3.5835,5.2468,1.9337,23.7323,5.3414,2.0014,24.5436,7.3428,31.8864
Czech Republic,2018,8535,0.6913,0.5272,3.7844,5.5888,2.1441,23.1752,5.7293,2.2613,23.8196,7.9906,31.8102
Czech Republic,2019,9628,0.6024,0.4778,3.8118,6.2941,2.3265,23.8367,6.4188,2.4304,24.6469,8.8492,33.4961
Czech Republic,2020,10972,0.7109,0.8932,4.1013,6.0427,3.035,25.1367,6.1611,3.1353,25.9843,9.2964,35.2807
Czech Republic,2021,10866,0.5338,0.6626,4.0769,5.3101,2.4756,25.7685,5.4022,2.6413,26.5875,8.0435,34.631
Czech Republic,2022,11934,0.7039,0.9469,4.4997,5.9997,3.1423,27.1158,6.0835,3.3685,27.9118,9.452,37.3638
Czech Republic,2023,11911,0.7388,0.9067,4.6596,6.4226,3.459,28.0917,6.515,3.6773,28.9144,10.1923,39.1067
Czech Republic,2024,10749,0.828,1.0699,4.2143,5.5447,4.4469,26.7932,5.7773,4.6888,27.4723,10.4661,37.9384
Czech Republic,2025,6826,0.5713,0.9376,4.2338,4.4536,4.1899,27.4246,4.5708,4.3657,28.3182,8.9365,37.2547
DR Congo,2010,3,0.0,0.0,0.0,0.0,0.0,0.0,0.0,0.0,0.0,0.0,0.0
DR Congo,2011,6,0.0,0.0,16.6667,0.0,0.0,66.6667,0.0,0.0,66.6667,0.0,66.6667
DR Congo,2012,6,0.0,0.0,0.0,33.3333,0.0,66.6667,33.3333,0.0,66.6667,33.3333,100.0
DR Congo,2013,10,0.0,0.0,0.0,0.0,0.0,0.0,0.0,0.0,0.0,0.0,0.0
DR Congo,2014,34,0.0,0.0,0.0,5.8824,2.9412,14.7059,5.8824,2.9412,14.7059,8.8236,23.5295
DR Congo,2015,40,0.0,0.0,10.0,7.5,5.0,40.0,7.5,5.0,42.5,12.5,55.0
DR Congo,2016,52,0.0,1.9231,5.7692,3.8462,1.9231,26.9231,3.8462,1.9231,26.9231,5.7693,32.6924
DR Congo,2017,88,1.1364,1.1364,2.2727,7.9545,1.1364,18.1818,7.9545,1.1364,18.1818,9.0909,27.2727
DR Congo,2018,113,0.0,0.0,9.7345,7.0796,1.7699,31.8584,7.0796,1.7699,32.7434,8.8495,41.5929
DR Congo,2019,132,3.7879,0.0,7.5758,8.3333,1.5152,29.5455,9.8485,1.5152,29.5455,11.3637,40.9092
DR Congo,2020,159,2.5157,0.6289,3.7736,13.2075,4.4025,27.044,13.2075,4.4025,27.044,17.61,44.654
DR Congo,2021,214,1.8692,0.4673,7.0093,5.1402,6.5421,28.5047,6.0748,6.5421,29.9065,12.6169,42.5234
DR Congo,2022,328,0.9146,0.3049,5.4878,5.4878,4.878,32.9268,5.7927,4.878,33.2317,10.6707,43.9024
DR Congo,2023,338,0.8876,0.2959,5.9172,8.5799,4.142,34.0237,8.5799,4.142,36.0947,12.7219,48.8166
DR Congo,2024,305,0.6557,2.2951,8.1967,8.1967,5.2459,35.082,8.1967,6.2295,35.4098,14.4262,49.836
DR Congo,2025,221,0.905,1.3575,6.7873,5.4299,8.5973,34.8416,5.8824,8.5973,35.7466,14.4797,50.2263
Denmark,2010,5622,0.4803,0.2312,2.5792,5.5852,1.7254,17.1825,5.6564,1.7787,17.6628,7.4351,25.0979
Denmark,2011,5314,0.5645,0.414,3.726,6.9816,2.0135,23.7862,7.1133,2.1265,24.1626,9.2398,33.4024
Denmark,2012,6026,0.614,0.531,3.3355,7.4842,2.3233,23.3488,7.617,2.4892,23.9794,10.1062,34.0856
Denmark,2013,6942,0.5618,0.4322,3.2555,6.9288,2.348,24.0709,7.0585,2.4777,24.7479,9.5362,34.2841
Denmark,2014,8905,0.5952,0.5053,4.1213,5.9742,1.9764,25.4576,6.0752,2.1224,25.9742,8.1976,34.1718
Denmark,2015,9772,0.5219,0.3786,4.0115,6.4572,2.1592,26.0131,6.6005,2.2206,26.5248,8.8211,35.3459
Denmark,2016,11041,0.5253,0.5615,3.9036,6.3038,2.4001,25.668,6.4487,2.5541,26.0846,9.0028,35.0874
Denmark,2017,11174,0.4564,0.707,3.9198,5.7455,2.5416,24.8702,5.835,2.6669,25.5862,8.5019,34.0881
Denmark,2018,12765,0.5327,0.5954,3.7759,5.7971,2.4363,24.904,5.8989,2.6009,25.4916,8.4998,33.9914
Denmark,2019,13488,0.6228,0.6228,4.137,6.1017,2.6616,26.164,6.1907,2.7877,26.9425,8.9784,35.9209
Denmark,2020,15091,0.5036,0.8681,4.3867,5.8048,2.909,26.539,5.8909,3.1144,27.1751,9.0053,36.1804
Denmark,2021,14886,0.5509,0.7994,4.6419,5.784,3.0498,26.9381,5.8579,3.1976,27.677,9.0555,36.7325
Denmark,2022,16993,0.5532,1.0004,4.3842,6.0495,3.4132,27.9468,6.1261,3.6368,28.5765,9.7629,38.3394
Denmark,2023,17403,0.6321,1.0056,4.5107,5.8668,3.6028,27.7423,6.0162,3.7292,28.248,9.7454,37.9934
Denmark,2024,15907,0.5469,1.0561,4.3314,5.507,4.0108,28.0003,5.6265,4.1617,28.7358,9.7882,38.524
Denmark,2025,10486,0.4291,1.0109,4.1102,4.6157,4.2533,27.675,4.692,4.4631,28.4951,9.1551,37.6502
Djibouti,2010,1,0.0,0.0,0.0,0.0,0.0,0.0,0.0,0.0,0.0,0.0,0.0
Djibouti,2011,5,0.0,0.0,0.0,0.0,0.0,20.0,0.0,0.0,20.0,0.0,20.0
Djibouti,2012,3,0.0,0.0,0.0,0.0,0.0,0.0,0.0,0.0,0.0,0.0,0.0
Djibouti,2013,6,0.0,0.0,0.0,16.6667,0.0,0.0,16.6667,0.0,0.0,16.6667,16.6667
Djibouti,2014,7,0.0,0.0,0.0,14.2857,0.0,14.2857,14.2857,0.0,14.2857,14.2857,28.5714
Djibouti,2015,5,0.0,0.0,0.0,0.0,0.0,0.0,0.0,0.0,0.0,0.0,0.0
Djibouti,2016,11,0.0,0.0,0.0,9.0909,0.0,27.2727,9.0909,0.0,27.2727,9.0909,36.3636
Djibouti,2017,9,0.0,0.0,0.0,0.0,0.0,44.4444,0.0,0.0,44.4444,0.0,44.4444
Djibouti,2018,11,0.0,0.0,0.0,0.0,0.0,9.0909,0.0,0.0,9.0909,0.0,9.0909
Djibouti,2019,14,0.0,0.0,0.0,0.0,0.0,21.4286,0.0,0.0,21.4286,0.0,21.4286
Djibouti,2020,25,0.0,4.0,20.0,12.0,8.0,44.0,12.0,8.0,44.0,20.0,64.0
Djibouti,2021,19,0.0,5.2632,10.5263,5.2632,5.2632,42.1053,5.2632,5.2632,42.1053,10.5264,52.6317
Djibouti,2022,27,0.0,0.0,7.4074,7.4074,0.0,22.2222,7.4074,0.0,22.2222,7.4074,29.6296
Djibouti,2023,42,4.7619,0.0,4.7619,9.5238,4.7619,26.1905,9.5238,4.7619,26.1905,14.2857,40.4762
Djibouti,2024,31,3.2258,3.2258,6.4516,3.2258,0.0,29.0323,6.4516,3.2258,32.2581,9.6774,41.9355
Djibouti,2025,17,0.0,5.8824,11.7647,11.7647,5.8824,29.4118,11.7647,5.8824,29.4118,17.6471,47.0589
Dominica,2010,18,0.0,5.5556,0.0,5.5556,5.5556,22.2222,5.5556,5.5556,22.2222,11.1112,33.3334
Dominica,2011,18,0.0,0.0,0.0,5.5556,5.5556,27.7778,5.5556,5.5556,27.7778,11.1112,38.889
Dominica,2012,25,0.0,0.0,0.0,8.0,0.0,28.0,8.0,0.0,28.0,8.0,36.0
Dominica,2013,24,4.1667,0.0,0.0,20.8333,0.0,16.6667,20.8333,0.0,16.6667,20.8333,37.5
Dominica,2014,31,0.0,0.0,3.2258,9.6774,3.2258,25.8065,9.6774,3.2258,25.8065,12.9032,38.7097
Dominica,2015,46,8.6957,6.5217,4.3478,17.3913,10.8696,23.913,17.3913,10.8696,23.913,28.2609,52.1739
Dominica,2016,45,0.0,0.0,0.0,4.4444,0.0,15.5556,4.4444,0.0,15.5556,4.4444,20.0
Dominica,2017,43,0.0,2.3256,11.6279,0.0,4.6512,20.9302,0.0,6.9767,20.9302,6.9767,27.9069
Dominica,2018,64,1.5625,1.5625,4.6875,7.8125,7.8125,23.4375,7.8125,7.8125,25.0,15.625,40.625
Dominica,2019,57,1.7544,0.0,1.7544,7.0175,3.5088,17.5439,8.7719,3.5088,17.5439,12.2807,29.8246
Dominica,2020,64,0.0,0.0,3.125,4.6875,7.8125,21.875,4.6875,7.8125,21.875,12.5,34.375
Dominica,2021,61,0.0,0.0,4.918,1.6393,3.2787,18.0328,1.6393,3.2787,19.6721,4.918,24.5901
Dominica,2022,69,1.4493,1.4493,0.0,5.7971,13.0435,15.942,5.7971,13.0435,15.942,18.8406,34.7826
Dominica,2023,78,0.0,0.0,3.8462,1.2821,5.1282,16.6667,1.2821,5.1282,17.9487,6.4103,24.359
Dominica,2024,66,0.0,3.0303,0.0,4.5455,9.0909,12.1212,4.5455,9.0909,12.1212,13.6364,25.7576
Dominica,2025,33,0.0,3.0303,6.0606,6.0606,6.0606,33.3333,6.0606,6.0606,33.3333,12.1212,45.4545
Dominican Republic,2010,2,0.0,0.0,0.0,0.0,0.0,50.0,0.0,0.0,50.0,0.0,50.0
Dominican Republic,2011,7,0.0,0.0,0.0,0.0,14.2857,28.5714,0.0,14.2857,28.5714,14.2857,42.8571
Dominican Republic,2012,13,0.0,0.0,0.0,0.0,0.0,53.8462,0.0,0.0,53.8462,0.0,53.8462
Dominican Republic,2013,22,0.0,0.0,13.6364,13.6364,4.5455,45.4545,13.6364,4.5455,45.4545,18.1819,63.6364
Dominican Republic,2014,31,0.0,3.2258,0.0,16.129,3.2258,6.4516,16.129,3.2258,6.4516,19.3548,25.8064
Dominican Republic,2015,36,2.7778,0.0,0.0,0.0,2.7778,30.5556,2.7778,2.7778,30.5556,5.5556,36.1112
Dominican Republic,2016,48,2.0833,0.0,2.0833,6.25,2.0833,25.0,6.25,2.0833,25.0,8.3333,33.3333
Dominican Republic,2017,47,0.0,0.0,4.2553,0.0,2.1277,27.6596,0.0,2.1277,27.6596,2.1277,29.7873
Dominican Republic,2018,63,1.5873,0.0,3.1746,6.3492,0.0,19.0476,6.3492,0.0,19.0476,6.3492,25.3968
Dominican Republic,2019,101,0.0,0.9901,3.9604,6.9307,1.9802,28.7129,6.9307,1.9802,30.6931,8.9109,39.604
Dominican Republic,2020,113,0.885,0.0,3.5398,7.9646,4.4248,29.2035,8.8496,4.4248,29.2035,13.2744,42.4779
Dominican Republic,2021,142,0.0,0.7042,7.7465,6.338,2.1127,21.831,6.338,2.8169,22.5352,9.1549,31.6901
Dominican Republic,2022,187,0.0,0.5348,1.6043,3.2086,3.7433,24.5989,3.2086,3.7433,25.1337,6.9519,32.0856
Dominican Republic,2023,198,0.5051,0.5051,4.0404,6.5657,2.5253,25.7576,6.5657,2.5253,26.2626,9.091,35.3536
Dominican Republic,2024,181,0.0,1.105,3.8674,4.9724,4.4199,23.2044,4.9724,4.4199,23.2044,9.3923,32.5967
Dominican Republic,2025,162,0.6173,0.6173,4.321,6.7901,6.1728,27.7778,6.7901,6.1728,28.3951,12.9629,41.358
Ecuador,2010,76,0.0,2.6316,2.6316,5.2632,6.5789,23.6842,5.2632,6.5789,23.6842,11.8421,35.5263
Ecuador,2011,77,0.0,0.0,3.8961,5.1948,3.8961,28.5714,5.1948,3.8961,29.8701,9.0909,38.961
Ecuador,2012,109,0.9174,0.0,1.8349,1.8349,1.8349,26.6055,2.7523,1.8349,26.6055,4.5872,31.1927
Ecuador,2013,120,0.8333,0.0,0.8333,3.3333,2.5,19.1667,4.1667,2.5,20.0,6.6667,26.6667
Ecuador,2014,264,0.0,0.3788,3.4091,3.4091,1.5152,23.8636,3.4091,1.5152,24.6212,4.9243,29.5455
Ecuador,2015,381,0.2625,0.5249,3.6745,5.5118,3.937,24.4094,5.5118,3.937,24.4094,9.4488,33.8582
Ecuador,2016,625,0.64,0.32,4.0,5.92,2.24,23.84,6.24,2.24,24.48,8.48,32.96
Ecuador,2017,844,0.237,0.5924,4.3839,4.5024,2.4882,29.3839,4.6209,2.7251,30.2133,7.346,37.5593
Ecuador,2018,1096,0.365,0.8212,3.7409,4.1058,2.4635,24.635,4.2883,2.646,25.1825,6.9343,32.1168
Ecuador,2019,1250,0.56,0.48,3.92,5.2,3.04,25.92,5.44,3.12,26.64,8.56,35.2
Ecuador,2020,1692,0.7683,0.6501,3.7234,6.2648,2.6005,24.8227,6.5012,2.8369,25.8865,9.3381,35.2246
Ecuador,2021,1630,0.4294,0.7975,4.4172,6.2577,2.9448,26.7485,6.5644,3.1288,27.0552,9.6932,36.7484
Ecuador,2022,2180,0.5505,0.6881,3.3945,5.6881,3.3945,25.5046,5.6881,3.5321,26.1009,9.2202,35.3211
Ecuador,2023,2468,0.2836,1.5802,4.8622,4.5381,5.5105,28.282,4.6191,6.0373,29.1329,10.6564,39.7893
Ecuador,2024,2403,0.4994,2.1223,3.8702,4.7857,5.9509,26.675,4.9105,6.4087,27.216,11.3192,38.5352
Ecuador,2025,1761,0.3407,1.4196,3.975,3.4072,5.7354,31.3458,3.4639,6.1897,32.084,9.6536,41.7376
Egypt,2010,2012,0.4473,0.2485,3.33,4.0755,1.3419,19.5328,4.175,1.4414,20.0795,5.6164,25.6959
Egypt,2011,2565,0.2729,0.1949,3.1969,4.4444,1.4425,18.2066,4.5224,1.4815,18.5185,6.0039,24.5224
Egypt,2012,3365,0.1486,0.3566,3.3581,4.6062,1.7236,21.1293,4.6657,1.8722,21.6345,6.5379,28.1724
Egypt,2013,4809,0.3951,0.2911,3.743,4.3668,1.3308,20.1913,4.45,1.4764,20.8567,5.9264,26.7831
Egypt,2014,6198,0.355,0.3388,4.1142,3.485,1.6618,22.3621,3.5818,1.8232,23.201,5.405,28.606
Egypt,2015,6716,0.1787,0.2829,3.8565,3.9011,1.5634,21.486,3.9756,1.6528,22.4687,5.6284,28.0971
Egypt,2016,7998,0.2251,0.3501,3.6009,3.8135,1.988,21.4554,3.8385,2.113,22.2556,5.9515,28.2071
Egypt,2017,8959,0.2009,0.5246,3.7727,3.3821,2.0984,22.3016,3.4156,2.2547,23.0048,5.6703,28.6751
Egypt,2018,12124,0.2639,0.3299,3.9921,3.7776,1.6084,22.5256,3.8271,1.7403,23.2349,5.5674,28.8023
Egypt,2019,14497,0.3104,0.3863,4.0008,3.7456,1.9521,22.9151,3.7801,2.0487,23.7497,5.8288,29.5785
Egypt,2020,18644,0.354,0.5739,4.1407,3.8565,2.419,23.9273,3.9369,2.5638,24.6996,6.5007,31.2003
Egypt,2021,18584,0.2314,0.5004,4.1649,3.7828,2.5936,24.9946,3.8097,2.7389,25.8287,6.5486,32.3773
Egypt,2022,26803,0.235,0.6343,4.2943,4.0033,2.981,26.5493,4.0518,3.1862,27.3701,7.238,34.6081
Egypt,2023,24535,0.3464,0.7581,4.4386,3.9332,3.3259,27.7114,3.9943,3.5704,28.6244,7.5647,36.1891
Egypt,2024,20174,0.2726,1.0211,4.7685,3.3062,3.8366,28.5119,3.3756,4.1886,29.4389,7.5642,37.0031
Egypt,2025,11596,0.1983,1.1901,5.3639,1.9662,4.536,31.8644,2.0266,4.9414,32.9941,6.968,39.9621
El Salvador,2010,5,0.0,0.0,0.0,0.0,0.0,40.0,0.0,0.0,40.0,0.0,40.0
El Salvador,2011,6,0.0,0.0,0.0,16.6667,0.0,16.6667,16.6667,0.0,16.6667,16.6667,33.3334
El Salvador,2012,12,0.0,0.0,0.0,0.0,0.0,25.0,0.0,0.0,25.0,0.0,25.0
El Salvador,2013,10,0.0,0.0,10.0,30.0,0.0,30.0,30.0,0.0,30.0,30.0,60.0
El Salvador,2014,22,0.0,4.5455,9.0909,9.0909,9.0909,31.8182,9.0909,9.0909,36.3636,18.1818,54.5454
El Salvador,2015,28,0.0,0.0,3.5714,0.0,0.0,25.0,0.0,0.0,25.0,0.0,25.0
El Salvador,2016,40,0.0,0.0,2.5,2.5,0.0,32.5,2.5,0.0,32.5,2.5,35.0
El Salvador,2017,41,0.0,2.439,7.3171,4.878,7.3171,36.5854,4.878,9.7561,39.0244,14.6341,53.6585
El Salvador,2018,52,0.0,0.0,1.9231,7.6923,0.0,28.8462,7.6923,0.0,30.7692,7.6923,38.4615
El Salvador,2019,31,0.0,0.0,0.0,3.2258,3.2258,25.8065,3.2258,3.2258,25.8065,6.4516,32.2581
El Salvador,2020,54,1.8519,0.0,5.5556,5.5556,1.8519,20.3704,7.4074,1.8519,20.3704,9.2593,29.6297
El Salvador,2021,67,1.4925,0.0,1.4925,10.4478,4.4776,20.8955,11.9403,4.4776,20.8955,16.4179,37.3134
El Salvador,2022,92,1.087,2.1739,4.3478,10.8696,4.3478,29.3478,10.8696,4.3478,29.3478,15.2174,44.5652
El Salvador,2023,96,1.0417,2.0833,1.0417,5.2083,2.0833,26.0417,5.2083,4.1667,26.0417,9.375,35.4167
El Salvador,2024,88,0.0,1.1364,3.4091,3.4091,7.9545,27.2727,3.4091,7.9545,28.4091,11.3636,39.7727
El Salvador,2025,80,0.0,1.25,3.75,0.0,8.75,28.75,0.0,8.75,28.75,8.75,37.5
Equatorial Guinea,2014,3,0.0,0.0,0.0,0.0,0.0,0.0,0.0,0.0,0.0,0.0,0.0
Equatorial Guinea,2015,8,0.0,0.0,12.5,0.0,0.0,37.5,0.0,0.0,37.5,0.0,37.5
Equatorial Guinea,2016,8,0.0,0.0,0.0,0.0,0.0,12.5,0.0,0.0,12.5,0.0,12.5
Equatorial Guinea,2017,3,0.0,0.0,0.0,0.0,33.3333,66.6667,0.0,33.3333,66.6667,33.3333,100.0
Equatorial Guinea,2018,2,0.0,0.0,0.0,0.0,0.0,100.0,0.0,0.0,100.0,0.0,100.0
Equatorial Guinea,2019,5,0.0,0.0,0.0,0.0,0.0,60.0,0.0,0.0,60.0,0.0,60.0
Equatorial Guinea,2020,5,0.0,0.0,0.0,20.0,20.0,40.0,20.0,20.0,40.0,40.0,80.0
Equatorial Guinea,2021,3,0.0,0.0,0.0,0.0,0.0,0.0,0.0,0.0,0.0,0.0,0.0
Equatorial Guinea,2022,13,0.0,0.0,15.3846,7.6923,15.3846,53.8462,7.6923,15.3846,53.8462,23.0769,76.9231
Equatorial Guinea,2023,11,0.0,0.0,0.0,9.0909,0.0,36.3636,9.0909,0.0,36.3636,9.0909,45.4545
Equatorial Guinea,2024,7,0.0,0.0,14.2857,14.2857,14.2857,57.1429,14.2857,14.2857,57.1429,28.5714,85.7143
Equatorial Guinea,2025,8,0.0,0.0,25.0,0.0,0.0,62.5,0.0,0.0,62.5,0.0,62.5
Eritrea,2010,28,3.5714,0.0,0.0,10.7143,0.0,35.7143,14.2857,0.0,35.7143,14.2857,50.0
Eritrea,2011,3,0.0,0.0,0.0,0.0,0.0,33.3333,0.0,0.0,33.3333,0.0,33.3333
Eritrea,2012,4,0.0,0.0,0.0,0.0,0.0,75.0,0.0,0.0,75.0,0.0,75.0
Eritrea,2013,14,0.0,0.0,0.0,7.1429,0.0,21.4286,7.1429,0.0,21.4286,7.1429,28.5715
Eritrea,2014,14,0.0,0.0,7.1429,7.1429,0.0,35.7143,7.1429,0.0,35.7143,7.1429,42.8572
Eritrea,2015,12,0.0,0.0,0.0,16.6667,0.0,33.3333,16.6667,0.0,33.3333,16.6667,50.0
Eritrea,2016,33,0.0,0.0,3.0303,12.1212,3.0303,15.1515,12.1212,3.0303,15.1515,15.1515,30.303
Eritrea,2017,27,0.0,3.7037,0.0,11.1111,0.0,22.2222,11.1111,3.7037,22.2222,14.8148,37.037
Eritrea,2018,37,0.0,0.0,0.0,5.4054,2.7027,16.2162,5.4054,2.7027,16.2162,8.1081,24.3243
Eritrea,2019,35,0.0,0.0,0.0,8.5714,2.8571,17.1429,8.5714,2.8571,17.1429,11.4285,28.5714
Eritrea,2020,41,0.0,0.0,0.0,9.7561,2.439,19.5122,9.7561,2.439,19.5122,12.1951,31.7073
Eritrea,2021,33,0.0,0.0,3.0303,12.1212,0.0,21.2121,12.1212,0.0,21.2121,12.1212,33.3333
Eritrea,2022,52,1.9231,0.0,1.9231,9.6154,3.8462,32.6923,9.6154,3.8462,32.6923,13.4616,46.1539
Eritrea,2023,61,1.6393,1.6393,0.0,11.4754,6.5574,31.1475,11.4754,6.5574,31.1475,18.0328,49.1803
Eritrea,2024,45,0.0,2.2222,6.6667,0.0,2.2222,31.1111,0.0,2.2222,31.1111,2.2222,33.3333
Eritrea,2025,35,2.8571,0.0,0.0,2.8571,8.5714,40.0,5.7143,8.5714,40.0,14.2857,54.2857
Estonia,2010,399,0.7519,1.0025,3.2581,8.7719,2.2556,23.3083,9.0226,2.7569,24.0602,11.7795,35.8397
Estonia,2011,503,0.3976,0.5964,2.5845,6.163,1.5905,19.2843,6.3618,1.5905,19.4831,7.9523,27.4354
Estonia,2012,504,1.1905,0.0,1.5873,9.3254,1.5873,18.6508,9.3254,1.5873,18.8492,10.9127,29.7619
Estonia,2013,638,1.5674,0.3135,3.4483,9.0909,1.4107,22.1003,9.4044,1.4107,22.4138,10.8151,33.2289
Estonia,2014,843,0.7117,0.2372,2.2539,6.4057,1.6607,20.4033,6.4057,1.6607,20.7592,8.0664,28.8256
Estonia,2015,895,0.3352,0.2235,3.1285,6.9274,1.5642,22.6816,7.0391,1.5642,23.4637,8.6033,32.067
Estonia,2016,1091,0.7333,0.4583,4.308,6.5995,2.1082,25.7562,6.6911,2.1082,26.2145,8.7993,35.0138
Estonia,2017,1111,0.45,0.18,2.5203,6.0306,2.0702,21.7822,6.1206,2.0702,22.5923,8.1908,30.7831
Estonia,2018,1285,0.5447,0.4669,3.5798,7.4708,2.6459,24.5914,7.5486,2.8794,25.6809,10.428,36.1089
Estonia,2019,1529,0.9156,0.654,4.1857,8.8293,2.3545,25.1145,8.8947,2.5507,25.7031,11.4454,37.1485
Estonia,2020,1764,0.6803,0.737,3.9116,7.0862,3.4014,25.737,7.1429,3.4014,26.3605,10.5443,36.9048
Estonia,2021,1767,0.7357,0.4527,4.4143,7.0175,3.056,25.3537,7.3005,3.2258,25.863,10.5263,36.3893
Estonia,2022,1992,0.6024,0.8534,4.5181,7.4799,2.8614,26.9076,7.6807,2.9618,27.4096,10.6425,38.0521
Estonia,2023,2063,0.8725,1.2603,5.1381,8.5313,4.3626,29.0354,8.6282,4.5565,29.714,13.1847,42.8987
Estonia,2024,1635,1.6514,1.4679,3.792,8.5015,5.6881,28.5015,8.5627,5.9939,28.8073,14.5566,43.3639
Estonia,2025,1055,0.8531,1.2322,4.1706,5.3081,4.5498,26.7299,5.5924,4.7393,27.2038,10.3317,37.5355
Eswatini,2010,24,0.0,0.0,0.0,8.3333,8.3333,12.5,8.3333,8.3333,12.5,16.6666,29.1666
Eswatini,2011,17,0.0,0.0,0.0,0.0,5.8824,17.6471,0.0,5.8824,17.6471,5.8824,23.5295
Eswatini,2012,16,0.0,0.0,6.25,12.5,0.0,25.0,12.5,0.0,31.25,12.5,43.75
Eswatini,2013,14,0.0,0.0,7.1429,0.0,0.0,35.7143,0.0,0.0,35.7143,0.0,35.7143
Eswatini,2014,19,0.0,0.0,0.0,0.0,0.0,36.8421,0.0,0.0,36.8421,0.0,36.8421
Eswatini,2015,14,0.0,0.0,0.0,0.0,0.0,21.4286,0.0,0.0,21.4286,0.0,21.4286
Eswatini,2016,16,0.0,0.0,12.5,0.0,6.25,31.25,0.0,6.25,31.25,6.25,37.5
Eswatini,2017,24,0.0,0.0,4.1667,8.3333,0.0,16.6667,8.3333,0.0,16.6667,8.3333,25.0
Eswatini,2018,46,2.1739,0.0,10.8696,8.6957,0.0,30.4348,8.6957,0.0,30.4348,8.6957,39.1305
Eswatini,2019,82,0.0,0.0,3.6585,1.2195,3.6585,25.6098,1.2195,3.6585,25.6098,4.878,30.4878
Eswatini,2020,102,0.9804,0.0,0.9804,5.8824,1.9608,15.6863,5.8824,1.9608,15.6863,7.8432,23.5295
Eswatini,2021,77,1.2987,3.8961,6.4935,6.4935,7.7922,37.6623,6.4935,7.7922,38.961,14.2857,53.2467
Eswatini,2022,113,0.0,0.0,3.5398,7.0796,3.5398,30.9735,7.0796,3.5398,31.8584,10.6194,42.4778
Eswatini,2023,99,0.0,1.0101,1.0101,8.0808,1.0101,25.2525,8.0808,1.0101,25.2525,9.0909,34.3434
Eswatini,2024,79,0.0,2.5316,8.8608,5.0633,3.7975,25.3165,5.0633,3.7975,27.8481,8.8608,36.7089
Eswatini,2025,37,0.0,0.0,5.4054,0.0,5.4054,35.1351,0.0,5.4054,35.1351,5.4054,40.5405
Ethiopia,2010,246,0.0,0.813,2.8455,8.1301,2.0325,28.8618,8.1301,2.439,28.8618,10.5691,39.4309
Ethiopia,2011,261,0.7663,0.0,3.8314,6.8966,1.1494,23.3716,7.2797,1.1494,24.1379,8.4291,32.567
Ethiopia,2012,296,0.3378,0.3378,5.7432,6.0811,1.6892,26.3514,6.4189,2.027,27.027,8.4459,35.4729
Ethiopia,2013,545,0.0,0.5505,4.4037,8.2569,1.8349,27.156,8.2569,2.2018,28.0734,10.4587,38.5321
Ethiopia,2014,873,0.3436,0.3436,4.5819,4.6964,2.4055,25.7732,4.6964,2.4055,26.2314,7.1019,33.3333
Ethiopia,2015,805,0.3727,0.6211,4.2236,6.4596,3.1056,25.7143,6.5839,3.2298,26.3354,9.8137,36.1491
Ethiopia,2016,995,0.7035,0.402,3.4171,6.7337,2.7136,25.9296,6.8342,2.7136,26.5327,9.5478,36.0805
Ethiopia,2017,1540,0.6494,0.3896,4.8052,7.1429,2.2727,28.5065,7.2727,2.3377,28.961,9.6104,38.5714
Ethiopia,2018,2117,0.8503,0.2834,3.9206,6.7076,2.2201,26.3581,7.0383,2.2674,26.7832,9.3057,36.0889
Ethiopia,2019,2562,0.4294,0.4294,4.9961,6.8306,2.6151,27.4395,6.9087,2.6542,28.2201,9.5629,37.783
Ethiopia,2020,3429,0.5249,0.5249,4.1995,6.445,2.3039,27.5591,6.5617,2.3914,28.084,8.9531,37.0371
Ethiopia,2021,3329,0.6609,0.781,5.4371,5.6473,3.2442,28.4169,5.8877,3.3944,28.8675,9.2821,38.1496
Ethiopia,2022,5908,0.6601,1.0833,4.9086,5.3318,3.4191,29.3839,5.4841,3.7745,29.9255,9.2586,39.1841
Ethiopia,2023,5766,0.7631,0.5897,5.4284,6.4169,3.1564,31.5123,6.5557,3.2431,31.9979,9.7988,41.7967
Ethiopia,2024,5451,0.6971,0.7705,4.8798,4.9716,3.6874,31.7006,5.0449,3.8158,32.0675,8.8607,40.9282
Ethiopia,2025,3430,0.6122,0.8455,6.0058,4.344,4.4023,35.1312,4.4023,4.6356,35.6851,9.0379,44.723
Fiji,2010,35,0.0,0.0,0.0,2.8571,2.8571,25.7143,2.8571,2.8571,25.7143,5.7142,31.4285
Fiji,2011,30,0.0,0.0,3.3333,6.6667,0.0,16.6667,6.6667,0.0,16.6667,6.6667,23.3334
Fiji,2012,49,0.0,0.0,4.0816,2.0408,2.0408,28.5714,2.0408,2.0408,30.6122,4.0816,34.6938
Fiji,2013,46,0.0,0.0,6.5217,10.8696,2.1739,21.7391,10.8696,2.1739,23.913,13.0435,36.9565
Fiji,2014,75,0.0,1.3333,2.6667,4.0,4.0,18.6667,4.0,4.0,18.6667,8.0,26.6667
Fiji,2015,64,3.125,1.5625,4.6875,1.5625,4.6875,29.6875,4.6875,4.6875,31.25,9.375,40.625
Fiji,2016,101,0.9901,0.0,6.9307,0.9901,0.0,35.6436,1.9802,0.0,35.6436,1.9802,37.6238
Fiji,2017,133,3.0075,0.7519,3.7594,8.2707,5.2632,36.0902,9.0226,5.2632,36.8421,14.2858,51.1279
Fiji,2018,178,0.5618,0.0,5.0562,3.9326,1.1236,29.7753,3.9326,1.1236,30.3371,5.0562,35.3933
Fiji,2019,215,0.9302,0.0,3.2558,3.2558,3.2558,27.4419,3.7209,3.2558,27.907,6.9767,34.8837
Fiji,2020,244,0.0,0.8197,3.2787,6.5574,4.5082,29.0984,6.5574,4.5082,29.5082,11.0656,40.5738
Fiji,2021,234,0.0,0.8547,3.4188,3.4188,4.7009,24.7863,3.4188,4.7009,24.7863,8.1197,32.906
Fiji,2022,289,0.346,1.3841,1.3841,4.8443,5.8824,34.6021,4.8443,5.8824,34.6021,10.7267,45.3288
Fiji,2023,242,0.4132,0.0,2.8926,2.8926,3.719,27.2727,2.8926,3.719,28.9256,6.6116,35.5372
Fiji,2024,204,0.0,0.9804,6.3725,2.451,3.4314,30.3922,2.451,3.9216,30.8824,6.3726,37.255
Fiji,2025,128,0.0,1.5625,6.25,6.25,5.4688,32.8125,6.25,5.4688,32.8125,11.7188,44.5313
Finland,2010,3670,0.5177,0.545,3.7602,6.2943,1.6894,23.4605,6.4305,1.7984,23.8692,8.2289,32.0981
Finland,2011,4093,0.4398,0.2688,3.1273,6.6211,1.8324,22.3552,6.6699,1.8813,22.7217,8.5512,31.2729
Finland,2012,4743,0.4006,0.3584,3.1836,5.9878,1.8764,22.9391,6.051,1.8975,23.4029,7.9485,31.3514
Finland,2013,5540,0.6498,0.4152,2.7617,6.7509,1.6787,22.7256,6.8412,1.7148,23.0144,8.556,31.5704
Finland,2014,6654,0.5561,0.5561,3.3363,6.2369,2.1491,23.7752,6.312,2.2693,24.196,8.5813,32.7773
Finland,2015,6852,0.4086,0.4816,3.634,6.0858,1.9556,24.0222,6.1296,1.9994,24.7227,8.129,32.8517
Finland,2016,7578,0.5542,0.6202,3.7741,6.1626,2.3753,25.0198,6.2286,2.4677,25.3629,8.6963,34.0592
Finland,2017,7989,0.6259,0.5257,3.968,6.0333,2.2406,24.7841,6.146,2.3282,25.4475,8.4742,33.9217
Finland,2018,9313,0.451,0.4725,3.7152,6.0883,2.2227,24.1276,6.2064,2.2764,24.847,8.4828,33.3298
Finland,2019,10410,0.4995,0.6052,3.7368,5.9942,2.3151,24.4284,6.0711,2.4688,24.8607,8.5399,33.4006
Finland,2020,11401,0.7017,0.7982,4.0084,5.9205,2.8419,25.7872,6.0696,3.0261,26.4801,9.0957,35.5758
Finland,2021,11234,0.4184,0.8902,4.3974,5.3142,3.5695,26.767,5.4032,3.7119,27.5414,9.1151,36.6565
Finland,2022,13121,0.6402,0.9527,4.3747,5.8075,3.7269,26.7586,5.998,3.8945,27.4369,9.8925,37.3294
Finland,2023,12971,0.6322,1.0177,3.955,5.7821,3.9473,27.5538,5.9132,4.0937,28.0549,10.0069,38.0618
Finland,2024,11040,0.7246,1.1866,3.8315,5.8243,4.6558,27.8714,5.9239,4.7736,28.3786,10.6975,39.0761
Finland,2025,6433,0.684,0.9793,3.9018,4.7878,4.4147,27.4522,4.8655,4.6013,28.1206,9.4668,37.5874
France,2010,23757,0.3704,0.3283,3.8262,4.6681,1.7511,23.5341,4.7481,1.8184,24.1571,6.5665,30.7236
France,2011,26345,0.4365,0.3226,3.7996,4.703,1.9131,23.458,4.8055,1.9586,24.0653,6.7641,30.8294
France,2012,29622,0.4186,0.3275,3.6561,4.7904,2.0458,24.0598,4.9085,2.1335,24.6607,7.042,31.7027
France,2013,32611,0.4262,0.3588,3.7227,4.9707,1.9963,24.734,5.1148,2.0944,25.4546,7.2092,32.6638
France,2014,38733,0.3563,0.3744,3.9553,4.8692,2.1016,25.1336,4.9777,2.1713,25.7687,7.149,32.9177
France,2015,39448,0.3676,0.4512,3.8658,4.7227,2.2587,25.6439,4.8317,2.3474,26.2624,7.1791,33.4415
France,2016,44031,0.352,0.5042,3.9313,4.733,2.4755,26.3224,4.8239,2.5755,26.9992,7.3994,34.3986
France,2017,44062,0.3677,0.4948,3.8219,4.6208,2.1583,25.0556,4.7274,2.3127,25.8341,7.0401,32.8742
France,2018,49288,0.4464,0.5093,3.9949,5.0621,2.4103,25.0528,5.2061,2.5381,25.8785,7.7442,33.6227
France,2019,52132,0.4297,0.5812,3.8479,4.6785,2.4611,25.2935,4.8358,2.6337,26.1241,7.4695,33.5936
France,2020,57595,0.4427,0.5712,3.9917,4.8042,2.5888,25.4883,4.9449,2.7537,26.2367,7.6986,33.9353
France,2021,53862,0.3955,0.7111,4.1996,4.6136,2.8722,26.1297,4.7139,3.0225,26.9819,7.7364,34.7183
France,2022,59381,0.416,0.7174,4.2118,5.106,3.1593,27.1046,5.2121,3.3327,27.8608,8.5448,36.4056
France,2023,59333,0.4837,0.8073,4.0922,5.009,3.5275,27.949,5.1253,3.7028,28.6384,8.8281,37.4665
France,2024,52110,0.4491,0.8559,4.1009,4.4502,3.602,27.5437,4.5442,3.7977,28.271,8.3419,36.6129
France,2025,35695,0.4118,1.0758,4.3311,3.9641,4.2163,28.3177,4.0846,4.4684,29.189,8.553,37.742
Gabon,2010,17,0.0,0.0,5.8824,17.6471,0.0,29.4118,17.6471,0.0,29.4118,17.6471,47.0589
Gabon,2011,17,0.0,0.0,5.8824,0.0,0.0,35.2941,0.0,0.0,35.2941,0.0,35.2941
Gabon,2012,22,0.0,0.0,0.0,13.6364,4.5455,22.7273,13.6364,4.5455,22.7273,18.1819,40.9092
Gabon,2013,34,5.8824,0.0,0.0,17.6471,0.0,26.4706,20.5882,0.0,26.4706,20.5882,47.0588
Gabon,2014,61,0.0,0.0,1.6393,3.2787,1.6393,26.2295,3.2787,1.6393,26.2295,4.918,31.1475
Gabon,2015,65,0.0,0.0,4.6154,4.6154,0.0,35.3846,4.6154,0.0,35.3846,4.6154,40.0
Gabon,2016,90,0.0,0.0,5.5556,3.3333,2.2222,25.5556,3.3333,2.2222,26.6667,5.5555,32.2222
Gabon,2017,103,0.0,1.9417,0.9709,2.9126,2.9126,24.2718,2.9126,4.8544,24.2718,7.767,32.0388
Gabon,2018,90,0.0,0.0,5.5556,4.4444,1.1111,32.2222,4.4444,1.1111,32.2222,5.5555,37.7777
Gabon,2019,116,0.0,0.0,2.5862,3.4483,2.5862,27.5862,3.4483,2.5862,27.5862,6.0345,33.6207
Gabon,2020,111,0.9009,0.0,5.4054,3.6036,3.6036,36.036,3.6036,3.6036,36.036,7.2072,43.2432
Gabon,2021,136,2.2059,0.0,5.1471,2.9412,3.6765,31.6176,3.6765,3.6765,33.0882,7.353,40.4412
Gabon,2022,192,0.0,1.5625,6.25,4.1667,5.2083,29.1667,4.1667,5.7292,31.25,9.8959,41.1459
Gabon,2023,140,3.5714,1.4286,7.8571,4.2857,10.0,28.5714,5.0,10.0,30.7143,15.0,45.7143
Gabon,2024,155,0.0,0.0,4.5161,3.2258,4.5161,27.0968,3.2258,4.5161,27.7419,7.7419,35.4838
Gabon,2025,102,0.0,0.9804,2.9412,4.902,1.9608,33.3333,4.902,2.9412,33.3333,7.8432,41.1765
Gambia,2010,16,0.0,0.0,0.0,6.25,0.0,6.25,6.25,0.0,6.25,6.25,12.5
Gambia,2011,24,0.0,0.0,4.1667,8.3333,0.0,25.0,8.3333,0.0,25.0,8.3333,33.3333
Gambia,2012,19,0.0,0.0,0.0,0.0,0.0,15.7895,0.0,0.0,15.7895,0.0,15.7895
Gambia,2013,21,0.0,0.0,4.7619,4.7619,4.7619,23.8095,4.7619,4.7619,23.8095,9.5238,33.3333
Gambia,2014,49,0.0,2.0408,12.2449,0.0,6.1224,38.7755,0.0,8.1633,38.7755,8.1633,46.9388
Gambia,2015,51,0.0,1.9608,3.9216,1.9608,5.8824,31.3725,1.9608,5.8824,31.3725,7.8432,39.2157
Gambia,2016,48,0.0,4.1667,4.1667,2.0833,8.3333,29.1667,2.0833,10.4167,33.3333,12.5,45.8333
Gambia,2017,72,0.0,1.3889,0.0,6.9444,4.1667,41.6667,6.9444,5.5556,41.6667,12.5,54.1667
Gambia,2018,62,1.6129,3.2258,6.4516,6.4516,1.6129,35.4839,6.4516,3.2258,37.0968,9.6774,46.7742
Gambia,2019,80,0.0,1.25,6.25,1.25,6.25,33.75,1.25,6.25,35.0,7.5,42.5
Gambia,2020,152,0.0,0.6579,3.2895,4.6053,3.2895,35.5263,4.6053,3.9474,35.5263,8.5527,44.079
Gambia,2021,148,1.3514,0.6757,4.7297,4.7297,4.7297,27.7027,4.7297,5.4054,27.7027,10.1351,37.8378
Gambia,2022,169,0.5917,0.0,5.9172,4.142,3.5503,33.7278,4.142,3.5503,33.7278,7.6923,41.4201
Gambia,2023,209,0.4785,0.9569,4.3062,9.5694,4.3062,30.1435,9.5694,4.7847,31.1005,14.3541,45.4546
Gambia,2024,178,2.809,2.809,7.8652,7.3034,6.1798,34.2697,7.3034,7.3034,35.3933,14.6068,50.0001
Gambia,2025,157,1.2739,0.0,3.8217,4.4586,0.6369,38.2166,5.7325,0.6369,38.2166,6.3694,44.586
Georgia,2010,2611,0.8809,1.1873,4.5959,6.2428,3.447,26.0437,6.4726,3.6385,26.848,10.1111,36.9591
Georgia,2011,2688,0.372,0.8557,4.2411,5.2083,2.3438,23.9955,5.2083,2.4554,24.5164,7.6637,32.1801
Georgia,2012,3056,0.6217,1.0144,3.5668,6.4791,3.0759,26.5052,6.6427,3.4359,26.9961,10.0786,37.0747
Georgia,2013,3251,0.6152,0.892,4.0295,6.5211,3.5681,25.4076,6.6749,3.6912,25.8382,10.3661,36.2043
Georgia,2014,4290,0.4662,0.7925,4.5921,5.3613,2.7273,26.0839,5.4312,3.007,26.8298,8.4382,35.268
Georgia,2015,4620,0.4545,0.7359,5.2381,5.8225,3.3117,28.9827,5.9091,3.4848,29.632,9.3939,39.0259
Georgia,2016,5028,0.7558,0.9149,4.9523,5.171,3.8783,29.0772,5.3103,4.0573,29.6142,9.3676,38.9818
Georgia,2017,5140,0.642,0.7004,4.5331,5.4475,3.249,28.1518,5.5642,3.3463,28.677,8.9105,37.5875
Georgia,2018,6291,0.6199,0.922,4.4667,5.9291,3.3858,26.4664,6.0086,3.5606,27.1658,9.5692,36.735
Georgia,2019,6536,0.765,1.0404,4.9572,5.3703,3.7485,27.8152,5.4468,3.9015,28.4884,9.3483,37.8367
Georgia,2020,6420,0.7944,1.0748,4.5794,5.8255,3.6604,27.8816,5.8723,3.9097,28.567,9.782,38.349
Georgia,2021,5301,0.6414,0.9998,4.735,4.9991,4.5274,27.5797,5.1122,4.7161,28.4286,9.8283,38.2569
Georgia,2022,6226,0.7388,0.8673,4.947,6.6495,4.176,28.8468,6.6977,4.3045,29.6017,11.0022,40.6039
Georgia,2023,6703,0.6713,1.1189,4.6994,6.3852,4.953,30.9265,6.4896,5.1022,31.5381,11.5918,43.1299
Georgia,2024,5373,0.9678,1.4703,4.6529,5.4718,6.0115,29.6855,5.6951,6.2163,30.3927,11.9114,42.3041
Georgia,2025,3697,0.6221,1.5418,4.5172,4.8688,6.0049,29.7268,5.0311,6.1942,30.1596,11.2253,41.3849
Germany,2010,35247,0.3915,0.2837,3.5492,5.5069,1.5292,22.9126,5.6147,1.5945,23.5311,7.2092,30.7403
Germany,2011,39200,0.398,0.3495,3.6684,5.3214,1.8138,23.7449,5.4311,1.8724,24.3495,7.3035,31.653
Germany,2012,43983,0.3661,0.3115,3.4218,5.4316,1.6552,23.1817,5.559,1.7234,23.7978,7.2824,31.0802
Germany,2013,48127,0.4322,0.3802,3.5344,5.6891,1.9282,24.1632,5.7992,2.0342,24.7179,7.8334,32.5513
Germany,2014,57186,0.39,0.3497,3.7806,5.5433,1.9848,25.1268,5.6517,2.0582,25.7283,7.7099,33.4382
Germany,2015,59117,0.3417,0.3721,3.7959,5.5263,2.0231,25.3244,5.6075,2.0975,25.9316,7.705,33.6366
Germany,2016,69241,0.3712,0.4824,3.5629,5.1054,2.1447,30.2725,5.2065,2.2371,30.8473,7.4436,38.2909
Germany,2017,65316,0.4317,0.4639,3.8184,5.4673,2.0347,24.6785,5.5668,2.1541,25.4149,7.7209,33.1358
Germany,2018,73424,0.5162,0.5584,3.8135,5.6099,2.3031,24.6513,5.7243,2.4311,25.3487,8.1554,33.5041
Germany,2019,78480,0.4778,0.5798,3.7538,5.4664,2.3713,24.9873,5.6027,2.4758,25.7199,8.0785,33.7984
Germany,2020,88415,0.4558,0.6899,3.8749,5.7083,2.7032,25.6981,5.8203,2.8445,26.3982,8.6648,35.063
Germany,2021,87275,0.4045,0.7608,4.0069,5.4827,2.7728,26.1507,5.5927,2.9367,26.9,8.5294,35.4294
Germany,2022,95113,0.4574,0.8537,4.0121,5.8236,3.2088,27.0037,5.9329,3.3833,27.6986,9.3162,37.0148
Germany,2023,93760,0.5151,0.9524,4.0262,5.8276,3.4695,27.8797,5.9492,3.6551,28.5964,9.6043,38.2007
Germany,2024,82283,0.5287,0.937,4.0093,5.4373,3.8392,27.5865,5.5637,4.0081,28.2695,9.5718,37.8413
Germany,2025,54977,0.4293,0.9968,4.189,4.7165,4.149,28.4865,4.8238,4.3582,29.2104,9.182,38.3924
Ghana,2010,210,0.0,0.0,3.8095,9.0476,2.381,26.6667,9.0476,2.381,26.6667,11.4286,38.0953
Ghana,2011,262,0.0,1.145,2.6718,5.3435,1.9084,23.6641,5.3435,2.2901,24.0458,7.6336,31.6794
Ghana,2012,368,0.2717,0.8152,5.9783,5.7065,2.1739,28.8043,5.7065,2.4457,29.8913,8.1522,38.0435
Ghana,2013,655,0.458,0.1527,4.2748,6.8702,1.8321,29.4656,6.8702,1.8321,29.4656,8.7023,38.1679
Ghana,2014,894,0.4474,0.4474,3.915,5.481,1.4541,26.0626,5.481,1.566,26.3982,7.047,33.4452
Ghana,2015,929,0.4306,0.5382,4.8439,6.8891,2.1529,24.6502,7.1044,2.1529,25.4037,9.2573,34.661
Ghana,2016,1174,0.3407,0.5963,4.1738,5.1107,2.5554,26.0647,5.1107,2.5554,26.3203,7.6661,33.9864
Ghana,2017,1372,0.2915,0.5831,5.0292,5.9767,2.2595,28.2799,6.0496,2.2595,29.0087,8.3091,37.3178
Ghana,2018,2028,0.0986,0.7396,5.7692,4.6844,2.86,27.8107,4.7337,2.9586,28.4517,7.6923,36.144
Ghana,2019,2299,0.2175,0.522,4.6107,4.6977,2.7403,27.4467,4.7412,2.9143,28.0992,7.6555,35.7547
Ghana,2020,3309,0.4231,0.7253,5.1979,5.893,2.9616,29.314,5.9837,3.2336,30.0695,9.2173,39.2868
Ghana,2021,3122,0.5125,0.3523,5.157,5.7015,2.5945,30.3011,5.8296,2.6265,31.1659,8.4561,39.622
Ghana,2022,4747,0.316,0.8848,5.0558,5.6246,3.7287,31.6621,5.7089,3.8761,32.1677,9.585,41.7527
Ghana,2023,4755,0.3996,1.0515,5.4469,5.8885,3.8486,32.2187,5.9727,3.9537,32.7445,9.9264,42.6709
Ghana,2024,3839,0.4168,1.3285,5.1315,5.0013,5.0794,32.3782,5.1055,5.3399,32.8471,10.4454,43.2925
Ghana,2025,2154,0.3714,1.5785,6.1746,3.9926,5.2925,35.9331,3.9926,5.7103,36.8617,9.7029,46.5646
Greece,2010,3641,0.4394,0.4394,3.4331,5.493,2.0324,22.9882,5.5754,2.0599,23.51,7.6353,31.1453
Greece,2011,3991,0.3758,0.3758,2.9316,4.8609,1.8291,22.2751,4.9862,1.9795,22.7762,6.9657,29.7419
Greece,2012,4397,0.4549,0.2957,3.5706,6.1633,1.8649,24.1301,6.2543,1.9559,24.8351,8.2102,33.0453
Greece,2013,4996,0.5404,0.3403,3.2226,5.4644,2.3619,24.1193,5.6445,2.462,24.6197,8.1065,32.7262
Greece,2014,5675,0.4229,0.4581,3.8062,5.674,2.1145,24.2819,5.8502,2.2379,24.9163,8.0881,33.0044
Greece,2015,5541,0.5595,0.4331,3.1041,5.1796,2.2018,25.1579,5.2337,2.3461,25.6813,7.5798,33.2611
Greece,2016,5981,0.3511,0.3846,3.9124,5.8853,2.3407,24.8119,5.9689,2.4243,25.4807,8.3932,33.8739
Greece,2017,6708,0.4919,0.4919,3.3691,5.5605,2.4299,23.7627,5.6947,2.5641,24.3739,8.2588,32.6327
Greece,2018,7799,0.4872,0.6668,3.5004,6.0264,2.6285,24.4006,6.129,2.7568,25.093,8.8858,33.9788
Greece,2019,8789,0.512,0.842,3.9709,5.4728,3.1517,26.0781,5.5524,3.3792,26.7152,8.9316,35.6468
Greece,2020,10171,0.4621,0.993,4.1491,5.6828,3.6476,26.0446,5.7615,3.7951,26.7525,9.5566,36.3091
Greece,2021,10821,0.4621,1.0812,3.9183,5.554,3.8167,27.1971,5.6372,4.0477,27.8995,9.6849,37.5844
Greece,2022,13070,0.4591,1.2471,3.8868,6.0291,4.1316,27.2609,6.1285,4.3688,27.8271,10.4973,38.3244
Greece,2023,13196,0.4016,1.2352,4.077,5.873,4.6681,28.2889,5.9412,4.9182,29.0239,10.8594,39.8833
Greece,2024,11087,0.5322,1.5153,4.0498,5.1141,5.5561,27.8254,5.2043,5.8537,28.4748,11.058,39.5328
Greece,2025,8233,0.5466,1.907,4.3119,4.239,7.227,30.1591,4.3605,7.5793,30.9608,11.9398,42.9006
Grenada,2010,7,0.0,0.0,0.0,14.2857,0.0,0.0,14.2857,0.0,0.0,14.2857,14.2857
Grenada,2011,11,0.0,0.0,9.0909,9.0909,0.0,27.2727,9.0909,0.0,27.2727,9.0909,36.3636
Grenada,2012,7,0.0,0.0,0.0,0.0,0.0,0.0,0.0,0.0,0.0,0.0,0.0
Grenada,2013,9,0.0,0.0,0.0,22.2222,0.0,44.4444,22.2222,0.0,44.4444,22.2222,66.6666
Grenada,2014,35,0.0,0.0,14.2857,5.7143,0.0,31.4286,5.7143,0.0,34.2857,5.7143,40.0
Grenada,2015,33,0.0,0.0,12.1212,3.0303,0.0,21.2121,3.0303,0.0,21.2121,3.0303,24.2424
Grenada,2016,29,0.0,0.0,3.4483,3.4483,3.4483,17.2414,3.4483,3.4483,20.6897,6.8966,27.5863
Grenada,2017,75,0.0,0.0,1.3333,5.3333,4.0,13.3333,5.3333,4.0,13.3333,9.3333,22.6666
Grenada,2018,73,0.0,2.7397,1.3699,2.7397,4.1096,20.5479,2.7397,4.1096,20.5479,6.8493,27.3972
Grenada,2019,56,0.0,0.0,0.0,8.9286,3.5714,25.0,8.9286,3.5714,25.0,12.5,37.5
Grenada,2020,95,0.0,1.0526,3.1579,4.2105,3.1579,15.7895,4.2105,4.2105,17.8947,8.421,26.3157
Grenada,2021,106,0.0,0.0,3.7736,3.7736,4.717,16.0377,3.7736,4.717,17.9245,8.4906,26.4151
Grenada,2022,129,0.0,0.7752,5.4264,2.3256,3.876,27.1318,2.3256,3.876,29.4574,6.2016,35.659
Grenada,2023,117,0.0,1.7094,2.5641,9.4017,5.9829,29.9145,9.4017,6.8376,29.9145,16.2393,46.1538
Grenada,2024,123,0.0,2.439,3.252,4.065,4.878,21.9512,4.065,4.878,22.7642,8.943,31.7072
Grenada,2025,110,0.0,0.9091,2.7273,3.6364,4.5455,23.6364,3.6364,4.5455,24.5455,8.1819,32.7274
Guatemala,2010,14,0.0,0.0,0.0,0.0,0.0,21.4286,0.0,0.0,21.4286,0.0,21.4286
Guatemala,2011,10,0.0,20.0,10.0,0.0,20.0,40.0,0.0,20.0,40.0,20.0,60.0
Guatemala,2012,21,0.0,0.0,0.0,9.5238,0.0,28.5714,9.5238,0.0,28.5714,9.5238,38.0952
Guatemala,2013,39,0.0,0.0,5.1282,2.5641,2.5641,15.3846,2.5641,2.5641,15.3846,5.1282,20.5128
Guatemala,2014,47,0.0,0.0,2.1277,2.1277,4.2553,19.1489,2.1277,4.2553,21.2766,6.383,27.6596
Guatemala,2015,63,0.0,1.5873,4.7619,3.1746,3.1746,26.9841,3.1746,4.7619,26.9841,7.9365,34.9206
Guatemala,2016,90,0.0,0.0,3.3333,7.7778,0.0,24.4444,7.7778,0.0,24.4444,7.7778,32.2222
Guatemala,2017,86,0.0,0.0,1.1628,5.814,3.4884,24.4186,5.814,3.4884,25.5814,9.3024,34.8838
Guatemala,2018,115,0.0,0.8696,3.4783,6.087,6.9565,31.3043,6.087,6.9565,31.3043,13.0435,44.3478
Guatemala,2019,106,0.0,1.8868,4.717,2.8302,1.8868,21.6981,2.8302,3.7736,21.6981,6.6038,28.3019
Guatemala,2020,180,0.0,0.5556,2.7778,5.5556,2.2222,26.1111,5.5556,2.7778,27.2222,8.3334,35.5556
Guatemala,2021,171,0.5848,0.0,4.0936,6.4327,2.3392,23.9766,6.4327,2.3392,24.5614,8.7719,33.3333
Guatemala,2022,211,0.0,0.9479,5.6872,7.5829,3.3175,23.2227,7.5829,3.7915,23.6967,11.3744,35.0711
Guatemala,2023,189,0.5291,0.5291,4.7619,4.2328,2.1164,23.2804,4.2328,2.1164,23.8095,6.3492,30.1587
Guatemala,2024,177,0.0,1.6949,5.0847,5.0847,2.8249,28.2486,5.0847,3.3898,29.9435,8.4745,38.418
Guatemala,2025,159,0.0,1.2579,3.7736,3.1447,5.6604,23.8994,3.1447,5.6604,25.1572,8.8051,33.9623
Guinea,2010,19,0.0,0.0,5.2632,5.2632,0.0,26.3158,5.2632,0.0,26.3158,5.2632,31.579
Guinea,2011,18,0.0,0.0,5.5556,0.0,0.0,22.2222,0.0,0.0,22.2222,0.0,22.2222
Guinea,2012,18,0.0,0.0,5.5556,11.1111,0.0,38.8889,11.1111,0.0,38.8889,11.1111,50.0
Guinea,2013,28,0.0,0.0,0.0,10.7143,0.0,17.8571,10.7143,0.0,17.8571,10.7143,28.5714
Guinea,2014,61,1.6393,1.6393,8.1967,0.0,9.8361,39.3443,1.6393,9.8361,39.3443,11.4754,50.8197
Guinea,2015,60,0.0,0.0,5.0,5.0,5.0,28.3333,5.0,5.0,28.3333,10.0,38.3333
Guinea,2016,81,2.4691,2.4691,12.3457,6.1728,4.9383,32.0988,6.1728,4.9383,40.7407,11.1111,51.8518
Guinea,2017,80,0.0,0.0,5.0,3.75,3.75,30.0,3.75,3.75,32.5,7.5,40.0
Guinea,2018,98,1.0204,1.0204,6.1224,4.0816,2.0408,25.5102,5.102,2.0408,25.5102,7.1428,32.653
Guinea,2019,118,0.0,0.0,3.3898,3.3898,5.0847,31.3559,3.3898,5.0847,31.3559,8.4745,39.8304
Guinea,2020,142,0.0,0.7042,4.2254,6.338,1.4085,27.4648,6.338,2.1127,27.4648,8.4507,35.9155
Guinea,2021,159,0.6289,0.0,6.9182,1.8868,0.6289,28.9308,2.5157,0.6289,30.8176,3.1446,33.9622
Guinea,2022,174,1.1494,1.7241,8.046,3.4483,9.7701,32.7586,4.023,10.3448,33.908,14.3678,48.2758
Guinea,2023,258,5.4264,1.1628,4.2636,13.1783,2.7132,25.5814,13.5659,2.7132,26.3566,16.2791,42.6357
Guinea,2024,223,1.3453,0.8969,1.7937,7.6233,4.0359,31.8386,7.6233,4.0359,31.8386,11.6592,43.4978
Guinea,2025,139,1.4388,0.0,6.4748,5.7554,2.1583,25.8993,5.7554,2.1583,27.3381,7.9137,35.2518
Guinea-Bissau,2010,1,0.0,0.0,0.0,0.0,0.0,0.0,0.0,0.0,0.0,0.0,0.0
Guinea-Bissau,2011,6,0.0,0.0,0.0,0.0,0.0,0.0,0.0,0.0,0.0,0.0,0.0
Guinea-Bissau,2012,2,50.0,0.0,0.0,50.0,50.0,100.0,50.0,50.0,100.0,100.0,200.0
Guinea-Bissau,2013,4,0.0,0.0,0.0,0.0,0.0,0.0,0.0,0.0,0.0,0.0,0.0
Guinea-Bissau,2014,6,0.0,0.0,0.0,0.0,0.0,50.0,0.0,0.0,50.0,0.0,50.0
Guinea-Bissau,2015,9,0.0,0.0,0.0,11.1111,0.0,11.1111,11.1111,0.0,11.1111,11.1111,22.2222
Guinea-Bissau,2016,16,0.0,0.0,0.0,0.0,18.75,18.75,0.0,18.75,18.75,18.75,37.5
Guinea-Bissau,2017,13,0.0,7.6923,23.0769,0.0,0.0,61.5385,0.0,7.6923,61.5385,7.6923,69.2308
Guinea-Bissau,2018,13,0.0,0.0,7.6923,0.0,0.0,30.7692,0.0,0.0,30.7692,0.0,30.7692
Guinea-Bissau,2019,13,0.0,0.0,0.0,0.0,0.0,23.0769,0.0,0.0,23.0769,0.0,23.0769
Guinea-Bissau,2020,11,0.0,0.0,9.0909,0.0,0.0,54.5455,0.0,0.0,54.5455,0.0,54.5455
Guinea-Bissau,2021,15,0.0,0.0,13.3333,0.0,0.0,46.6667,0.0,0.0,46.6667,0.0,46.6667
Guinea-Bissau,2022,25,0.0,0.0,0.0,0.0,0.0,48.0,0.0,0.0,48.0,0.0,48.0
Guinea-Bissau,2023,18,0.0,0.0,5.5556,5.5556,5.5556,33.3333,5.5556,5.5556,33.3333,11.1112,44.4445
Guinea-Bissau,2024,22,0.0,0.0,13.6364,0.0,0.0,36.3636,0.0,0.0,40.9091,0.0,40.9091
Guinea-Bissau,2025,10,0.0,0.0,10.0,0.0,0.0,50.0,0.0,0.0,50.0,0.0,50.0
Guyana,2010,7,0.0,0.0,28.5714,0.0,0.0,42.8571,0.0,0.0,42.8571,0.0,42.8571
Guyana,2011,3,0.0,0.0,33.3333,0.0,0.0,33.3333,0.0,0.0,33.3333,0.0,33.3333
Guyana,2012,10,0.0,0.0,10.0,20.0,0.0,20.0,20.0,0.0,20.0,20.0,40.0
Guyana,2013,15,0.0,0.0,0.0,0.0,6.6667,33.3333,0.0,6.6667,33.3333,6.6667,40.0
Guyana,2014,12,0.0,0.0,8.3333,16.6667,0.0,25.0,16.6667,0.0,25.0,16.6667,41.6667
Guyana,2015,31,0.0,0.0,6.4516,6.4516,0.0,16.129,6.4516,0.0,16.129,6.4516,22.5806
Guyana,2016,28,0.0,0.0,3.5714,0.0,3.5714,25.0,0.0,3.5714,25.0,3.5714,28.5714
Guyana,2017,41,0.0,0.0,2.439,7.3171,4.878,36.5854,7.3171,4.878,36.5854,12.1951,48.7805
Guyana,2018,54,0.0,1.8519,7.4074,9.2593,3.7037,20.3704,9.2593,3.7037,20.3704,12.963,33.3334
Guyana,2019,85,0.0,0.0,3.5294,4.7059,0.0,35.2941,4.7059,0.0,36.4706,4.7059,41.1765
Guyana,2020,75,0.0,0.0,1.3333,8.0,2.6667,36.0,8.0,2.6667,36.0,10.6667,46.6667
Guyana,2021,55,0.0,1.8182,9.0909,3.6364,9.0909,36.3636,3.6364,9.0909,38.1818,12.7273,50.9091
Guyana,2022,114,0.0,0.0,4.386,7.0175,3.5088,21.9298,7.0175,3.5088,21.9298,10.5263,32.4561
Guyana,2023,167,0.5988,1.1976,4.1916,5.3892,5.3892,29.3413,5.3892,5.3892,29.3413,10.7784,40.1197
Guyana,2024,132,0.0,2.2727,4.5455,5.303,6.0606,29.5455,5.303,6.0606,29.5455,11.3636,40.9091
Guyana,2025,53,0.0,1.8868,7.5472,0.0,9.434,39.6226,0.0,9.434,39.6226,9.434,49.0566
Haiti,2010,7,0.0,0.0,14.2857,14.2857,14.2857,71.4286,14.2857,14.2857,71.4286,28.5714,100.0
Haiti,2011,9,0.0,0.0,11.1111,0.0,0.0,11.1111,0.0,0.0,11.1111,0.0,11.1111
Haiti,2012,7,0.0,0.0,0.0,0.0,0.0,14.2857,0.0,0.0,14.2857,0.0,14.2857
Haiti,2013,11,0.0,0.0,27.2727,0.0,0.0,54.5455,0.0,0.0,54.5455,0.0,54.5455
Haiti,2014,30,3.3333,0.0,6.6667,6.6667,10.0,50.0,6.6667,10.0,50.0,16.6667,66.6667
Haiti,2015,33,0.0,3.0303,3.0303,3.0303,6.0606,15.1515,3.0303,6.0606,15.1515,9.0909,24.2424
Haiti,2016,48,0.0,0.0,4.1667,0.0,2.0833,31.25,0.0,2.0833,31.25,2.0833,33.3333
Haiti,2017,56,1.7857,0.0,1.7857,7.1429,3.5714,26.7857,7.1429,3.5714,26.7857,10.7143,37.5
Haiti,2018,58,0.0,0.0,6.8966,8.6207,6.8966,27.5862,8.6207,6.8966,29.3103,15.5173,44.8276
Haiti,2019,48,0.0,0.0,2.0833,2.0833,0.0,35.4167,2.0833,0.0,35.4167,2.0833,37.5
Haiti,2020,68,0.0,0.0,7.3529,2.9412,1.4706,32.3529,2.9412,1.4706,32.3529,4.4118,36.7647
Haiti,2021,58,3.4483,0.0,10.3448,6.8966,3.4483,32.7586,6.8966,3.4483,32.7586,10.3449,43.1035
Haiti,2022,98,0.0,1.0204,5.102,2.0408,6.1224,25.5102,2.0408,7.1429,27.551,9.1837,36.7347
Haiti,2023,77,0.0,0.0,7.7922,1.2987,2.5974,29.8701,1.2987,2.5974,29.8701,3.8961,33.7662
Haiti,2024,69,0.0,0.0,4.3478,1.4493,4.3478,26.087,1.4493,4.3478,26.087,5.7971,31.8841
Haiti,2025,39,0.0,0.0,0.0,5.1282,5.1282,25.641,5.1282,5.1282,25.641,10.2564,35.8974
Honduras,2010,8,0.0,0.0,0.0,12.5,0.0,12.5,12.5,0.0,12.5,12.5,25.0
Honduras,2011,15,0.0,0.0,13.3333,0.0,0.0,53.3333,0.0,0.0,60.0,0.0,60.0
Honduras,2012,9,0.0,0.0,22.2222,0.0,0.0,44.4444,0.0,0.0,44.4444,0.0,44.4444
Honduras,2013,12,0.0,0.0,0.0,0.0,0.0,33.3333,0.0,0.0,33.3333,0.0,33.3333
Honduras,2014,17,0.0,0.0,0.0,0.0,0.0,17.6471,0.0,0.0,17.6471,0.0,17.6471
Honduras,2015,31,0.0,0.0,9.6774,3.2258,0.0,9.6774,3.2258,0.0,16.129,3.2258,19.3548
Honduras,2016,21,0.0,0.0,4.7619,4.7619,0.0,28.5714,4.7619,0.0,28.5714,4.7619,33.3333
Honduras,2017,33,0.0,0.0,0.0,3.0303,3.0303,27.2727,3.0303,3.0303,27.2727,6.0606,33.3333
Honduras,2018,64,0.0,1.5625,3.125,4.6875,4.6875,26.5625,4.6875,4.6875,26.5625,9.375,35.9375
Honduras,2019,73,1.3699,0.0,2.7397,4.1096,1.3699,13.6986,4.1096,1.3699,13.6986,5.4795,19.1781
Honduras,2020,122,0.0,0.0,5.7377,4.0984,3.2787,23.7705,4.0984,3.2787,24.5902,7.3771,31.9673
Honduras,2021,108,0.0,0.0,7.4074,2.7778,0.9259,17.5926,2.7778,0.9259,19.4444,3.7037,23.1481
Honduras,2022,119,0.0,0.8403,3.3613,6.7227,3.3613,22.6891,6.7227,3.3613,22.6891,10.084,32.7731
Honduras,2023,129,0.0,0.0,3.876,4.6512,2.3256,30.2326,4.6512,2.3256,31.0078,6.9768,37.9846
Honduras,2024,124,0.0,0.0,10.4839,5.6452,3.2258,27.4194,5.6452,3.2258,29.8387,8.871,38.7097
Honduras,2025,95,1.0526,2.1053,3.1579,6.3158,6.3158,29.4737,6.3158,6.3158,29.4737,12.6316,42.1053
Hong Kong,2010,3238,0.6485,0.2471,3.9531,7.1649,1.4824,24.8919,7.2267,1.5442,25.3552,8.7709,34.1261
Hong Kong,2011,3228,0.1549,0.2788,3.8414,5.886,1.7658,23.0173,5.917,1.8897,23.575,7.8067,31.3817
Hong Kong,2012,3622,0.6074,0.4141,3.8653,5.8531,2.4848,25.3451,5.9359,2.54,25.8145,8.4759,34.2904
Hong Kong,2013,4155,0.3851,0.6258,4.1396,6.5223,2.4549,25.8724,6.5704,2.5511,26.4741,9.1215,35.5956
Hong Kong,2014,4895,0.3473,0.6742,4.2084,5.9653,2.5128,26.1287,6.0674,2.5945,26.762,8.6619,35.4239
Hong Kong,2015,4665,0.6431,0.4502,3.9014,6.2165,2.5295,26.3451,6.388,2.5509,26.7953,8.9389,35.7342
Hong Kong,2016,5656,0.5304,0.4066,4.4908,6.1704,2.546,26.1846,6.2588,2.6344,26.662,8.8932,35.5552
Hong Kong,2017,6398,0.5314,0.422,4.3295,5.5799,2.5477,27.6336,5.7674,2.6415,28.2432,8.4089,36.6521
Hong Kong,2018,7874,0.5588,0.7747,4.4831,5.4356,2.7432,28.3338,5.5372,2.8702,28.9053,8.4074,37.3127
Hong Kong,2019,8495,0.5768,0.5533,4.3555,5.4267,2.6839,28.6875,5.4856,2.8016,29.2054,8.2872,37.4926
Hong Kong,2020,9662,0.5071,0.7348,4.5746,5.2577,3.8294,29.6212,5.3716,3.9329,30.1801,9.3045,39.4846
Hong Kong,2021,8370,0.4182,0.8602,4.5639,5.4361,4.0741,30.1434,5.4839,4.1816,30.681,9.6655,40.3465
Hong Kong,2022,11215,0.5261,0.9541,4.601,6.1436,4.0481,31.342,6.2327,4.2621,31.9305,10.4948,42.4253
Hong Kong,2023,12540,0.5742,1.1802,5.5662,5.5183,4.7847,33.9474,5.6061,4.9043,34.6093,10.5104,45.1197
Hong Kong,2024,10692,0.4396,1.5339,4.6296,4.7699,5.462,31.8743,4.8915,5.6491,32.5009,10.5406,43.0415
Hong Kong,2025,6859,0.5103,1.6183,4.6217,4.1697,6.6482,33.8096,4.2426,6.7503,34.3636,10.9929,45.3565
Hungary,2010,1659,0.4219,0.2411,3.7372,5.4852,1.8686,22.4231,5.6058,1.9289,23.267,7.5347,30.8017
Hungary,2011,1978,0.3033,0.3033,2.8817,5.2578,1.6178,20.9302,5.3589,1.6684,21.5369,7.0273,28.5642
Hungary,2012,2106,0.5223,0.2374,3.2289,5.698,2.3267,22.3172,5.8405,2.4217,22.9345,8.2622,31.1967
Hungary,2013,2342,0.5551,0.5551,2.8181,5.1238,1.9214,22.0751,5.38,2.0068,22.5875,7.3868,29.9743
Hungary,2014,3194,0.6888,0.4696,2.8491,5.1659,2.0977,24.5147,5.3225,2.2229,25.0157,7.5454,32.5611
Hungary,2015,3215,0.4977,0.311,3.1104,7.2473,2.7061,23.3281,7.3095,2.7372,23.7325,10.0467,33.7792
Hungary,2016,3618,0.387,0.6081,3.1786,5.9978,2.5152,23.6871,6.0531,2.6534,24.3781,8.7065,33.0846
Hungary,2017,3736,0.5621,0.5353,4.1488,6.0493,2.1681,22.5642,6.2099,2.3019,23.394,8.5118,31.9058
Hungary,2018,4526,0.3756,0.5745,3.4468,5.8772,2.4967,23.1551,5.9655,2.563,23.84,8.5285,32.3685
Hungary,2019,5203,0.3844,0.5766,4.0746,6.4194,2.8445,24.4859,6.477,2.9406,25.2354,9.4176,34.653
Hungary,2020,6405,0.4684,0.7182,3.669,6.6667,2.9977,24.8712,6.776,3.1382,25.6362,9.9142,35.5504
Hungary,2021,6451,0.434,0.5115,3.7669,5.6115,2.7438,24.8799,5.7355,2.9298,25.7479,8.6653,34.4132
Hungary,2022,7732,0.5949,0.8019,4.2421,6.195,3.3238,27.0176,6.2597,3.4661,27.716,9.7258,37.4418
Hungary,2023,7893,0.6968,0.8742,4.0162,6.7528,3.256,27.7461,6.9049,3.3827,28.4049,10.2876,38.6925
Hungary,2024,6930,0.6494,1.1111,4.127,5.469,4.1703,27.8355,5.5844,4.3867,28.4416,9.9711,38.4127
Hungary,2025,4455,0.5387,1.257,4.2424,5.1852,3.9955,27.9686,5.2974,4.2424,28.642,9.5398,38.1818
Iceland,2010,237,0.0,0.4219,1.2658,5.4852,1.2658,21.097,5.4852,1.2658,21.097,6.751,27.848
Iceland,2011,251,0.0,0.3984,1.5936,5.9761,1.5936,20.3187,5.9761,1.5936,20.3187,7.5697,27.8884
Iceland,2012,328,1.5244,0.3049,1.5244,6.7073,1.5244,21.6463,7.3171,1.8293,21.6463,9.1464,30.7927
Iceland,2013,380,1.0526,0.2632,3.1579,5.2632,2.1053,21.3158,6.3158,2.1053,21.8421,8.4211,30.2632
Iceland,2014,481,0.4158,0.4158,2.7027,4.5738,2.4948,18.9189,4.5738,2.7027,19.5426,7.2765,26.8191
Iceland,2015,489,0.409,0.0,0.818,5.5215,1.4315,21.8814,5.5215,1.4315,21.8814,6.953,28.8344
Iceland,2016,558,0.1792,0.1792,3.405,6.4516,2.1505,22.2222,6.4516,2.1505,22.4014,8.6021,31.0035
Iceland,2017,686,0.8746,0.8746,2.9155,6.5598,3.0612,18.8047,6.8513,3.207,19.6793,10.0583,29.7376
Iceland,2018,756,0.6614,0.9259,2.5132,6.8783,2.5132,21.0317,7.0106,2.6455,21.164,9.6561,30.8201
Iceland,2019,834,0.4796,0.5995,3.3573,4.1966,2.6379,23.2614,4.3165,2.7578,23.741,7.0743,30.8153
Iceland,2020,865,0.4624,1.3873,3.4682,6.2428,2.4277,23.6994,6.3584,2.7746,23.815,9.133,32.948
Iceland,2021,869,0.2301,0.4603,3.6824,5.7537,2.9919,22.5547,5.7537,3.107,23.3602,8.8607,32.2209
Iceland,2022,994,0.503,0.8048,4.6278,5.2314,3.8229,23.4406,5.332,4.0241,24.3461,9.3561,33.7022
Iceland,2023,1055,0.4739,0.8531,2.1801,5.4028,3.5071,25.782,5.5924,3.8863,26.3507,9.4787,35.8294
Iceland,2024,912,0.3289,0.9868,4.7149,5.1535,3.8377,25.8772,5.1535,3.8377,26.3158,8.9912,35.307
Iceland,2025,645,0.3101,0.4651,3.7209,5.1163,2.9457,23.7209,5.1163,3.1008,24.4961,8.2171,32.7132
India,2010,19423,0.3141,0.3604,3.8099,3.9129,1.7711,21.1553,4.0004,1.8432,21.8195,5.8436,27.6631
India,2011,24405,0.2172,0.2336,3.36,3.487,1.5857,20.4057,3.5648,1.639,21.008,5.2038,26.2118
India,2012,31930,0.2286,0.2505,3.4325,3.373,1.7664,20.7798,3.4419,1.829,21.3874,5.2709,26.6583
India,2013,40862,0.2545,0.3353,3.5657,3.4017,1.7351,21.1027,3.4604,1.8403,21.6974,5.3007,26.9981
India,2014,48119,0.2328,0.3034,3.8301,3.4934,1.833,22.5732,3.562,1.9161,23.207,5.4781,28.6851
India,2015,47309,0.2748,0.3847,4.2191,3.4687,1.9658,23.6741,3.5532,2.0694,24.3865,5.6226,30.0091
India,2016,55644,0.2678,0.4205,4.1083,3.6105,2.1296,23.8858,3.6734,2.2518,24.5741,5.9252,30.4993
India,2017,66919,0.2645,0.3915,3.9152,3.7852,2.0951,22.5751,3.8554,2.2221,23.2236,6.0775,29.3011
India,2018,84201,0.2933,0.4572,3.9263,4.1484,2.2375,23.2859,4.222,2.3658,23.9724,6.5878,30.5602
India,2019,89412,0.2975,0.4988,4.0956,3.9044,2.3554,24.0091,3.9715,2.5075,24.7405,6.479,31.2195
India,2020,104620,0.3298,0.6614,3.8645,3.9075,3.0004,24.524,3.9983,3.2049,25.1902,7.2032,32.3934
India,2021,93572,0.2554,0.7855,4.0995,3.593,3.5769,26.1179,3.6614,3.7981,26.8328,7.4595,34.2923
India,2022,130556,0.2796,0.8854,4.2227,3.8359,3.9286,26.9754,3.8903,4.1951,27.6969,8.0854,35.7823
India,2023,141646,0.3198,1.066,4.231,3.5603,4.4548,28.5952,3.6238,4.7379,29.2546,8.3617,37.6163
India,2024,116708,0.2802,1.2338,4.3605,3.1223,4.9388,29.0092,3.1866,5.2421,29.7032,8.4287,38.1319
India,2025,68712,0.2023,1.2749,4.9176,2.5396,5.2917,31.5403,2.5891,5.6307,32.3641,8.2198,40.5839
Indonesia,2010,626,0.4792,0.0,2.5559,7.0288,1.1182,22.2045,7.0288,1.1182,23.0032,8.147,31.1502
Indonesia,2011,721,0.0,0.6935,3.6061,4.577,1.2483,22.7462,4.577,1.5257,23.1623,6.1027,29.265
Indonesia,2012,995,0.603,0.402,5.8291,4.1206,1.608,24.4221,4.4221,1.7085,25.0251,6.1306,31.1557
Indonesia,2013,1684,0.5938,0.2375,2.9691,4.6318,1.6033,21.9715,4.6318,1.6627,22.3278,6.2945,28.6223
Indonesia,2014,2209,0.4527,0.3169,4.3459,4.6627,1.5844,24.4002,4.7533,1.6297,25.034,6.383,31.417
Indonesia,2015,3134,0.5105,0.4786,3.4142,4.18,1.7549,20.6126,4.2757,1.8826,21.187,6.1583,27.3453
Indonesia,2016,4481,0.6918,0.3571,3.6153,5.8692,1.8076,23.4769,6.0701,1.8299,23.8116,7.9,31.7116
Indonesia,2017,7857,0.7509,0.5218,3.9201,5.2565,1.96,22.2604,5.3965,2.0237,22.7059,7.4202,30.1261
Indonesia,2018,14525,0.7573,0.5164,4.5577,5.4182,1.8589,21.5904,5.5491,1.9071,22.2238,7.4562,29.68
Indonesia,2019,20929,0.8218,0.5877,4.0948,5.1985,2.0068,20.6842,5.3658,2.0593,21.2576,7.4251,28.6827
Indonesia,2020,26454,0.8619,0.6237,4.6307,5.8441,2.0526,22.1517,6.0142,2.1207,22.8056,8.1349,30.9405
Indonesia,2021,24368,0.9849,0.6156,4.8219,5.8478,2.097,23.1164,6.0776,2.1504,23.8058,8.228,32.0338
Indonesia,2022,39165,1.1975,0.6026,5.0223,6.1866,2.2929,23.978,6.442,2.3873,24.647,8.8293,33.4763
Indonesia,2023,49099,1.1243,0.8289,5.3015,5.7374,2.7964,25.029,5.9288,2.8982,25.7806,8.827,34.6076
Indonesia,2024,33240,1.0259,1.0349,5.2166,4.8797,3.3243,25.5445,5.0722,3.4326,26.2726,8.5048,34.7774
Indonesia,2025,10090,0.8127,1.0208,4.777,3.9941,3.7562,28.3152,4.1328,3.9643,29.0188,8.0971,37.1159
Iran,2010,5640,0.3369,0.2837,3.4397,4.5035,1.117,19.4681,4.5922,1.1879,19.8759,5.7801,25.656
Iran,2011,7585,0.2769,0.5405,3.4146,4.1661,1.1734,19.5386,4.2057,1.3184,20.0264,5.5241,25.5505
Iran,2012,10742,0.3444,0.6237,3.6306,4.3567,1.6664,20.1545,4.4126,1.7874,20.7038,6.2,26.9038
Iran,2013,13479,0.4155,0.6009,3.4943,4.5701,1.6396,21.0624,4.6739,1.7583,21.6559,6.4322,28.0881
Iran,2014,15289,0.4775,0.5233,3.5908,4.6046,1.6613,21.1786,4.6766,1.7791,21.7215,6.4557,28.1772
Iran,2015,15460,0.4851,0.5821,3.7904,4.3079,1.7206,23.0078,4.392,1.8176,23.5576,6.2096,29.7672
Iran,2016,19352,0.4547,0.4961,3.8859,4.7437,1.6846,23.4808,4.8315,1.7518,24.0079,6.5833,30.5912
Iran,2017,20890,0.5122,0.5697,3.7913,4.3992,1.752,23.0876,4.495,1.8573,23.6668,6.3523,30.0191
Iran,2018,26186,0.4774,0.6607,4.0976,4.6322,1.8903,23.6615,4.7163,1.9782,24.2611,6.6945,30.9556
Iran,2019,28544,0.4344,0.6726,4.2881,4.4843,1.9374,24.3133,4.5859,2.116,25.1191,6.7019,31.821
Iran,2020,31474,0.4226,0.664,4.2734,4.8993,2.2495,24.614,4.9692,2.4401,25.4051,7.4093,32.8144
Iran,2021,28181,0.3584,0.7239,4.464,4.4108,2.5833,25.5882,4.464,2.8175,26.3937,7.2815,33.6752
Iran,2022,30919,0.2911,0.676,4.3468,4.5344,2.6909,25.8029,4.5894,2.9108,26.5209,7.5002,34.0211
Iran,2023,29366,0.412,0.916,4.3792,4.4746,3.2657,27.617,4.5767,3.4802,28.3559,8.0569,36.4128
Iran,2024,24148,0.3686,1.0933,4.1039,3.9755,3.5075,27.3439,4.0376,3.7726,28.2094,7.8102,36.0196
Iran,2025,15364,0.2799,1.2822,4.4129,2.8508,4.4455,29.8425,2.8899,4.7188,30.6886,7.6087,38.2973
Iraq,2010,362,0.5525,0.0,2.4862,5.8011,1.6575,18.7845,5.8011,1.6575,19.0608,7.4586,26.5194
Iraq,2011,442,1.3575,0.6787,3.1674,6.1086,1.1312,18.552,6.5611,1.3575,19.0045,7.9186,26.9231
Iraq,2012,434,0.9217,0.0,2.9954,5.9908,0.9217,20.7373,6.2212,0.9217,20.7373,7.1429,27.8802
Iraq,2013,821,0.8526,0.2436,3.7759,5.6029,1.3398,25.335,5.8465,1.4616,25.944,7.3081,33.2521
Iraq,2014,1100,0.6364,0.6364,3.4545,4.7273,1.8182,22.6364,4.8182,1.9091,23.0,6.7273,29.7273
Iraq,2015,1188,0.5051,0.0842,3.367,4.3771,1.2626,22.6431,4.4613,1.2626,22.9798,5.7239,28.7037
Iraq,2016,1401,0.0714,0.571,5.2819,5.7102,1.4276,23.9115,5.7102,1.5703,25.1963,7.2805,32.4768
Iraq,2017,2401,0.5414,0.3332,4.2066,6.2057,1.541,25.4477,6.289,1.541,25.7809,7.83,33.6109
Iraq,2018,3997,0.4503,0.4003,4.1531,5.6793,1.8514,24.2932,5.8044,1.9515,24.8687,7.7559,32.6246
Iraq,2019,6052,0.38,0.347,4.1309,5.6015,1.8506,25.033,5.6841,1.9498,25.6279,7.6339,33.2618
Iraq,2020,7219,0.5818,0.4433,4.031,6.5106,2.1471,24.1446,6.6214,2.2579,24.7541,8.8793,33.6334
Iraq,2021,6977,0.5303,0.688,4.0132,4.9878,2.4796,25.6414,5.1311,2.6946,26.1717,7.8257,33.9974
Iraq,2022,12798,0.4532,0.5548,4.7273,6.5166,3.3599,25.8165,6.6026,3.4693,26.4494,10.0719,36.5213
Iraq,2023,14278,0.4482,0.7634,4.6505,5.7501,3.712,27.4548,5.8482,3.8591,28.0572,9.7073,37.7645
Iraq,2024,9896,0.6669,1.1217,4.9919,4.8909,4.6989,29.1633,5.0424,4.9414,29.901,9.9838,39.8848
Iraq,2025,4328,0.3928,1.4556,5.4991,3.2579,6.1229,34.7736,3.3272,6.6312,35.4667,9.9584,45.4251
Ireland,2010,2972,0.7402,0.2355,4.0713,5.249,2.0188,23.5532,5.4172,2.0525,24.1925,7.4697,31.6622
Ireland,2011,3486,0.9466,0.3729,3.471,4.8766,1.8933,23.0924,5.1635,2.008,23.9243,7.1715,31.0958
Ireland,2012,3850,0.6753,0.3377,3.6104,4.961,2.0,25.0909,5.1688,2.0779,25.5844,7.2467,32.8311
Ireland,2013,4144,0.6515,0.2654,3.9093,5.333,2.6062,25.0724,5.4778,2.6544,25.917,8.1322,34.0492
Ireland,2014,4779,0.7114,0.3766,3.8293,5.6079,2.5738,24.7123,5.7125,2.6575,25.2773,8.37,33.6473
Ireland,2015,4777,0.6489,0.3559,3.8937,5.2125,2.4074,25.9786,5.3799,2.512,26.6904,7.8919,34.5823
Ireland,2016,5648,0.7082,0.8322,3.8244,5.772,2.7443,25.9561,5.8605,2.886,26.5404,8.7465,35.2869
Ireland,2017,6056,0.8752,0.4789,3.6328,5.928,2.642,24.9505,6.0931,2.7741,25.71,8.8672,34.5772
Ireland,2018,7013,0.8841,0.7272,3.8785,5.7037,2.9374,25.5668,5.832,3.1941,26.1372,9.0261,35.1633
Ireland,2019,7673,0.7298,0.7168,3.9228,5.187,2.802,25.5181,5.3825,2.9324,26.2348,8.3149,34.5497
Ireland,2020,9249,0.5622,0.8541,4.0545,5.1789,3.4058,26.7705,5.3087,3.568,27.4516,8.8767,36.3283
Ireland,2021,9312,0.7088,0.9665,3.7586,5.4124,3.5653,27.2981,5.552,3.7693,27.9854,9.3213,37.3067
Ireland,2022,10503,0.6474,1.133,4.0084,6.0745,3.9132,28.1253,6.2458,4.2274,28.7632,10.4732,39.2364
Ireland,2023,11008,0.6632,1.1991,4.3877,5.3779,4.6239,28.6882,5.5142,4.8601,29.2333,10.3743,39.6076
Ireland,2024,9310,0.5371,1.4501,4.0709,5.1128,4.7261,28.3244,5.2417,5.0054,28.9474,10.2471,39.1945
Ireland,2025,6302,0.7934,1.4757,4.2209,4.332,5.4268,28.6576,4.4589,5.6649,29.3082,10.1238,39.432
Israel,2010,4989,1.1626,0.5211,3.9286,7.4764,2.7661,25.6965,7.6368,2.8863,26.4382,10.5231,36.9613
Israel,2011,5382,0.7061,0.5946,4.1434,7.1535,2.6013,24.2475,7.2835,2.7685,25.1022,10.052,35.1542
Israel,2012,6065,0.709,0.6925,3.9077,7.7659,3.0503,24.8805,7.8648,3.2811,25.474,11.1459,36.6199
Israel,2013,6815,0.675,0.7777,4.1673,6.8525,3.3162,23.507,6.9699,3.4336,24.0792,10.4035,34.4827
Israel,2014,7919,0.9092,0.6061,4.8996,7.3873,2.9928,26.8721,7.6146,3.2075,27.7308,10.8221,38.5529
Israel,2015,8206,0.8774,0.6215,4.9232,6.7024,2.9125,26.7365,6.8974,3.0344,27.5043,9.9318,37.4361
Israel,2016,9115,0.9106,0.768,4.7833,7.186,3.5656,26.7032,7.2737,3.7521,27.4493,11.0258,38.4751
Israel,2017,9311,0.6981,0.7948,4.3497,6.8736,3.1576,25.5826,7.0347,3.3724,26.3881,10.4071,36.7952
Israel,2018,10361,0.9652,0.7432,4.5169,7.0843,3.5807,24.9783,7.1904,3.7352,25.7408,10.9256,36.6664
Israel,2019,10972,0.7747,0.7382,4.3019,6.3525,3.7186,25.4284,6.5166,3.91,26.1484,10.4266,36.575
Israel,2020,12433,0.748,0.9089,4.5926,6.901,4.0216,26.3412,7.0055,4.1985,27.1696,11.204,38.3736
Israel,2021,12097,0.7027,0.9506,4.3317,6.109,4.0837,26.891,6.2412,4.2077,27.5936,10.4489,38.0425
Israel,2022,13135,0.8831,1.2714,4.3015,7.0346,4.6136,25.6947,7.1412,4.8877,26.3723,12.0289,38.4012
Israel,2023,13133,0.9594,1.2564,4.2336,6.7311,4.8504,26.5514,6.8301,5.056,27.1454,11.8861,39.0315
Israel,2024,11287,1.01,1.5416,4.7577,6.8397,5.3513,27.1108,6.9815,5.5816,27.8639,12.5631,40.427
Israel,2025,8326,1.2491,1.6815,5.1165,6.5818,5.9693,29.7862,6.7139,6.3296,30.4468,13.0435,43.4903
Italy,2010,19571,0.327,0.3117,3.2293,5.4468,1.865,23.8772,5.5541,1.9314,24.5005,7.4855,31.986
Italy,2011,22470,0.2937,0.3427,3.6671,4.8732,1.9092,24.6017,4.9577,1.9982,25.3004,6.9559,32.2563
Italy,2012,25400,0.374,0.3189,3.5709,5.2677,2.0866,24.9291,5.4055,2.1299,25.5512,7.5354,33.0866
Italy,2013,29812,0.3052,0.2683,3.5791,5.4542,1.9254,25.2482,5.5447,1.9891,25.9325,7.5338,33.4663
Italy,2014,34401,0.3343,0.3198,3.9417,5.4621,2.0581,26.133,5.5493,2.1395,26.8655,7.6888,34.5543
Italy,2015,34465,0.4294,0.3888,3.5427,5.2981,2.2371,26.6125,5.4055,2.3299,27.3292,7.7354,35.0646
Italy,2016,38992,0.3026,0.4283,3.9085,5.5345,2.1466,26.7363,5.614,2.2671,27.4031,7.8811,35.2842
Italy,2017,40558,0.3945,0.4044,3.7132,5.2369,2.2166,25.9234,5.3479,2.3374,26.6778,7.6853,34.3631
Italy,2018,46562,0.3651,0.5069,3.7563,5.3413,2.2679,26.2145,5.4379,2.414,27.0521,7.8519,34.904
Italy,2019,51248,0.3649,0.4898,3.926,5.0558,2.4664,26.2937,5.1534,2.6069,27.1113,7.7603,34.8716
Italy,2020,63049,0.4219,0.6186,3.9319,5.6575,2.9295,27.0948,5.778,3.1023,27.9259,8.8803,36.8062
Italy,2021,63291,0.3792,0.6952,4.0748,5.3151,3.0684,27.293,5.4147,3.2248,28.1983,8.6395,36.8378
Italy,2022,70924,0.4061,0.7557,3.9493,5.5285,3.3402,27.7607,5.6427,3.5108,28.4925,9.1535,37.646
Italy,2023,72689,0.4595,0.9259,4.1629,5.4809,3.7433,28.8792,5.6088,3.9525,29.6565,9.5613,39.2178
Italy,2024,61182,0.4462,1.2062,4.0486,5.16,4.2333,28.7846,5.2581,4.4654,29.5463,9.7235,39.2698
Italy,2025,41969,0.3503,1.3701,4.0339,4.0268,5.0132,29.1668,4.1292,5.2372,30.0508,9.3664,39.4172
Ivory Coast,2010,17,0.0,0.0,0.0,11.7647,5.8824,5.8824,11.7647,5.8824,5.8824,17.6471,23.5295
Ivory Coast,2011,38,0.0,0.0,7.8947,2.6316,0.0,26.3158,2.6316,0.0,26.3158,2.6316,28.9474
Ivory Coast,2012,60,0.0,0.0,0.0,5.0,3.3333,21.6667,5.0,3.3333,21.6667,8.3333,30.0
Ivory Coast,2013,69,0.0,0.0,4.3478,5.7971,1.4493,17.3913,5.7971,1.4493,18.8406,7.2464,26.087
Ivory Coast,2014,125,0.8,0.0,4.8,2.4,1.6,20.0,3.2,1.6,20.0,4.8,24.8
Ivory Coast,2015,158,1.2658,0.0,3.7975,8.2278,0.6329,18.3544,8.2278,0.6329,18.3544,8.8607,27.2151
Ivory Coast,2016,193,0.0,0.5181,5.6995,4.1451,1.0363,25.9067,4.1451,1.0363,26.4249,5.1814,31.6063
Ivory Coast,2017,240,0.8333,0.0,5.4167,4.5833,2.0833,23.3333,4.5833,2.0833,24.1667,6.6666,30.8333
Ivory Coast,2018,364,0.0,0.0,5.2198,5.4945,1.9231,22.8022,5.4945,1.9231,24.1758,7.4176,31.5934
Ivory Coast,2019,421,0.0,0.0,4.038,3.3254,1.1876,24.9406,3.3254,1.1876,25.6532,4.513,30.1662
Ivory Coast,2020,488,0.2049,0.0,4.5082,3.6885,2.2541,28.4836,3.6885,2.2541,29.0984,5.9426,35.041
Ivory Coast,2021,497,0.0,0.0,4.4266,5.2314,1.8109,25.9557,5.2314,1.8109,26.3581,7.0423,33.4004
Ivory Coast,2022,600,0.8333,0.6667,3.5,6.3333,1.6667,27.1667,6.3333,2.1667,27.6667,8.5,36.1667
Ivory Coast,2023,668,0.2994,0.5988,4.0419,3.7425,2.994,25.8982,3.7425,2.994,26.1976,6.7365,32.9341
Ivory Coast,2024,602,0.4983,0.4983,3.9867,4.9834,3.8206,28.0731,4.9834,4.3189,28.7375,9.3023,38.0398
Ivory Coast,2025,309,0.9709,0.0,6.7961,5.5016,3.8835,35.2751,5.5016,3.8835,36.8932,9.3851,46.2783
Jamaica,2010,76,0.0,0.0,2.6316,10.5263,0.0,19.7368,10.5263,0.0,19.7368,10.5263,30.2631
Jamaica,2011,90,0.0,0.0,3.3333,6.6667,1.1111,26.6667,6.6667,1.1111,26.6667,7.7778,34.4445
Jamaica,2012,115,3.4783,0.0,6.9565,9.5652,2.6087,20.0,10.4348,2.6087,20.8696,13.0435,33.9131
Jamaica,2013,80,0.0,1.25,2.5,5.0,1.25,18.75,5.0,1.25,18.75,6.25,25.0
Jamaica,2014,126,0.7937,2.381,2.381,7.1429,3.1746,22.2222,7.1429,4.7619,22.2222,11.9048,34.127
Jamaica,2015,140,0.7143,0.0,2.1429,5.7143,1.4286,17.8571,5.7143,1.4286,17.8571,7.1429,25.0
Jamaica,2016,138,0.7246,1.4493,3.6232,6.5217,2.1739,22.4638,6.5217,2.1739,23.1884,8.6956,31.884
Jamaica,2017,178,0.0,0.0,3.9326,2.2472,2.2472,20.7865,2.2472,2.2472,21.3483,4.4944,25.8427
Jamaica,2018,129,2.3256,0.0,2.3256,5.4264,1.5504,19.3798,6.9767,1.5504,20.155,8.5271,28.6821
Jamaica,2019,164,0.0,0.0,6.7073,7.9268,2.439,29.2683,7.9268,2.439,30.4878,10.3658,40.8536
Jamaica,2020,192,0.5208,1.0417,3.6458,5.2083,4.1667,33.3333,5.2083,4.6875,33.3333,9.8958,43.2291
Jamaica,2021,184,0.0,1.087,4.3478,4.8913,2.1739,21.7391,4.8913,2.7174,22.2826,7.6087,29.8913
Jamaica,2022,237,0.4219,0.0,3.7975,3.7975,3.7975,27.4262,3.7975,3.7975,27.4262,7.595,35.0212
Jamaica,2023,205,0.0,0.0,2.439,7.3171,5.8537,29.2683,7.3171,5.8537,29.7561,13.1708,42.9269
Jamaica,2024,199,0.5025,0.5025,4.0201,2.5126,3.5176,24.6231,3.0151,3.5176,25.1256,6.5327,31.6583
Jamaica,2025,110,0.9091,1.8182,6.3636,4.5455,6.3636,39.0909,5.4545,6.3636,39.0909,11.8181,50.909
Japan,2010,32593,0.2301,0.3099,3.7186,2.4422,1.801,21.6335,2.4913,1.8716,22.1551,4.3629,26.518
Japan,2011,37818,0.201,0.3226,3.7495,2.5173,1.8457,21.2439,2.5808,1.8906,21.8467,4.4714,26.3181
Japan,2012,39377,0.2362,0.386,3.8144,2.5929,1.9885,21.5507,2.6691,2.0672,22.1449,4.7363,26.8812
Japan,2013,42789,0.2173,0.4113,3.7767,2.7554,2.1033,21.9613,2.7998,2.2062,22.4941,5.006,27.5001
Japan,2014,46015,0.2369,0.3651,3.7466,2.836,2.1058,22.9338,2.9034,2.1862,23.4989,5.0896,28.5885
Japan,2015,45513,0.2351,0.3669,3.744,2.8212,2.1422,22.7847,2.8915,2.1862,23.4021,5.0777,28.4798
Japan,2016,48516,0.2309,0.3854,3.8029,2.8733,2.3023,23.349,2.9207,2.3559,23.9323,5.2766,29.2089
Japan,2017,49086,0.2322,0.3728,3.7241,2.8358,1.9415,21.4542,2.8908,2.0434,22.1387,4.9342,27.0729
Japan,2018,57187,0.278,0.4144,3.8523,3.0409,2.0512,22.1589,3.1073,2.1491,22.8723,5.2564,28.1287
Japan,2019,58948,0.3138,0.4563,3.8407,3.1451,2.0442,22.3214,3.2181,2.1443,23.0814,5.3624,28.4438
Japan,2020,65531,0.3189,0.5173,3.8135,3.1634,2.2692,23.0929,3.2351,2.3683,23.8025,5.6034,29.4059
Japan,2021,63350,0.3094,0.532,3.8769,3.2612,2.3031,23.3481,3.3386,2.4294,24.0584,5.768,29.8264
Japan,2022,66204,0.367,0.5921,4.1115,3.4802,2.5285,23.9215,3.5602,2.6433,24.645,6.2035,30.8485
Japan,2023,63567,0.3807,0.6293,4.1201,3.5065,2.6507,25.0932,3.5805,2.7546,25.7712,6.3351,32.1063
Japan,2024,54667,0.3677,0.6841,3.8927,3.0238,2.8171,24.6748,3.1116,2.9652,25.3791,6.0768,31.4559
Japan,2025,40461,0.2546,0.6723,3.8506,2.563,3.339,25.0735,2.6371,3.4898,25.8619,6.1269,31.9888
Jordan,2010,611,0.1637,0.8183,3.928,5.892,1.6367,21.2766,6.0556,1.6367,21.6039,7.6923,29.2962
Jordan,2011,563,0.0,0.3552,3.3748,5.6838,1.5986,20.6039,5.6838,1.5986,20.9591,7.2824,28.2415
Jordan,2012,755,0.2649,0.7947,2.9139,5.9603,1.457,22.649,5.9603,1.7219,22.649,7.6822,30.3312
Jordan,2013,1024,0.6836,0.5859,4.2969,6.8359,1.7578,21.9727,7.2266,1.7578,22.2656,8.9844,31.25
Jordan,2014,1117,0.7162,0.6267,4.2077,5.9982,2.2381,21.7547,6.0877,2.2381,22.3814,8.3258,30.7072
Jordan,2015,1125,0.6222,1.4222,4.6222,6.2222,3.0222,23.3778,6.2222,3.1111,23.8222,9.3333,33.1555
Jordan,2016,1247,0.1604,0.9623,3.8492,6.8966,1.9246,23.5766,6.8966,1.9246,23.8974,8.8212,32.7186
Jordan,2017,1529,0.7848,1.8313,4.1203,5.2976,3.0739,23.0216,5.6246,3.4663,23.741,9.0909,32.8319
Jordan,2018,2210,0.4072,1.3122,4.7964,6.0181,3.0317,23.1674,6.1086,3.1222,23.6652,9.2308,32.896
Jordan,2019,2505,0.479,1.3573,5.5888,5.3892,3.1537,26.7465,5.5888,3.3932,27.4651,8.982,36.4471
Jordan,2020,3084,0.4864,1.8482,5.2853,6.1284,4.0856,26.524,6.2257,4.2802,27.2698,10.5059,37.7757
Jordan,2021,2788,0.3228,1.6141,4.7346,5.0215,4.1966,27.726,5.2009,4.5552,28.5868,9.7561,38.3429
Jordan,2022,4929,0.6086,1.9679,4.5445,5.9038,4.788,27.2672,6.0459,5.0517,27.9164,11.0976,39.014
Jordan,2023,5507,0.3995,2.3425,5.3931,5.3568,6.174,29.4716,5.4476,6.4463,30.0708,11.8939,41.9647
Jordan,2024,4905,0.632,3.2824,5.2396,4.8318,7.8695,30.3568,4.9541,8.2977,30.9684,13.2518,44.2202
Jordan,2025,3140,0.414,2.6433,5.7643,3.8217,7.7389,32.4522,3.8217,8.1529,33.3758,11.9746,45.3504
Kazakhstan,2010,76,0.0,0.0,1.3158,3.9474,1.3158,19.7368,3.9474,1.3158,19.7368,5.2632,25.0
Kazakhstan,2011,72,2.7778,0.0,9.7222,9.7222,0.0,26.3889,9.7222,0.0,27.7778,9.7222,37.5
Kazakhstan,2012,120,0.8333,0.0,2.5,6.6667,0.8333,15.0,7.5,0.8333,15.8333,8.3333,24.1666
Kazakhstan,2013,270,0.3704,0.0,2.5926,7.4074,1.4815,22.2222,7.4074,1.4815,22.5926,8.8889,31.4815
Kazakhstan,2014,441,0.2268,0.907,3.1746,8.6168,2.2676,24.0363,8.6168,2.4943,24.263,11.1111,35.3741
Kazakhstan,2015,525,0.381,0.1905,3.2381,6.4762,0.9524,24.7619,6.4762,0.9524,24.9524,7.4286,32.381
Kazakhstan,2016,552,0.1812,0.3623,5.0725,6.8841,1.9928,24.4565,6.8841,2.1739,24.8188,9.058,33.8768
Kazakhstan,2017,800,0.5,0.5,5.0,6.75,1.5,25.0,6.75,1.5,25.625,8.25,33.875
Kazakhstan,2018,1203,0.9975,0.4988,4.1563,6.8163,1.995,24.1895,6.8994,2.3275,24.9377,9.2269,34.1646
Kazakhstan,2019,1570,0.8917,0.2548,4.3949,7.1338,2.1656,26.7516,7.3248,2.3567,27.5796,9.6815,37.2611
Kazakhstan,2020,2353,0.9775,0.6375,4.0374,9.1373,2.8049,27.1143,9.1798,3.0599,28.1343,12.2397,40.374
Kazakhstan,2021,1944,0.5144,0.463,4.1152,7.5617,2.6749,25.9774,7.8189,2.9321,26.5432,10.751,37.2942
Kazakhstan,2022,3295,0.3338,0.7284,3.8543,7.5873,3.2473,25.6146,7.6176,3.5205,26.434,11.1381,37.5721
Kazakhstan,2023,3774,0.5299,0.7154,4.2395,7.8166,2.8087,28.5374,7.9226,2.9677,29.0673,10.8903,39.9576
Kazakhstan,2024,3460,0.8382,0.6936,4.0173,5.7225,3.6705,27.9191,5.8092,3.815,28.6416,9.6242,38.2658
Kazakhstan,2025,2295,0.3922,1.3508,5.5338,3.9216,5.2288,32.244,4.0523,5.4031,32.8976,9.4554,42.353
Kenya,2010,373,0.5362,0.2681,6.4343,6.4343,4.2895,28.4182,6.7024,4.2895,29.2225,10.9919,40.2144
Kenya,2011,398,0.2513,1.005,6.0302,6.5327,3.5176,30.9045,6.5327,3.7688,31.407,10.3015,41.7085
Kenya,2012,499,0.6012,0.4008,4.4088,6.8136,2.004,28.4569,6.8136,2.4048,29.4589,9.2184,38.6773
Kenya,2013,678,0.295,0.59,7.2271,6.3422,3.0973,36.2832,6.3422,3.2448,37.0206,9.587,46.6076
Kenya,2014,1130,0.885,0.708,6.1947,6.8142,3.4513,37.3451,6.9912,3.5398,38.2301,10.531,48.7611
Kenya,2015,1241,0.4029,0.6446,5.9629,6.3658,3.2232,38.195,6.3658,3.3038,38.5979,9.6696,48.2675
Kenya,2016,1579,0.0633,0.76,6.8398,7.4731,3.7999,37.4921,7.4731,3.9265,37.9987,11.3996,49.3983
Kenya,2017,1969,0.4063,0.5587,6.7039,6.5515,3.5551,38.5475,6.6531,3.6059,39.2077,10.259,49.4667
Kenya,2018,2663,0.1878,0.6759,6.6842,5.8581,3.5674,39.3917,5.8956,3.6801,40.0676,9.5757,49.6433
Kenya,2019,3297,0.3033,0.7583,6.0358,5.8538,3.9733,42.1292,5.8841,4.0643,42.6145,9.9484,52.5629
Kenya,2020,3968,0.4032,1.1089,7.2581,5.9224,4.0071,39.2389,5.9476,4.3347,39.8438,10.2823,50.1261
Kenya,2021,3492,0.4296,1.0309,6.4147,6.0137,4.0951,39.118,6.071,4.2096,39.6334,10.2806,49.914
Kenya,2022,4811,0.4573,1.0601,6.402,5.8616,4.5936,42.6938,5.9031,4.7184,43.1927,10.6215,53.8142
Kenya,2023,5137,0.4867,1.0707,6.5018,5.6453,4.7304,42.7682,5.7037,4.8472,43.3716,10.5509,53.9225
Kenya,2024,4029,0.5957,1.4892,7.2971,5.2867,6.0809,42.4671,5.3363,6.3539,43.2365,11.6902,54.9267
Kenya,2025,2154,0.4178,1.6249,6.1281,4.1318,5.6639,41.0864,4.1783,5.7567,41.3185,9.935,51.2535
Kiribati,2010,1,0.0,0.0,0.0,0.0,0.0,0.0,0.0,0.0,0.0,0.0,0.0
Kiribati,2012,2,0.0,0.0,0.0,0.0,0.0,50.0,0.0,0.0,50.0,0.0,50.0
Kiribati,2013,3,0.0,0.0,0.0,0.0,0.0,0.0,0.0,0.0,0.0,0.0,0.0
Kiribati,2014,1,0.0,0.0,0.0,0.0,0.0,100.0,0.0,0.0,100.0,0.0,100.0
Kiribati,2017,5,0.0,0.0,20.0,0.0,0.0,20.0,0.0,0.0,20.0,0.0,20.0
Kiribati,2018,5,0.0,0.0,0.0,0.0,40.0,20.0,0.0,40.0,20.0,40.0,60.0
Kiribati,2019,3,0.0,0.0,0.0,33.3333,0.0,0.0,33.3333,0.0,0.0,33.3333,33.3333
Kiribati,2020,7,0.0,0.0,14.2857,0.0,0.0,57.1429,0.0,0.0,57.1429,0.0,57.1429
Kiribati,2021,9,0.0,0.0,11.1111,11.1111,0.0,33.3333,11.1111,0.0,44.4444,11.1111,55.5555
Kiribati,2022,7,0.0,0.0,0.0,0.0,0.0,28.5714,0.0,0.0,28.5714,0.0,28.5714
Kiribati,2023,5,0.0,0.0,0.0,20.0,0.0,20.0,20.0,0.0,20.0,20.0,40.0
Kiribati,2024,9,0.0,0.0,11.1111,0.0,11.1111,55.5556,0.0,11.1111,55.5556,11.1111,66.6667
Kiribati,2025,9,0.0,0.0,0.0,0.0,0.0,44.4444,0.0,0.0,44.4444,0.0,44.4444
Kosovo,2010,16,0.0,6.25,6.25,12.5,6.25,37.5,12.5,12.5,43.75,25.0,68.75
Kosovo,2011,13,0.0,7.6923,0.0,0.0,7.6923,30.7692,0.0,7.6923,30.7692,7.6923,38.4615
Kosovo,2012,22,0.0,0.0,4.5455,4.5455,0.0,27.2727,4.5455,0.0,27.2727,4.5455,31.8182
Kosovo,2013,32,6.25,0.0,0.0,15.625,0.0,18.75,18.75,0.0,18.75,18.75,37.5
Kosovo,2014,53,1.8868,1.8868,0.0,5.6604,5.6604,18.8679,7.5472,5.6604,18.8679,13.2076,32.0755
Kosovo,2015,64,1.5625,1.5625,0.0,4.6875,4.6875,29.6875,4.6875,4.6875,29.6875,9.375,39.0625
Kosovo,2016,73,1.3699,1.3699,6.8493,10.9589,5.4795,20.5479,10.9589,5.4795,20.5479,16.4384,36.9863
Kosovo,2017,143,0.6993,0.0,5.5944,13.2867,2.0979,31.4685,13.2867,2.0979,31.4685,15.3846,46.8531
Kosovo,2018,174,0.5747,0.0,4.5977,12.069,0.5747,23.5632,12.069,0.5747,24.7126,12.6437,37.3563
Kosovo,2019,196,0.5102,0.5102,5.6122,11.2245,2.551,26.5306,11.2245,3.0612,28.0612,14.2857,42.3469
Kosovo,2020,311,1.2862,0.3215,2.8939,14.4695,3.8585,23.4727,14.4695,3.8585,23.4727,18.328,41.8007
Kosovo,2021,270,0.3704,1.4815,4.8148,7.7778,4.0741,20.3704,7.7778,4.0741,21.8519,11.8519,33.7038
Kosovo,2022,435,1.1494,1.6092,4.5977,8.7356,5.2874,23.2184,9.1954,5.2874,24.1379,14.4828,38.6207
Kosovo,2023,485,2.268,0.8247,4.1237,9.8969,3.299,26.3918,10.1031,3.299,27.2165,13.4021,40.6186
Kosovo,2024,384,1.8229,1.5625,5.2083,10.4167,5.2083,27.6042,10.6771,5.2083,28.6458,15.8854,44.5312
Kosovo,2025,179,1.1173,0.0,5.5866,6.7039,3.9106,31.8436,7.2626,3.9106,32.4022,11.1732,43.5754
Kuwait,2010,233,0.8584,0.0,2.5751,5.5794,2.5751,21.8884,5.5794,2.5751,22.3176,8.1545,30.4721
Kuwait,2011,249,0.8032,0.0,3.6145,6.0241,1.2048,25.7028,6.0241,1.2048,26.506,7.2289,33.7349
Kuwait,2012,299,0.3344,0.0,5.3512,6.0201,1.6722,28.4281,6.0201,1.6722,29.097,7.6923,36.7893
Kuwait,2013,337,1.1869,0.2967,3.8576,12.1662,1.7804,24.6291,12.4629,1.7804,24.9258,14.2433,39.1691
Kuwait,2014,416,1.6827,0.2404,2.4038,7.9327,2.1635,21.875,8.1731,2.4038,22.3558,10.5769,32.9327
Kuwait,2015,463,1.5119,0.6479,3.2397,8.4233,3.2397,18.3585,8.8553,3.2397,19.2225,12.095,31.3175
Kuwait,2016,476,0.6303,0.8403,2.1008,7.1429,3.1513,23.1092,7.3529,3.1513,23.3193,10.5042,33.8235
Kuwait,2017,563,0.1776,0.7105,1.9538,6.3943,2.4867,16.6963,6.3943,2.6643,17.2291,9.0586,26.2877
Kuwait,2018,733,0.6821,0.5457,3.1378,5.1842,2.4557,26.4666,5.457,2.5921,26.7394,8.0491,34.7885
Kuwait,2019,871,0.5741,0.3444,2.5258,5.5109,2.7555,23.9954,5.6257,2.8703,24.225,8.496,32.721
Kuwait,2020,1138,0.6151,1.0545,4.1301,5.6239,3.0756,23.9016,5.7118,3.0756,24.6924,8.7874,33.4798
Kuwait,2021,1192,0.3356,0.755,3.8591,4.5302,4.0268,26.5101,4.698,4.1946,27.2651,8.8926,36.1577
Kuwait,2022,1517,0.3296,1.4502,4.087,5.1417,4.4166,26.5656,5.1417,4.7462,26.9611,9.8879,36.849
Kuwait,2023,1634,0.4896,1.9584,4.1004,4.6512,5.0184,27.1114,4.8348,5.4468,27.4786,10.2816,37.7602
Kuwait,2024,1596,0.5639,2.193,4.386,3.7594,6.7669,27.3183,3.8221,7.1429,27.9449,10.965,38.9099
Kuwait,2025,1006,0.7952,0.994,4.8708,3.0815,5.7654,28.6282,3.2803,5.8648,29.5229,9.1451,38.668
Kyrgyzstan,2010,16,0.0,6.25,0.0,6.25,12.5,43.75,6.25,12.5,43.75,18.75,62.5
Kyrgyzstan,2011,14,0.0,0.0,0.0,14.2857,0.0,28.5714,14.2857,0.0,28.5714,14.2857,42.8571
Kyrgyzstan,2012,15,0.0,0.0,6.6667,0.0,6.6667,26.6667,0.0,6.6667,26.6667,6.6667,33.3334
Kyrgyzstan,2013,31,0.0,0.0,9.6774,0.0,3.2258,25.8065,0.0,3.2258,29.0323,3.2258,32.2581
Kyrgyzstan,2014,36,0.0,2.7778,2.7778,5.5556,2.7778,13.8889,5.5556,2.7778,13.8889,8.3334,22.2223
Kyrgyzstan,2015,46,0.0,0.0,0.0,8.6957,4.3478,19.5652,8.6957,4.3478,19.5652,13.0435,32.6087
Kyrgyzstan,2016,53,0.0,0.0,1.8868,1.8868,1.8868,24.5283,1.8868,1.8868,24.5283,3.7736,28.3019
Kyrgyzstan,2017,77,1.2987,0.0,3.8961,2.5974,0.0,22.0779,3.8961,0.0,22.0779,3.8961,25.974
Kyrgyzstan,2018,119,0.8403,0.0,7.563,7.563,4.2017,26.8908,7.563,4.2017,27.7311,11.7647,39.4958
Kyrgyzstan,2019,193,0.5181,1.0363,2.5907,8.8083,4.1451,22.2798,8.8083,4.6632,23.3161,13.4715,36.7876
Kyrgyzstan,2020,233,0.8584,0.8584,1.7167,10.3004,3.0043,22.3176,11.1588,3.0043,22.7468,14.1631,36.9099
Kyrgyzstan,2021,230,0.0,3.0435,4.3478,6.087,4.7826,27.3913,6.087,5.2174,28.6957,11.3044,40.0001
Kyrgyzstan,2022,436,0.9174,1.1468,3.4404,5.9633,2.2936,26.3761,6.6514,2.7523,27.0642,9.4037,36.4679
Kyrgyzstan,2023,345,0.5797,0.8696,3.4783,6.3768,6.087,24.3478,6.3768,6.3768,25.2174,12.7536,37.971
Kyrgyzstan,2024,404,0.2475,1.7327,3.9604,6.4356,5.9406,30.6931,6.4356,5.9406,31.1881,12.3762,43.5643
Kyrgyzstan,2025,296,0.6757,3.3784,5.0676,5.0676,7.0946,30.4054,5.0676,7.7703,31.0811,12.8379,43.919
Laos,2010,23,0.0,0.0,8.6957,4.3478,0.0,26.087,4.3478,0.0,26.087,4.3478,30.4348
Laos,2011,38,2.6316,0.0,7.8947,10.5263,2.6316,26.3158,10.5263,2.6316,26.3158,13.1579,39.4737
Laos,2012,29,0.0,0.0,10.3448,3.4483,6.8966,31.0345,3.4483,6.8966,31.0345,10.3449,41.3794
Laos,2013,53,1.8868,0.0,1.8868,9.434,0.0,13.2075,9.434,0.0,13.2075,9.434,22.6415
Laos,2014,69,0.0,0.0,4.3478,2.8986,2.8986,40.5797,2.8986,2.8986,40.5797,5.7972,46.3769
Laos,2015,104,0.0,0.0,5.7692,2.8846,3.8462,25.0,2.8846,3.8462,26.9231,6.7308,33.6539
Laos,2016,99,0.0,0.0,3.0303,6.0606,2.0202,27.2727,6.0606,2.0202,27.2727,8.0808,35.3535
Laos,2017,114,0.8772,0.0,2.6316,7.0175,0.0,23.6842,7.0175,0.0,24.5614,7.0175,31.5789
Laos,2018,121,0.8264,0.0,7.438,2.4793,3.3058,33.0579,2.4793,3.3058,33.0579,5.7851,38.843
Laos,2019,124,0.0,0.0,3.2258,4.8387,1.6129,37.0968,4.8387,1.6129,37.0968,6.4516,43.5484
Laos,2020,125,0.8,0.0,4.0,7.2,0.8,29.6,7.2,0.8,29.6,8.0,37.6
Laos,2021,167,0.0,0.0,7.7844,2.994,1.7964,25.1497,2.994,1.7964,26.3473,4.7904,31.1377
Laos,2022,189,0.0,0.0,8.4656,4.7619,1.0582,37.5661,4.7619,1.0582,38.6243,5.8201,44.4444
Laos,2023,398,0.2513,1.005,2.5126,5.0251,2.2613,25.6281,5.0251,2.5126,26.1307,7.5377,33.6684
Laos,2024,409,0.489,0.978,2.445,2.934,3.1785,23.7164,3.1785,3.1785,24.2054,6.357,30.5624
Laos,2025,247,0.4049,0.4049,4.8583,4.8583,2.4291,28.7449,4.8583,2.4291,29.1498,7.2874,36.4372
Latvia,2010,147,1.3605,0.0,3.4014,8.8435,0.6803,21.7687,8.8435,0.6803,21.7687,9.5238,31.2925
Latvia,2011,200,1.0,0.0,4.5,6.0,0.5,27.0,6.5,0.5,27.5,7.0,34.5
Latvia,2012,286,0.0,0.3497,2.7972,9.0909,1.3986,19.5804,9.0909,1.3986,19.5804,10.4895,30.0699
Latvia,2013,472,1.0593,0.6356,2.7542,6.3559,1.0593,23.3051,6.7797,1.4831,23.5169,8.2628,31.7797
Latvia,2014,645,0.6202,0.155,4.6512,8.6822,0.7752,23.5659,8.6822,0.9302,24.186,9.6124,33.7984
Latvia,2015,767,0.6519,0.2608,1.8253,5.3455,1.043,18.6441,5.3455,1.043,19.1656,6.3885,25.5541
Latvia,2016,618,0.6472,0.3236,4.5307,5.8252,1.4563,23.6246,5.8252,1.4563,24.2718,7.2815,31.5533
Latvia,2017,877,0.5701,0.0,4.675,6.6135,1.7104,25.6556,6.6135,1.7104,26.2258,8.3239,34.5497
Latvia,2018,943,0.4242,0.106,3.9236,6.7869,1.9088,24.6023,6.8929,1.9088,26.193,8.8017,34.9947
Latvia,2019,1216,0.9868,0.4934,4.0296,7.3191,1.8914,23.1086,7.648,1.8914,23.9309,9.5394,33.4703
Latvia,2020,1564,0.9591,0.5115,3.7724,6.5217,2.7494,25.4476,6.6496,2.7494,25.8312,9.399,35.2302
Latvia,2021,1532,0.5222,0.5222,3.9164,7.376,2.154,26.5666,7.5718,2.2846,27.3499,9.8564,37.2063
Latvia,2022,2012,0.5964,0.497,4.5726,7.4056,2.2863,27.3857,7.505,2.2863,28.0815,9.7913,37.8728
Latvia,2023,2139,0.6545,1.0753,3.6933,7.2464,3.5531,28.518,7.2931,3.7401,29.3128,11.0332,40.346
Latvia,2024,1696,0.7075,1.2382,3.4788,6.25,5.0118,28.5377,6.6038,5.1887,28.7146,11.7925,40.5071
Latvia,2025,1069,0.1871,0.8419,4.4902,4.2095,3.7418,30.6829,4.2095,4.0225,31.4312,8.232,39.6632
Lebanon,2010,346,0.8671,0.0,2.3121,5.4913,2.3121,20.8092,5.4913,2.3121,20.8092,7.8034,28.6126
Lebanon,2011,426,0.7042,0.7042,3.2864,6.5728,2.8169,24.4131,6.8075,3.0516,25.8216,9.8591,35.6807
Lebanon,2012,493,0.8114,1.8256,3.2454,3.6511,5.071,25.355,4.0568,5.6795,25.5578,9.7363,35.2941
Lebanon,2013,615,1.1382,0.813,2.7642,5.5285,3.0894,21.9512,5.6911,3.252,22.439,8.9431,31.3821
Lebanon,2014,820,0.9756,2.0732,2.9268,5.7317,5.3659,27.9268,5.7317,5.9756,27.9268,11.7073,39.6341
Lebanon,2015,893,0.4479,1.0078,3.6954,4.3673,4.2553,27.4356,4.3673,4.3673,28.3315,8.7346,37.0661
Lebanon,2016,1149,1.0444,1.9147,4.1775,6.5274,5.396,27.067,6.6144,5.396,27.9373,12.0104,39.9477
Lebanon,2017,1266,0.5529,1.6588,3.3965,5.6082,4.1864,25.3555,5.6872,4.3444,25.9874,10.0316,36.019
Lebanon,2018,1542,0.8431,1.0376,3.6965,5.3178,4.6044,25.8106,5.4475,4.6693,26.4591,10.1168,36.5759
Lebanon,2019,1829,0.5467,1.9683,4.4833,4.9207,4.866,26.2985,4.9754,5.2488,27.1186,10.2242,37.3428
Lebanon,2020,2221,0.6303,2.1162,5.3129,5.9433,5.8082,28.0955,6.1684,6.1684,29.086,12.3368,41.4228
Lebanon,2021,1934,0.3619,2.637,5.1189,5.274,5.9979,28.2834,5.3257,6.4633,29.4209,11.789,41.2099
Lebanon,2022,2309,0.4331,2.4686,5.327,6.1932,6.7129,30.0996,6.1932,7.1026,31.0091,13.2958,44.3049
Lebanon,2023,3056,0.5563,2.2906,5.4647,5.9555,7.5589,31.1518,6.0537,7.9516,31.6754,14.0053,45.6807
Lebanon,2024,2730,0.6593,2.381,5.1282,4.9084,7.0696,29.8168,4.9817,7.5092,30.5128,12.4909,43.0037
Lebanon,2025,1473,0.6789,2.7834,4.3449,4.4128,7.8072,29.871,4.5485,8.2145,30.482,12.763,43.245
Lesotho,2010,25,0.0,0.0,4.0,4.0,0.0,36.0,4.0,0.0,36.0,4.0,40.0
Lesotho,2011,14,7.1429,0.0,7.1429,35.7143,0.0,42.8571,35.7143,0.0,42.8571,35.7143,78.5714
Lesotho,2012,6,0.0,0.0,16.6667,0.0,0.0,66.6667,0.0,0.0,66.6667,0.0,66.6667
Lesotho,2013,15,0.0,0.0,6.6667,6.6667,0.0,13.3333,6.6667,0.0,20.0,6.6667,26.6667
Lesotho,2014,26,0.0,0.0,11.5385,0.0,3.8462,23.0769,0.0,3.8462,30.7692,3.8462,34.6154
Lesotho,2015,28,0.0,3.5714,3.5714,14.2857,7.1429,28.5714,14.2857,7.1429,28.5714,21.4286,50.0
Lesotho,2016,28,0.0,0.0,3.5714,14.2857,3.5714,28.5714,14.2857,3.5714,28.5714,17.8571,46.4285
Lesotho,2017,28,0.0,0.0,0.0,14.2857,3.5714,17.8571,14.2857,3.5714,17.8571,17.8571,35.7142
Lesotho,2018,39,2.5641,5.1282,2.5641,15.3846,5.1282,33.3333,15.3846,7.6923,35.8974,23.0769,58.9743
Lesotho,2019,45,0.0,0.0,2.2222,6.6667,0.0,20.0,6.6667,0.0,20.0,6.6667,26.6667
Lesotho,2020,68,0.0,0.0,4.4118,11.7647,5.8824,25.0,11.7647,5.8824,25.0,17.6471,42.6471
Lesotho,2021,61,3.2787,0.0,9.8361,11.4754,4.918,40.9836,11.4754,4.918,40.9836,16.3934,57.377
Lesotho,2022,95,1.0526,3.1579,3.1579,6.3158,3.1579,28.4211,6.3158,4.2105,28.4211,10.5263,38.9474
Lesotho,2023,117,0.0,1.7094,7.6923,6.8376,6.8376,25.641,6.8376,6.8376,26.4957,13.6752,40.1709
Lesotho,2024,95,0.0,1.0526,3.1579,4.2105,3.1579,27.3684,4.2105,3.1579,27.3684,7.3684,34.7368
Lesotho,2025,39,2.5641,0.0,5.1282,10.2564,7.6923,28.2051,12.8205,7.6923,28.2051,20.5128,48.7179
Liberia,2010,2,0.0,0.0,0.0,0.0,0.0,0.0,0.0,0.0,0.0,0.0,0.0
Liberia,2011,2,0.0,0.0,50.0,0.0,0.0,100.0,0.0,0.0,100.0,0.0,100.0
Liberia,2012,4,0.0,0.0,50.0,50.0,25.0,75.0,50.0,25.0,75.0,75.0,150.0
Liberia,2013,4,0.0,0.0,25.0,0.0,0.0,75.0,0.0,0.0,75.0,0.0,75.0
Liberia,2014,14,0.0,7.1429,0.0,14.2857,7.1429,57.1429,14.2857,7.1429,57.1429,21.4286,78.5715
Liberia,2015,14,0.0,0.0,0.0,14.2857,0.0,35.7143,14.2857,0.0,35.7143,14.2857,50.0
Liberia,2016,32,0.0,3.125,6.25,9.375,6.25,31.25,9.375,6.25,37.5,15.625,53.125
Liberia,2017,39,2.5641,0.0,10.2564,15.3846,12.8205,46.1538,15.3846,12.8205,48.7179,28.2051,76.923
Liberia,2018,41,0.0,0.0,2.439,7.3171,2.439,43.9024,7.3171,2.439,43.9024,9.7561,53.6585
Liberia,2019,43,0.0,0.0,9.3023,11.6279,4.6512,23.2558,11.6279,4.6512,27.907,16.2791,44.1861
Liberia,2020,37,0.0,0.0,8.1081,2.7027,2.7027,40.5405,2.7027,2.7027,40.5405,5.4054,45.9459
Liberia,2021,56,0.0,0.0,7.1429,8.9286,5.3571,32.1429,8.9286,5.3571,35.7143,14.2857,50.0
Liberia,2022,87,2.2989,0.0,3.4483,9.1954,2.2989,34.4828,11.4943,2.2989,34.4828,13.7932,48.276
Liberia,2023,79,0.0,2.5316,3.7975,6.3291,12.6582,37.9747,6.3291,12.6582,37.9747,18.9873,56.962
Liberia,2024,89,1.1236,1.1236,6.7416,5.618,5.618,38.2022,5.618,5.618,40.4494,11.236,51.6854
Liberia,2025,52,0.0,0.0,1.9231,3.8462,7.6923,38.4615,3.8462,7.6923,38.4615,11.5385,50.0
Libya,2010,69,0.0,0.0,2.8986,2.8986,0.0,18.8406,2.8986,0.0,18.8406,2.8986,21.7392
Libya,2011,34,0.0,0.0,0.0,8.8235,2.9412,14.7059,8.8235,2.9412,14.7059,11.7647,26.4706
Libya,2012,49,0.0,0.0,0.0,8.1633,4.0816,12.2449,8.1633,4.0816,12.2449,12.2449,24.4898
Libya,2013,97,0.0,0.0,7.2165,9.2784,5.1546,22.6804,9.2784,5.1546,23.7113,14.433,38.1443
Libya,2014,134,0.0,0.0,5.2239,6.7164,0.7463,26.1194,6.7164,0.7463,26.8657,7.4627,34.3284
Libya,2015,145,0.6897,0.6897,6.2069,8.9655,2.7586,27.5862,8.9655,2.7586,27.5862,11.7241,39.3103
Libya,2016,163,0.0,0.0,7.362,5.5215,0.0,28.8344,5.5215,0.0,30.0613,5.5215,35.5828
Libya,2017,245,1.2245,1.2245,5.3061,6.5306,2.449,24.0816,6.9388,2.8571,25.3061,9.7959,35.102
Libya,2018,295,0.0,0.339,4.4068,6.1017,2.0339,22.7119,6.1017,2.0339,24.4068,8.1356,32.5424
Libya,2019,401,0.2494,0.2494,4.4888,6.9825,2.2444,21.9451,6.9825,2.2444,21.9451,9.2269,31.172
Libya,2020,540,0.5556,0.1852,4.6296,5.7407,1.4815,23.5185,6.1111,1.4815,24.2593,7.5926,31.8519
Libya,2021,573,0.0,0.349,4.1885,7.3298,2.9668,26.3525,7.3298,2.9668,26.8761,10.2966,37.1727
Libya,2022,711,0.2813,0.2813,2.9536,4.782,2.6723,24.8945,4.782,2.6723,25.1758,7.4543,32.6301
Libya,2023,714,0.7003,0.4202,4.4818,6.1625,3.0812,25.7703,6.3025,3.0812,25.9104,9.3837,35.2941
Libya,2024,738,0.813,0.542,4.7425,4.607,2.981,24.9322,5.0136,3.252,25.6098,8.2656,33.8754
Libya,2025,318,0.0,1.2579,5.9748,4.4025,5.3459,33.9623,4.4025,5.3459,36.1635,9.7484,45.9119
Liechtenstein,2010,16,0.0,12.5,0.0,0.0,6.25,12.5,0.0,12.5,12.5,12.5,25.0
Liechtenstein,2011,26,0.0,0.0,0.0,7.6923,0.0,15.3846,7.6923,0.0,15.3846,7.6923,23.0769
Liechtenstein,2012,24,0.0,0.0,4.1667,4.1667,4.1667,25.0,4.1667,4.1667,25.0,8.3334,33.3334
Liechtenstein,2013,28,0.0,0.0,0.0,7.1429,0.0,10.7143,7.1429,0.0,10.7143,7.1429,17.8572
Liechtenstein,2014,35,2.8571,0.0,2.8571,11.4286,0.0,17.1429,11.4286,0.0,17.1429,11.4286,28.5715
Liechtenstein,2015,36,2.7778,0.0,2.7778,5.5556,0.0,19.4444,8.3333,0.0,22.2222,8.3333,30.5555
Liechtenstein,2016,46,4.3478,4.3478,2.1739,2.1739,4.3478,30.4348,6.5217,6.5217,30.4348,13.0434,43.4782
Liechtenstein,2017,48,0.0,4.1667,2.0833,8.3333,4.1667,22.9167,8.3333,6.25,22.9167,14.5833,37.5
Liechtenstein,2018,53,0.0,0.0,5.6604,7.5472,0.0,24.5283,7.5472,0.0,24.5283,7.5472,32.0755
Liechtenstein,2019,36,0.0,2.7778,0.0,5.5556,5.5556,11.1111,5.5556,5.5556,11.1111,11.1112,22.2223
Liechtenstein,2020,59,0.0,3.3898,5.0847,5.0847,5.0847,11.8644,5.0847,6.7797,11.8644,11.8644,23.7288
Liechtenstein,2021,54,0.0,0.0,7.4074,5.5556,5.5556,33.3333,5.5556,5.5556,37.037,11.1112,48.1482
Liechtenstein,2022,89,2.2472,6.7416,7.8652,4.4944,12.3596,32.5843,5.618,12.3596,32.5843,17.9776,50.5619
Liechtenstein,2023,81,1.2346,2.4691,9.8765,14.8148,4.9383,35.8025,14.8148,4.9383,35.8025,19.7531,55.5556
Liechtenstein,2024,57,0.0,1.7544,0.0,3.5088,5.2632,26.3158,3.5088,5.2632,26.3158,8.772,35.0878
Liechtenstein,2025,40,0.0,2.5,10.0,5.0,10.0,27.5,5.0,10.0,27.5,15.0,42.5
Lithuania,2010,358,1.3966,0.0,1.9553,7.5419,2.514,22.6257,7.5419,2.514,22.905,10.0559,32.9609
Lithuania,2011,426,0.2347,0.2347,2.3474,5.8685,2.1127,20.4225,5.8685,2.1127,20.892,7.9812,28.8732
Lithuania,2012,586,0.1706,0.3413,2.901,4.2662,1.1945,20.4778,4.2662,1.1945,20.8191,5.4607,26.2798
Lithuania,2013,719,0.1391,0.4172,2.5035,4.7288,2.0862,20.306,4.8679,2.0862,21.0014,6.9541,27.9555
Lithuania,2014,990,0.6061,0.202,2.6263,6.5657,1.2121,22.6263,6.5657,1.2121,23.0303,7.7778,30.8081
Lithuania,2015,1033,0.2904,0.6776,2.9042,6.1955,1.8393,21.2972,6.1955,2.0329,21.9748,8.2284,30.2032
Lithuania,2016,1075,0.4651,0.6512,4.9302,4.7442,2.7907,23.5349,4.8372,2.8837,24.0,7.7209,31.7209
Lithuania,2017,1290,0.5426,0.155,4.4186,6.0465,1.7829,23.9535,6.0465,1.8605,24.4961,7.907,32.4031
Lithuania,2018,1886,1.2195,1.0074,4.1888,7.6882,3.1813,24.0721,7.8473,3.2874,25.0265,11.1347,36.1612
Lithuania,2019,1958,0.715,0.715,3.7283,7.2523,2.7579,26.047,7.2523,2.8601,26.5577,10.1124,36.6701
Lithuania,2020,2446,1.1038,0.7768,4.1292,6.7457,2.5756,25.5519,6.7866,2.6574,26.1652,9.444,35.6092
Lithuania,2021,2251,0.5775,0.5775,4.2203,6.3083,2.9765,24.3447,6.3527,3.0653,25.1888,9.418,34.6068
Lithuania,2022,2859,1.1542,0.9094,4.1973,6.8555,3.8825,25.3935,6.9255,3.9175,25.9881,10.843,36.8311
Lithuania,2023,2887,1.1084,0.9699,4.5722,7.5857,3.9487,27.6758,7.5857,4.0526,28.4378,11.6383,40.0761
Lithuania,2024,2525,0.9505,1.6634,4.1584,6.8119,5.0297,27.8812,6.8911,5.1881,28.396,12.0792,40.4752
Lithuania,2025,1818,0.5501,1.5402,4.1804,4.9505,4.6205,29.538,4.9505,4.7855,30.088,9.736,39.824
Luxembourg,2010,191,1.5707,0.5236,4.712,7.8534,3.6649,21.466,9.4241,4.1885,23.0366,13.6126,36.6492
Luxembourg,2011,242,2.8926,0.4132,3.3058,4.9587,0.8264,28.5124,7.438,0.8264,28.9256,8.2644,37.19
Luxembourg,2012,277,1.8051,0.722,5.0542,7.9422,2.5271,22.7437,9.3863,2.8881,23.4657,12.2744,35.7401
Luxembourg,2013,383,0.7833,1.0444,4.6997,8.6162,2.611,27.6762,9.1384,2.611,29.765,11.7494,41.5144
Luxembourg,2014,522,0.7663,0.3831,4.4061,6.3218,1.7241,24.3295,6.8966,1.7241,24.5211,8.6207,33.1418
Luxembourg,2015,623,1.6051,0.6421,4.1734,7.3836,2.4077,26.1637,8.3467,2.5682,26.6453,10.9149,37.5602
Luxembourg,2016,651,0.9217,0.9217,4.1475,6.9124,3.0722,25.8065,7.3733,3.2258,26.2673,10.5991,36.8664
Luxembourg,2017,692,0.7225,0.8671,4.0462,6.3584,2.1676,27.4566,6.3584,2.1676,28.3237,8.526,36.8497
Luxembourg,2018,895,1.4525,1.0056,4.0223,7.3743,2.3464,25.2514,8.4916,2.5698,26.3687,11.0614,37.4301
Luxembourg,2019,942,2.3355,0.5308,4.4586,6.5817,2.3355,29.9363,8.2803,2.3355,30.8917,10.6158,41.5075
Luxembourg,2020,1179,1.0178,0.5937,4.4105,6.7006,3.2231,29.5165,7.2095,3.3927,30.6192,10.6022,41.2214
Luxembourg,2021,1217,1.5612,0.986,6.7379,5.5053,4.1085,27.8554,6.4092,4.1906,29.3344,10.5998,39.9342
Luxembourg,2022,1424,0.3511,1.1938,5.1264,7.7247,4.073,28.441,7.9354,4.4242,29.2135,12.3596,41.5731
Luxembourg,2023,1463,0.8886,1.2303,6.1517,7.2454,5.1948,32.4675,7.4504,5.6049,33.4928,13.0553,46.5481
Luxembourg,2024,1195,0.5858,1.5063,4.7699,5.6067,5.3556,30.3766,5.6904,5.6067,31.1297,11.2971,42.4268
Luxembourg,2025,802,0.7481,0.9975,3.99,3.99,5.8603,29.3017,4.2394,5.8603,29.5511,10.0997,39.6508
Macao,2010,159,1.2579,0.6289,3.7736,6.2893,3.7736,18.239,6.2893,3.7736,20.1258,10.0629,30.1887
Macao,2011,180,0.5556,0.0,3.3333,4.4444,1.6667,20.5556,4.4444,1.6667,21.1111,6.1111,27.2222
Macao,2012,195,0.0,1.0256,2.5641,4.6154,5.1282,24.1026,4.6154,5.1282,24.1026,9.7436,33.8462
Macao,2013,295,1.0169,0.339,6.4407,7.4576,2.0339,26.4407,7.4576,2.0339,27.4576,9.4915,36.9491
Macao,2014,424,1.1792,1.1792,7.3113,7.0755,3.3019,25.9434,7.3113,3.3019,26.6509,10.6132,37.2641
Macao,2015,467,0.0,0.6424,5.3533,7.0664,2.5696,24.6253,7.0664,2.7837,25.6959,9.8501,35.546
Macao,2016,627,0.9569,0.638,6.2201,4.9442,1.2759,24.5614,4.9442,1.5949,25.3589,6.5391,31.898
Macao,2017,747,0.6693,0.5355,5.087,4.8193,2.5435,25.4351,4.8193,2.5435,25.4351,7.3628,32.7979
Macao,2018,968,0.6198,0.6198,6.405,4.5455,2.686,30.5785,4.5455,2.9959,31.8182,7.5414,39.3596
Macao,2019,1123,0.1781,0.2671,6.0552,4.5414,2.6714,30.098,4.7195,2.7605,31.1665,7.48,38.6465
Macao,2020,1428,0.6303,0.9804,5.1821,5.5322,2.8711,28.5714,5.7423,3.0812,29.4818,8.8235,38.3053
Macao,2021,1317,0.2278,0.9112,5.2392,5.0873,4.0243,33.4852,5.0873,4.0243,34.1686,9.1116,43.2802
Macao,2022,2258,0.4872,1.24,6.023,4.2958,4.783,36.0496,4.4287,4.9601,36.7582,9.3888,46.147
Macao,2023,2709,0.4061,1.4396,6.866,3.5068,5.3525,38.5751,3.5437,5.5371,39.3872,9.0808,48.468
Macao,2024,2341,0.3845,1.7514,6.1512,3.3746,7.1337,34.5152,3.4173,7.3473,35.0278,10.7646,45.7924
Macao,2025,1835,0.4905,2.7793,5.7766,3.2153,7.6294,35.9673,3.2698,8.0654,36.8392,11.3352,48.1744
Madagascar,2010,38,0.0,0.0,0.0,5.2632,5.2632,13.1579,5.2632,5.2632,13.1579,10.5264,23.6843
Madagascar,2011,32,0.0,0.0,0.0,0.0,0.0,15.625,0.0,0.0,15.625,0.0,15.625
Madagascar,2012,28,0.0,0.0,3.5714,10.7143,7.1429,10.7143,10.7143,7.1429,10.7143,17.8572,28.5715
Madagascar,2013,63,0.0,0.0,4.7619,3.1746,1.5873,38.0952,3.1746,1.5873,38.0952,4.7619,42.8571
Madagascar,2014,67,0.0,0.0,0.0,1.4925,1.4925,11.9403,1.4925,1.4925,11.9403,2.985,14.9253
Madagascar,2015,107,0.0,0.0,0.0,0.9346,2.8037,21.4953,0.9346,2.8037,21.4953,3.7383,25.2336
Madagascar,2016,132,0.0,0.7576,0.7576,4.5455,3.0303,18.9394,4.5455,3.0303,19.697,7.5758,27.2728
Madagascar,2017,119,0.0,0.0,5.8824,2.521,4.2017,23.5294,2.521,4.2017,25.2101,6.7227,31.9328
Madagascar,2018,152,0.6579,0.6579,3.9474,3.2895,2.6316,26.3158,3.2895,2.6316,26.9737,5.9211,32.8948
Madagascar,2019,193,0.5181,0.5181,2.5907,2.5907,1.0363,22.2798,2.5907,1.0363,22.7979,3.627,26.4249
Madagascar,2020,230,0.0,1.3043,2.6087,3.0435,2.6087,26.087,3.0435,3.0435,26.087,6.087,32.174
Madagascar,2021,262,0.0,0.3817,3.4351,5.3435,0.7634,25.9542,5.3435,0.7634,26.7176,6.1069,32.8245
Madagascar,2022,284,0.0,1.0563,3.8732,4.5775,2.8169,26.0563,4.5775,2.8169,26.0563,7.3944,33.4507
Madagascar,2023,339,0.0,1.7699,5.6047,4.4248,4.4248,29.7935,4.4248,4.7198,30.6785,9.1446,39.8231
Madagascar,2024,289,0.346,0.0,4.4983,5.1903,3.8062,34.2561,5.5363,3.8062,35.2941,9.3425,44.6366
Madagascar,2025,205,0.0,0.9756,6.8293,5.3659,3.4146,33.6585,5.3659,3.4146,34.1463,8.7805,42.9268
Malawi,2010,37,0.0,2.7027,10.8108,5.4054,8.1081,32.4324,5.4054,8.1081,35.1351,13.5135,48.6486
Malawi,2011,55,0.0,0.0,0.0,9.0909,3.6364,30.9091,9.0909,3.6364,30.9091,12.7273,43.6364
Malawi,2012,72,0.0,0.0,8.3333,1.3889,1.3889,25.0,1.3889,1.3889,26.3889,2.7778,29.1667
Malawi,2013,93,0.0,1.0753,6.4516,6.4516,1.0753,26.8817,6.4516,1.0753,26.8817,7.5269,34.4086
Malawi,2014,135,0.7407,0.7407,2.2222,3.7037,0.7407,25.9259,4.4444,1.4815,25.9259,5.9259,31.8518
Malawi,2015,167,0.0,0.0,5.3892,4.1916,3.5928,26.3473,4.1916,3.5928,27.5449,7.7844,35.3293
Malawi,2016,195,0.5128,0.0,4.1026,5.1282,3.0769,32.8205,5.641,3.0769,32.8205,8.7179,41.5384
Malawi,2017,288,0.6944,0.3472,6.9444,3.125,0.6944,28.125,3.4722,0.6944,30.2083,4.1666,34.3749
Malawi,2018,322,0.3106,0.3106,3.4161,4.9689,2.1739,24.8447,4.9689,2.1739,25.7764,7.1428,32.9192
Malawi,2019,329,0.0,0.304,4.5593,3.9514,1.5198,32.5228,3.9514,1.5198,33.1307,5.4712,38.6019
Malawi,2020,372,0.0,0.2688,4.5699,4.3011,1.3441,31.7204,4.3011,1.6129,32.2581,5.914,38.1721
Malawi,2021,466,0.4292,0.2146,4.721,4.721,3.2189,33.9056,4.721,3.2189,34.5494,7.9399,42.4893
Malawi,2022,534,0.5618,0.5618,5.618,4.4944,2.6217,33.7079,4.8689,2.6217,34.0824,7.4906,41.573
Malawi,2023,610,0.1639,0.4918,4.918,4.0984,3.7705,33.2787,4.0984,3.9344,33.6066,8.0328,41.6394
Malawi,2024,556,0.5396,0.7194,6.1151,4.1367,3.4173,34.3525,4.1367,3.4173,35.4317,7.554,42.9857
Malawi,2025,347,0.2882,1.4409,8.6455,4.0346,4.8991,42.3631,4.0346,4.8991,43.5159,8.9337,52.4496
Malaysia,2010,2875,0.4174,0.3478,3.2696,3.8957,1.9826,19.8957,4.0,1.9826,20.313,5.9826,26.2956
Malaysia,2011,3575,0.3077,0.5874,2.993,4.4755,1.9301,20.4196,4.5315,1.9301,20.9231,6.4616,27.3847
Malaysia,2012,4669,0.3427,0.3855,2.9985,3.3412,1.4778,20.7967,3.4054,1.4993,21.118,4.9047,26.0227
Malaysia,2013,7381,0.271,0.4471,3.0348,4.5658,1.5174,20.4444,4.5929,1.5716,20.8373,6.1645,27.0018
Malaysia,2014,8961,0.3571,0.5691,2.9684,4.0174,1.5512,20.712,4.0955,1.6181,21.1137,5.7136,26.8273
Malaysia,2015,8237,0.4128,0.607,3.9335,3.7392,2.0153,22.5689,3.8363,2.1124,23.1031,5.9487,29.0518
Malaysia,2016,8323,0.2884,0.4926,3.7967,4.001,2.1146,23.4771,4.013,2.1627,24.0058,6.1757,30.1815
Malaysia,2017,10348,0.4445,0.5702,3.5273,3.9911,2.0004,23.9853,4.0974,2.1164,24.6328,6.2138,30.8466
Malaysia,2018,14936,0.4821,0.5356,3.4547,4.3586,2.1425,23.0249,4.4389,2.2094,23.5003,6.6483,30.1486
Malaysia,2019,15890,0.4783,0.6608,3.8074,4.3046,2.3348,23.7067,4.3927,2.4355,24.1473,6.8282,30.9755
Malaysia,2020,19145,0.5223,0.7365,3.7503,4.3823,2.8833,24.9621,4.4764,2.9825,25.6046,7.4589,33.0635
Malaysia,2021,18333,0.3709,1.0255,3.9328,3.9873,3.4964,25.4132,4.0364,3.731,26.0405,7.7674,33.8079
Malaysia,2022,25333,0.3868,0.9869,3.9672,4.2158,3.754,26.3885,4.2711,3.9395,26.9411,8.2106,35.1517
Malaysia,2023,26190,0.3971,1.0958,4.0817,3.9213,4.0703,27.4418,4.0053,4.2153,28.0374,8.2206,36.258
Malaysia,2024,19232,0.4056,1.5287,3.9621,3.333,4.9657,27.2463,3.3798,5.2309,27.8234,8.6107,36.4341
Malaysia,2025,9394,0.2555,1.8522,4.5455,2.4484,6.2593,30.924,2.491,6.6,31.7117,9.091,40.8027
Maldives,2010,2,0.0,0.0,0.0,0.0,0.0,0.0,0.0,0.0,0.0,0.0,0.0
Maldives,2011,6,0.0,0.0,0.0,16.6667,0.0,50.0,16.6667,0.0,50.0,16.6667,66.6667
Maldives,2012,3,0.0,0.0,0.0,0.0,0.0,33.3333,0.0,0.0,33.3333,0.0,33.3333
Maldives,2013,3,0.0,0.0,0.0,33.3333,0.0,33.3333,33.3333,0.0,33.3333,33.3333,66.6666
Maldives,2014,9,0.0,0.0,0.0,0.0,0.0,22.2222,0.0,0.0,22.2222,0.0,22.2222
Maldives,2015,8,0.0,0.0,0.0,0.0,0.0,25.0,0.0,0.0,25.0,0.0,25.0
Maldives,2016,7,0.0,0.0,0.0,0.0,0.0,57.1429,0.0,0.0,57.1429,0.0,57.1429
Maldives,2017,13,0.0,0.0,0.0,0.0,0.0,30.7692,0.0,0.0,30.7692,0.0,30.7692
Maldives,2018,25,0.0,0.0,4.0,4.0,4.0,32.0,4.0,4.0,32.0,8.0,40.0
Maldives,2019,31,0.0,0.0,19.3548,0.0,0.0,35.4839,0.0,0.0,45.1613,0.0,45.1613
Maldives,2020,75,0.0,1.3333,2.6667,2.6667,5.3333,33.3333,2.6667,5.3333,33.3333,8.0,41.3333
Maldives,2021,63,0.0,0.0,4.7619,6.3492,3.1746,33.3333,6.3492,3.1746,33.3333,9.5238,42.8571
Maldives,2022,90,0.0,1.1111,5.5556,3.3333,5.5556,25.5556,3.3333,6.6667,26.6667,10.0,36.6667
Maldives,2023,100,1.0,1.0,2.0,6.0,6.0,41.0,7.0,6.0,41.0,13.0,54.0
Maldives,2024,105,0.9524,0.0,2.8571,8.5714,2.8571,37.1429,8.5714,2.8571,39.0476,11.4285,50.4761
Maldives,2025,62,0.0,0.0,4.8387,1.6129,4.8387,38.7097,1.6129,4.8387,38.7097,6.4516,45.1613
Mali,2010,110,0.0,0.0,3.6364,0.9091,0.9091,16.3636,0.9091,0.9091,20.0,1.8182,21.8182
Mali,2011,156,0.0,0.0,1.9231,8.3333,2.5641,26.2821,8.3333,2.5641,26.2821,10.8974,37.1795
Mali,2012,173,0.578,1.7341,3.4682,5.2023,2.8902,20.2312,5.2023,2.8902,20.8092,8.0925,28.9017
Mali,2013,212,0.0,0.9434,5.6604,7.0755,7.5472,26.8868,7.0755,7.5472,27.3585,14.6227,41.9812
Mali,2014,290,0.3448,1.3793,5.1724,4.4828,2.4138,25.8621,4.8276,3.4483,26.5517,8.2759,34.8276
Mali,2015,373,0.2681,1.8767,3.7534,5.63,4.0214,24.6649,5.63,5.0938,25.2011,10.7238,35.9249
Mali,2016,459,0.2179,0.2179,3.9216,4.793,2.8322,25.7081,4.793,2.8322,26.5795,7.6252,34.2047
Mali,2017,526,0.5703,0.3802,5.5133,3.0418,3.4221,28.5171,3.0418,3.4221,29.0875,6.4639,35.5514
Mali,2018,705,0.7092,0.5674,5.6738,3.2624,2.695,28.3688,3.5461,2.695,28.7943,6.2411,35.0354
Mali,2019,776,0.9021,1.1598,5.1546,5.6701,3.4794,27.1907,6.1856,3.9948,28.0928,10.1804,38.2732
Mali,2020,876,0.3425,0.7991,4.2237,3.9954,2.6256,22.9452,3.9954,2.8539,23.9726,6.8493,30.8219
Mali,2021,961,1.1446,0.7284,6.1394,4.8907,2.4974,28.512,5.411,2.4974,29.4485,7.9084,37.3569
Mali,2022,1420,1.0563,0.7042,6.2676,6.9014,3.662,28.5211,7.1831,3.8732,29.3662,11.0563,40.4225
Mali,2023,1681,1.0113,0.8328,4.4616,7.1386,3.5693,25.2231,7.436,3.7478,26.0559,11.1838,37.2397
Mali,2024,1323,0.9826,1.0582,4.384,5.291,3.8549,24.7166,5.3666,4.0816,25.2457,9.4482,34.6939
Mali,2025,658,0.7599,1.5198,4.7112,5.0152,5.3191,33.4347,5.0152,5.3191,33.5866,10.3343,43.9209
Malta,2010,60,0.0,0.0,6.6667,6.6667,3.3333,25.0,6.6667,3.3333,25.0,10.0,35.0
Malta,2011,66,0.0,0.0,1.5152,6.0606,1.5152,19.697,6.0606,1.5152,19.697,7.5758,27.2728
Malta,2012,127,1.5748,0.0,3.937,7.0866,2.3622,25.9843,7.0866,2.3622,26.7717,9.4488,36.2205
Malta,2013,166,0.0,0.0,4.2169,6.6265,0.0,19.8795,6.6265,0.0,19.8795,6.6265,26.506
Malta,2014,205,0.0,1.4634,5.3659,7.8049,2.439,25.3659,7.8049,3.4146,27.3171,11.2195,38.5366
Malta,2015,216,0.9259,0.463,2.3148,5.0926,2.3148,18.5185,5.5556,2.7778,18.5185,8.3334,26.8519
Malta,2016,254,1.1811,1.1811,1.1811,8.2677,2.7559,21.6535,8.2677,2.7559,22.0472,11.0236,33.0708
Malta,2017,342,0.8772,0.5848,4.0936,7.3099,1.462,23.0994,7.8947,1.7544,24.269,9.6491,33.9181
Malta,2018,446,1.3453,0.6726,2.6906,5.3812,3.3632,25.1121,6.0538,3.8117,25.7848,9.8655,35.6503
Malta,2019,448,0.2232,0.8929,2.9018,5.8036,3.125,19.4196,5.8036,3.5714,20.5357,9.375,29.9107
Malta,2020,558,0.5376,0.7168,5.0179,7.3477,4.1219,25.448,7.5269,4.1219,26.5233,11.6488,38.1721
Malta,2021,547,0.3656,1.0969,2.925,7.8611,3.2907,29.7989,7.8611,3.6563,30.3473,11.5174,41.8647
Malta,2022,610,0.9836,1.1475,2.9508,7.377,7.2131,22.623,7.541,7.2131,23.1148,14.7541,37.8689
Malta,2023,754,1.061,1.061,3.5809,5.8355,5.8355,29.0451,5.9682,5.8355,29.7082,11.8037,41.5119
Malta,2024,553,0.9042,1.2658,3.255,6.5099,5.9675,25.859,6.5099,6.3291,26.7631,12.839,39.6021
Malta,2025,395,0.7595,2.5316,3.5443,7.0886,7.3418,29.8734,7.0886,7.8481,30.3797,14.9367,45.3164
Mauritania,2010,5,0.0,0.0,0.0,0.0,20.0,0.0,0.0,20.0,0.0,20.0,20.0
Mauritania,2011,3,0.0,0.0,0.0,0.0,0.0,0.0,0.0,0.0,0.0,0.0,0.0
Mauritania,2012,4,0.0,0.0,25.0,0.0,0.0,25.0,0.0,0.0,25.0,0.0,25.0
Mauritania,2013,11,0.0,0.0,0.0,9.0909,0.0,18.1818,9.0909,0.0,18.1818,9.0909,27.2727
Mauritania,2014,11,0.0,0.0,9.0909,0.0,0.0,27.2727,0.0,0.0,27.2727,0.0,27.2727
Mauritania,2015,11,0.0,0.0,0.0,0.0,0.0,18.1818,0.0,0.0,18.1818,0.0,18.1818
Mauritania,2016,18,0.0,0.0,0.0,5.5556,0.0,33.3333,5.5556,0.0,33.3333,5.5556,38.8889
Mauritania,2017,18,0.0,0.0,0.0,5.5556,5.5556,44.4444,5.5556,5.5556,44.4444,11.1112,55.5556
Mauritania,2018,33,0.0,0.0,6.0606,0.0,3.0303,24.2424,0.0,3.0303,27.2727,3.0303,30.303
Mauritania,2019,28,0.0,3.5714,3.5714,7.1429,0.0,17.8571,7.1429,3.5714,17.8571,10.7143,28.5714
Mauritania,2020,25,0.0,0.0,4.0,8.0,8.0,32.0,8.0,8.0,32.0,16.0,48.0
Mauritania,2021,43,2.3256,0.0,4.6512,2.3256,0.0,23.2558,2.3256,0.0,25.5814,2.3256,27.907
Mauritania,2022,44,0.0,0.0,0.0,2.2727,0.0,29.5455,2.2727,0.0,29.5455,2.2727,31.8182
Mauritania,2023,62,0.0,0.0,0.0,1.6129,0.0,27.4194,1.6129,0.0,27.4194,1.6129,29.0323
Mauritania,2024,51,0.0,0.0,3.9216,0.0,3.9216,45.098,0.0,3.9216,45.098,3.9216,49.0196
Mauritania,2025,29,0.0,0.0,3.4483,0.0,6.8966,27.5862,0.0,6.8966,27.5862,6.8966,34.4828
Mauritius,2010,46,0.0,0.0,4.3478,8.6957,4.3478,32.6087,8.6957,4.3478,32.6087,13.0435,45.6522
Mauritius,2011,34,0.0,2.9412,0.0,0.0,2.9412,14.7059,0.0,2.9412,14.7059,2.9412,17.6471
Mauritius,2012,53,0.0,0.0,1.8868,1.8868,0.0,20.7547,1.8868,0.0,20.7547,1.8868,22.6415
Mauritius,2013,67,0.0,0.0,4.4776,2.9851,1.4925,17.9104,2.9851,1.4925,17.9104,4.4776,22.388
Mauritius,2014,90,0.0,0.0,0.0,6.6667,2.2222,21.1111,6.6667,2.2222,21.1111,8.8889,30.0
Mauritius,2015,102,0.0,0.9804,0.9804,0.9804,3.9216,16.6667,0.9804,3.9216,16.6667,4.902,21.5687
Mauritius,2016,97,1.0309,0.0,6.1856,6.1856,5.1546,15.4639,6.1856,5.1546,16.4948,11.3402,27.835
Mauritius,2017,139,0.7194,0.0,5.7554,4.3165,0.0,23.0216,4.3165,0.0,24.4604,4.3165,28.7769
Mauritius,2018,200,0.5,1.0,5.0,9.0,3.5,28.5,9.0,3.5,28.5,12.5,41.0
Mauritius,2019,185,0.5405,0.0,3.7838,3.7838,3.2432,24.3243,3.7838,3.2432,25.9459,7.027,32.9729
Mauritius,2020,226,1.7699,0.4425,2.2124,3.0973,3.5398,21.6814,4.4248,3.9823,21.6814,8.4071,30.0885
Mauritius,2021,218,0.0,0.0,3.6697,5.9633,1.3761,28.8991,5.9633,1.3761,29.3578,7.3394,36.6972
Mauritius,2022,240,0.0,0.8333,4.1667,5.0,2.9167,23.3333,5.0,2.9167,24.5833,7.9167,32.5
Mauritius,2023,243,0.0,2.0576,4.1152,4.1152,4.5267,32.5103,4.1152,4.9383,32.9218,9.0535,41.9753
Mauritius,2024,180,0.5556,0.5556,5.5556,5.5556,3.3333,30.0,5.5556,3.8889,30.0,9.4445,39.4445
Mauritius,2025,95,0.0,3.1579,2.1053,4.2105,6.3158,34.7368,4.2105,8.4211,34.7368,12.6316,47.3684
Mexico,2010,3771,0.5038,0.3182,2.7579,6.1522,1.485,20.7372,6.3113,1.5911,21.1085,7.9024,29.0109
Mexico,2011,4455,0.3143,0.3816,2.7834,5.3423,1.5264,20.3816,5.4321,1.6162,20.9877,7.0483,28.036
Mexico,2012,5020,0.5179,0.4582,3.1673,4.9203,1.9522,21.7729,5.0996,2.0518,22.49,7.1514,29.6414
Mexico,2013,5712,0.1926,0.3151,2.9237,4.937,1.9083,21.3235,5.042,1.9783,21.8662,7.0203,28.8865
Mexico,2014,7053,0.2694,0.3545,2.7506,4.7214,1.7723,21.8772,4.7781,1.8148,22.4018,6.5929,28.9947
Mexico,2015,7231,0.2766,0.4564,3.9414,4.7158,2.2404,23.1642,4.7988,2.3786,23.8833,7.1774,31.0607
Mexico,2016,8007,0.2248,0.3372,3.5344,4.8458,1.9858,23.6793,4.9207,2.0857,24.3162,7.0064,31.3226
Mexico,2017,8892,0.3036,0.4274,3.2614,4.3635,1.7769,22.3572,4.4197,1.8893,23.2906,6.309,29.5996
Mexico,2018,10835,0.3599,0.4799,3.7102,4.7808,2.2981,23.0918,4.8731,2.4273,23.8486,7.3004,31.149
Mexico,2019,11918,0.2517,0.5202,3.6499,5.0008,2.2739,24.1735,5.068,2.3913,24.9203,7.4593,32.3796
Mexico,2020,13327,0.2701,0.5478,3.3316,4.9974,2.6262,24.0039,5.0574,2.7688,24.7693,7.8262,32.5955
Mexico,2021,12921,0.4024,0.5031,4.2566,5.108,2.7475,26.8323,5.2473,2.8713,27.5288,8.1186,35.6474
Mexico,2022,14908,0.3287,0.8653,3.7161,5.0241,2.8441,25.0537,5.0979,3.0453,25.8787,8.1432,34.0219
Mexico,2023,15271,0.3602,0.9102,3.8242,5.0226,3.2676,26.0101,5.1012,3.4641,26.6977,8.5653,35.263
Mexico,2024,13486,0.4746,1.0604,4.019,4.6048,3.9745,26.3977,4.7531,4.2266,27.0577,8.9797,36.0374
Mexico,2025,9636,0.2594,0.9859,3.8813,3.2171,4.0162,28.6218,3.3105,4.2653,29.3171,7.5758,36.8929
Moldova,2010,42,0.0,0.0,2.381,9.5238,0.0,16.6667,9.5238,0.0,19.0476,9.5238,28.5714
Moldova,2011,36,0.0,0.0,2.7778,16.6667,2.7778,8.3333,16.6667,2.7778,8.3333,19.4445,27.7778
Moldova,2012,61,0.0,0.0,3.2787,4.918,0.0,11.4754,4.918,0.0,11.4754,4.918,16.3934
Moldova,2013,83,0.0,0.0,2.4096,8.4337,0.0,19.2771,8.4337,0.0,19.2771,8.4337,27.7108
Moldova,2014,90,0.0,0.0,3.3333,6.6667,0.0,20.0,6.6667,0.0,20.0,6.6667,26.6667
Moldova,2015,103,0.0,0.0,4.8544,4.8544,0.0,20.3883,4.8544,0.0,20.3883,4.8544,25.2427
Moldova,2016,121,0.8264,0.8264,5.7851,8.2645,2.4793,21.4876,8.2645,2.4793,22.314,10.7438,33.0578
Moldova,2017,142,0.0,0.0,6.338,4.2254,0.7042,16.9014,4.2254,0.7042,17.6056,4.9296,22.5352
Moldova,2018,173,0.0,0.0,4.6243,8.6705,3.4682,27.7457,8.6705,3.4682,27.7457,12.1387,39.8844
Moldova,2019,215,0.4651,0.4651,6.5116,5.5814,2.7907,26.5116,5.5814,2.7907,28.8372,8.3721,37.2093
Moldova,2020,211,0.9479,0.9479,5.2133,8.0569,4.7393,26.5403,8.0569,5.2133,27.0142,13.2702,40.2844
Moldova,2021,247,0.0,0.0,4.4534,5.668,4.0486,19.8381,5.668,4.0486,20.6478,9.7166,30.3644
Moldova,2022,295,1.0169,0.678,2.3729,9.4915,3.7288,23.7288,9.4915,4.0678,24.4068,13.5593,37.9661
Moldova,2023,411,0.9732,1.2165,3.6496,8.5158,3.163,30.1703,8.5158,3.4063,31.1436,11.9221,43.0657
Moldova,2024,265,1.1321,0.3774,3.0189,7.5472,4.9057,28.3019,7.9245,4.9057,28.3019,12.8302,41.1321
Moldova,2025,167,0.0,1.7964,1.7964,4.1916,10.1796,26.9461,4.1916,10.7784,26.9461,14.97,41.9161
Monaco,2010,22,0.0,0.0,0.0,9.0909,0.0,31.8182,9.0909,0.0,31.8182,9.0909,40.9091
Monaco,2011,22,0.0,0.0,4.5455,4.5455,0.0,22.7273,4.5455,0.0,22.7273,4.5455,27.2728
Monaco,2012,23,0.0,0.0,0.0,0.0,0.0,17.3913,0.0,0.0,17.3913,0.0,17.3913
Monaco,2013,17,0.0,0.0,0.0,5.8824,5.8824,47.0588,5.8824,5.8824,47.0588,11.7648,58.8236
Monaco,2014,42,0.0,0.0,2.381,4.7619,9.5238,21.4286,4.7619,9.5238,21.4286,14.2857,35.7143
Monaco,2015,66,0.0,1.5152,3.0303,3.0303,9.0909,36.3636,3.0303,9.0909,37.8788,12.1212,50.0
Monaco,2016,56,0.0,0.0,1.7857,3.5714,3.5714,25.0,3.5714,3.5714,25.0,7.1428,32.1428
Monaco,2017,82,0.0,0.0,6.0976,3.6585,0.0,17.0732,3.6585,0.0,18.2927,3.6585,21.9512
Monaco,2018,78,0.0,1.2821,1.2821,3.8462,1.2821,24.359,3.8462,1.2821,24.359,5.1283,29.4873
Monaco,2019,136,0.7353,0.0,4.4118,5.1471,0.7353,28.6765,5.1471,0.7353,30.1471,5.8824,36.0295
Monaco,2020,138,0.0,0.0,5.7971,2.8986,3.6232,27.5362,2.8986,3.6232,28.2609,6.5218,34.7827
Monaco,2021,114,0.0,0.0,3.5088,2.6316,2.6316,20.1754,2.6316,2.6316,21.9298,5.2632,27.193
Monaco,2022,139,0.0,0.0,7.1942,2.8777,5.7554,25.8993,2.8777,5.7554,28.777,8.6331,37.4101
Monaco,2023,127,0.7874,0.7874,3.937,4.7244,3.937,32.2835,4.7244,3.937,33.0709,8.6614,41.7323
Monaco,2024,107,0.0,0.0,2.8037,3.7383,5.6075,35.514,3.7383,5.6075,36.4486,9.3458,45.7944
Monaco,2025,91,0.0,0.0,5.4945,1.0989,2.1978,27.4725,1.0989,2.1978,28.5714,3.2967,31.8681
Mongolia,2010,152,0.6579,0.0,2.6316,5.2632,2.6316,18.4211,5.2632,2.6316,19.0789,7.8948,26.9737
Mongolia,2011,219,0.0,0.4566,2.7397,3.1963,1.8265,25.1142,3.1963,1.8265,25.1142,5.0228,30.137
Mongolia,2012,253,0.3953,0.3953,1.9763,3.1621,1.1858,18.1818,3.1621,1.1858,18.1818,4.3479,22.5297
Mongolia,2013,378,0.5291,0.2646,4.7619,4.2328,0.5291,22.7513,4.2328,0.5291,23.2804,4.7619,28.0423
Mongolia,2014,525,0.1905,0.0,3.2381,2.8571,1.7143,20.381,2.8571,1.7143,20.9524,4.5714,25.5238
Mongolia,2015,380,0.0,0.2632,4.2105,2.6316,1.5789,19.7368,2.6316,1.5789,20.7895,4.2105,25.0
Mongolia,2016,474,0.4219,0.211,3.3755,2.7426,1.8987,23.2068,2.7426,1.8987,23.4177,4.6413,28.059
Mongolia,2017,549,0.0,0.9107,3.0965,3.2787,2.1858,21.3115,3.2787,2.3679,22.0401,5.6466,27.6867
Mongolia,2018,866,0.3464,0.0,4.388,3.1178,1.0393,21.8245,3.1178,1.0393,22.9792,4.1571,27.1363
Mongolia,2019,1046,0.5736,0.3824,3.2505,3.8241,2.1989,24.761,3.9197,2.1989,25.239,6.1186,31.3576
Mongolia,2020,1167,0.6855,0.5998,3.5133,3.1705,2.1422,25.0214,3.3419,2.3993,25.5356,5.7412,31.2768
Mongolia,2021,961,0.3122,0.3122,3.2258,3.0177,1.4568,25.7024,3.0177,1.5609,26.2227,4.5786,30.8013
Mongolia,2022,1687,0.1186,0.3557,4.4458,3.853,2.0747,30.5276,3.853,2.0747,31.0611,5.9277,36.9888
Mongolia,2023,2080,0.4327,0.3365,4.5192,3.9904,2.0673,29.6154,4.0865,2.2115,30.4327,6.298,36.7307
Mongolia,2024,1972,0.5578,0.8621,5.3245,3.2961,3.1947,31.6937,3.3976,3.3976,32.7079,6.7952,39.5031
Mongolia,2025,1285,0.0778,0.5447,5.6809,1.5564,3.9689,34.4747,1.6342,4.0467,35.5642,5.6809,41.2451
Montenegro,2010,48,0.0,0.0,2.0833,0.0,0.0,8.3333,0.0,0.0,8.3333,0.0,8.3333
Montenegro,2011,34,0.0,0.0,2.9412,14.7059,2.9412,8.8235,14.7059,2.9412,8.8235,17.6471,26.4706
Montenegro,2012,54,0.0,0.0,1.8519,3.7037,1.8519,14.8148,3.7037,1.8519,14.8148,5.5556,20.3704
Montenegro,2013,82,0.0,0.0,0.0,2.439,0.0,25.6098,2.439,0.0,25.6098,2.439,28.0488
Montenegro,2014,119,0.0,0.8403,5.042,5.8824,1.6807,16.8067,5.8824,1.6807,18.4874,7.5631,26.0505
Montenegro,2015,78,0.0,0.0,1.2821,3.8462,2.5641,20.5128,3.8462,2.5641,20.5128,6.4103,26.9231
Montenegro,2016,112,0.0,0.0,2.6786,6.25,1.7857,22.3214,6.25,1.7857,22.3214,8.0357,30.3571
Montenegro,2017,143,0.0,0.0,2.0979,9.7902,1.3986,17.4825,9.7902,1.3986,17.4825,11.1888,28.6713
Montenegro,2018,208,0.0,0.0,1.4423,11.5385,0.4808,24.0385,11.5385,0.4808,24.0385,12.0193,36.0578
Montenegro,2019,217,0.0,1.8433,2.3041,6.9124,4.6083,24.424,6.9124,5.53,25.3456,12.4424,37.788
Montenegro,2020,291,1.3746,1.0309,2.7491,7.2165,3.4364,22.3368,7.9038,3.7801,22.3368,11.6839,34.0207
Montenegro,2021,216,1.3889,0.0,4.1667,10.1852,2.7778,25.0,10.1852,2.7778,26.8519,12.963,39.8149
Montenegro,2022,274,1.8248,0.7299,3.2847,8.3942,3.6496,27.3723,8.3942,3.6496,28.1022,12.0438,40.146
Montenegro,2023,257,0.0,0.3891,3.8911,5.8366,2.7237,30.3502,5.8366,2.7237,30.3502,8.5603,38.9105
Montenegro,2024,240,0.0,2.9167,2.0833,3.75,7.0833,21.6667,3.75,7.0833,21.6667,10.8333,32.5
Montenegro,2025,191,1.5707,2.0942,4.1885,7.8534,6.2827,27.2251,8.377,6.2827,27.2251,14.6597,41.8848
Morocco,2010,336,0.5952,0.2976,3.5714,4.7619,0.5952,18.1548,5.3571,0.5952,18.75,5.9523,24.7023
Morocco,2011,383,1.0444,0.7833,3.6554,6.7885,1.8277,17.7546,7.0496,2.0888,18.0157,9.1384,27.1541
Morocco,2012,542,0.9225,0.1845,2.7675,5.7196,2.952,16.7897,6.0886,2.952,17.1587,9.0406,26.1993
Morocco,2013,733,0.0,0.0,3.0014,2.7285,1.6371,18.0082,2.7285,1.6371,18.4175,4.3656,22.7831
Morocco,2014,1181,0.1693,0.0847,3.3023,4.4877,1.6088,20.7451,4.4877,1.6088,20.8298,6.0965,26.9263
Morocco,2015,1185,0.4219,0.0844,2.3629,4.2194,1.097,20.1688,4.3882,1.097,20.5063,5.4852,25.9915
Morocco,2016,1381,0.3621,0.4345,2.7516,4.7791,2.5344,21.5062,4.924,2.6068,22.1579,7.5308,29.6887
Morocco,2017,1528,0.589,0.1309,4.5157,4.2539,2.2251,22.644,4.3848,2.2251,24.0183,6.6099,30.6282
Morocco,2018,2132,0.3283,0.5629,4.0807,4.5028,2.0169,19.7936,4.5966,2.1107,20.5441,6.7073,27.2514
Morocco,2019,2598,0.3849,0.3464,3.1563,4.6959,1.8091,20.9007,4.7729,1.8861,21.4011,6.659,28.0601
Morocco,2020,3849,0.5456,0.5976,3.1697,4.4427,2.6241,22.4994,4.5986,2.8319,23.2008,7.4305,30.6313
Morocco,2021,3767,0.3186,0.8495,3.2652,4.5129,3.159,21.6618,4.5925,3.4245,22.4847,8.017,30.5017
Morocco,2022,5267,0.5696,0.4936,3.5504,5.3921,3.2656,23.5048,5.525,3.4175,23.9795,8.9425,32.922
Morocco,2023,6239,0.6411,0.6572,2.9652,4.7764,3.6063,23.8339,4.9848,3.7987,24.4911,8.7835,33.2746
Morocco,2024,5464,0.3294,0.9334,3.4041,3.4956,3.8616,25.6223,3.5505,4.0996,26.2262,7.6501,33.8763
Morocco,2025,3050,0.3607,1.1803,3.7377,3.0164,4.4262,27.6066,3.082,4.7869,28.5574,7.8689,36.4263
Mozambique,2010,28,3.5714,0.0,3.5714,14.2857,0.0,32.1429,14.2857,0.0,32.1429,14.2857,46.4286
Mozambique,2011,29,0.0,0.0,0.0,3.4483,0.0,41.3793,3.4483,0.0,41.3793,3.4483,44.8276
Mozambique,2012,33,0.0,0.0,6.0606,9.0909,3.0303,30.303,9.0909,3.0303,30.303,12.1212,42.4242
Mozambique,2013,40,0.0,0.0,0.0,10.0,0.0,32.5,10.0,0.0,32.5,10.0,42.5
Mozambique,2014,66,0.0,0.0,3.0303,7.5758,0.0,25.7576,7.5758,0.0,25.7576,7.5758,33.3334
Mozambique,2015,84,1.1905,0.0,7.1429,4.7619,2.381,28.5714,4.7619,2.381,30.9524,7.1429,38.0953
Mozambique,2016,136,0.7353,0.7353,5.1471,4.4118,4.4118,18.3824,4.4118,4.4118,19.8529,8.8236,28.6765
Mozambique,2017,136,0.7353,1.4706,3.6765,5.1471,2.2059,32.3529,5.1471,2.9412,33.8235,8.0883,41.9118
Mozambique,2018,178,0.0,1.6854,7.3034,10.6742,2.809,27.5281,10.6742,3.9326,30.3371,14.6068,44.9439
Mozambique,2019,182,1.0989,0.0,7.6923,6.044,2.1978,30.7692,6.044,2.1978,31.3187,8.2418,39.5605
Mozambique,2020,302,0.6623,0.3311,3.9735,4.9669,2.649,27.8146,4.9669,2.649,28.1457,7.6159,35.7616
Mozambique,2021,297,0.6734,0.3367,4.7138,5.7239,4.0404,27.6094,5.7239,4.0404,28.9562,9.7643,38.7205
Mozambique,2022,355,0.0,1.1268,6.7606,3.3803,2.2535,33.5211,3.3803,3.0986,33.8028,6.4789,40.2817
Mozambique,2023,345,0.8696,0.8696,8.4058,6.9565,4.3478,35.3623,6.9565,4.9275,36.8116,11.884,48.6956
Mozambique,2024,335,0.2985,1.4925,6.8657,4.1791,2.9851,28.6567,4.1791,3.8806,29.5522,8.0597,37.6119
Mozambique,2025,263,0.7605,1.5209,9.1255,6.4639,5.3232,42.2053,6.4639,5.3232,42.9658,11.7871,54.7529
Myanmar,2010,12,0.0,0.0,0.0,0.0,0.0,33.3333,0.0,0.0,33.3333,0.0,33.3333
Myanmar,2011,25,0.0,0.0,8.0,4.0,0.0,20.0,4.0,0.0,20.0,4.0,24.0
Myanmar,2012,18,0.0,0.0,0.0,16.6667,0.0,16.6667,16.6667,0.0,16.6667,16.6667,33.3334
Myanmar,2013,28,3.5714,0.0,0.0,7.1429,0.0,17.8571,7.1429,0.0,17.8571,7.1429,25.0
Myanmar,2014,51,0.0,0.0,1.9608,0.0,1.9608,29.4118,0.0,1.9608,29.4118,1.9608,31.3726
Myanmar,2015,67,0.0,1.4925,1.4925,2.9851,7.4627,22.3881,2.9851,7.4627,23.8806,10.4478,34.3284
Myanmar,2016,128,0.0,0.0,3.9062,4.6875,6.25,32.0312,4.6875,6.25,32.8125,10.9375,43.75
Myanmar,2017,158,0.6329,0.0,2.5316,7.5949,1.2658,26.5823,7.5949,1.2658,26.5823,8.8607,35.443
Myanmar,2018,297,0.0,0.0,3.367,3.0303,1.3468,24.2424,3.0303,1.3468,24.5791,4.3771,28.9562
Myanmar,2019,421,0.2375,0.9501,3.8005,5.7007,3.0879,28.5036,5.7007,3.3254,28.5036,9.0261,37.5297
Myanmar,2020,445,0.8989,1.1236,6.2921,3.1461,2.6966,30.1124,3.1461,2.9213,30.7865,6.0674,36.8539
Myanmar,2021,337,1.1869,0.0,7.7151,6.5282,4.1543,35.6083,6.5282,4.1543,36.2018,10.6825,46.8843
Myanmar,2022,350,1.1429,0.5714,5.4286,5.1429,4.0,34.8571,5.1429,4.0,35.4286,9.1429,44.5715
Myanmar,2023,278,1.4388,1.4388,3.9568,7.1942,3.2374,32.0144,7.554,3.5971,32.7338,11.1511,43.8849
Myanmar,2024,223,1.3453,0.8969,2.2422,6.278,3.5874,30.0448,6.278,3.5874,30.0448,9.8654,39.9102
Myanmar,2025,134,0.7463,1.4925,2.9851,2.2388,2.9851,27.6119,2.2388,2.9851,28.3582,5.2239,33.5821
Namibia,2010,26,0.0,3.8462,3.8462,0.0,11.5385,30.7692,0.0,11.5385,34.6154,11.5385,46.1539
Namibia,2011,43,0.0,0.0,6.9767,0.0,0.0,39.5349,0.0,0.0,39.5349,0.0,39.5349
Namibia,2012,53,0.0,0.0,1.8868,5.6604,0.0,16.9811,5.6604,0.0,16.9811,5.6604,22.6415
Namibia,2013,87,0.0,0.0,1.1494,2.2989,3.4483,33.3333,2.2989,3.4483,33.3333,5.7472,39.0805
Namibia,2014,94,0.0,1.0638,4.2553,9.5745,2.1277,25.5319,9.5745,3.1915,26.5957,12.766,39.3617
Namibia,2015,125,0.0,0.0,5.6,6.4,0.0,29.6,6.4,0.0,30.4,6.4,36.8
Namibia,2016,161,0.0,0.6211,4.3478,2.4845,2.4845,29.8137,2.4845,2.4845,29.8137,4.969,34.7827
Namibia,2017,188,0.0,0.5319,3.1915,3.1915,0.5319,20.7447,3.1915,1.0638,21.8085,4.2553,26.0638
Namibia,2018,211,0.0,0.0,3.7915,4.7393,1.8957,26.5403,4.7393,1.8957,27.4882,6.635,34.1232
Namibia,2019,289,1.0381,0.0,3.4602,2.7682,1.3841,24.2215,3.1142,1.3841,24.2215,4.4983,28.7198
Namibia,2020,343,0.5831,0.2915,5.5394,5.5394,3.7901,29.7376,5.8309,4.0816,30.6122,9.9125,40.5247
Namibia,2021,307,0.0,0.3257,5.2117,4.5603,1.9544,31.9218,4.5603,2.2801,33.2248,6.8404,40.0652
Namibia,2022,381,0.0,0.2625,4.9869,3.1496,2.8871,29.9213,3.1496,2.8871,30.7087,6.0367,36.7454
Namibia,2023,412,0.2427,0.2427,5.0971,4.3689,2.1845,30.5825,4.6117,2.1845,31.3107,6.7962,38.1069
Namibia,2024,316,0.3165,0.9494,5.6962,3.481,4.4304,31.3291,3.481,4.4304,32.5949,7.9114,40.5063
Namibia,2025,181,0.0,2.2099,4.9724,3.8674,4.9724,34.8066,3.8674,4.9724,35.3591,8.8398,44.1989
Nepal,2010,249,0.0,1.2048,2.4096,5.6225,3.2129,22.0884,5.6225,3.6145,22.49,9.237,31.727
Nepal,2011,217,0.0,0.4608,1.8433,6.9124,0.9217,19.3548,6.9124,0.9217,19.8157,7.8341,27.6498
Nepal,2012,389,0.7712,0.5141,4.3702,4.3702,1.2853,22.8792,4.6272,1.2853,23.3933,5.9125,29.3058
Nepal,2013,823,0.3645,0.243,4.4957,5.3463,2.6731,21.1422,5.4678,2.6731,21.5067,8.1409,29.6476
Nepal,2014,645,0.3101,0.155,2.9457,4.9612,1.3953,22.0155,5.1163,1.3953,22.4806,6.5116,28.9922
Nepal,2015,716,0.2793,0.419,3.7709,5.4469,3.7709,20.5307,5.5866,3.9106,20.8101,9.4972,30.3073
Nepal,2016,794,0.2519,0.1259,4.1562,5.6675,2.5189,24.8111,5.7935,2.5189,25.3149,8.3124,33.6273
Nepal,2017,1156,0.2595,0.519,4.1522,5.0173,2.5952,23.2699,5.1038,2.5952,23.7024,7.699,31.4014
Nepal,2018,2273,0.352,0.088,3.7396,5.5433,2.1117,22.7893,5.5873,2.1557,23.3612,7.743,31.1042
Nepal,2019,2526,0.5542,0.3563,3.0087,6.3737,2.4149,22.209,6.4133,2.4941,22.6049,8.9074,31.5123
Nepal,2020,3744,0.5075,0.4541,3.1517,5.6357,3.5256,23.5043,5.6891,3.6592,24.0385,9.3483,33.3868
Nepal,2021,2712,0.5531,0.5162,4.4248,4.7566,2.5442,23.5251,4.8304,2.6549,24.2625,7.4853,31.7478
Nepal,2022,3717,0.4574,0.6726,3.8741,4.2776,3.6589,24.0786,4.3853,3.8203,24.3476,8.2056,32.5532
Nepal,2023,4208,0.4515,0.7605,3.9211,4.7529,4.0875,25.8555,4.8241,4.0875,26.2357,8.9116,35.1473
Nepal,2024,3648,0.466,0.8498,3.2895,4.2215,4.1941,24.1502,4.3586,4.2489,24.5614,8.6075,33.1689
Nepal,2025,1504,0.133,0.9973,3.1915,3.4574,4.5213,28.0585,3.4574,4.7872,28.6569,8.2446,36.9015
Netherlands,2010,11747,0.5363,0.4767,3.686,6.308,2.1537,23.8188,6.4272,2.2559,24.2871,8.6831,32.9702
Netherlands,2011,13177,0.5388,0.4857,4.0525,6.2306,2.049,24.1709,6.3596,2.1173,24.8843,8.4769,33.3612
Netherlands,2012,14600,0.5822,0.411,4.0068,6.2397,2.226,23.9932,6.3973,2.3082,24.5342,8.7055,33.2397
Netherlands,2013,15959,0.6015,0.4574,3.9038,6.36,2.3435,24.6695,6.4916,2.3936,25.1394,8.8852,34.0246
Netherlands,2014,19499,0.5436,0.4667,4.0669,6.2824,2.2924,25.7654,6.4721,2.4155,26.4014,8.8876,35.289
Netherlands,2015,20288,0.5521,0.4732,4.2735,5.974,2.4694,26.3752,6.0578,2.5384,27.0603,8.5962,35.6565
Netherlands,2016,23164,0.4965,0.4706,4.3214,6.005,2.5082,25.872,6.087,2.5945,26.4074,8.6815,35.0889
Netherlands,2017,23733,0.6742,0.6447,4.1124,6.0506,2.4354,25.4287,6.1855,2.604,26.2335,8.7895,35.023
Netherlands,2018,27432,0.6635,0.678,4.2396,6.2518,2.7486,25.8239,6.4195,2.9236,26.5784,9.3431,35.9215
Netherlands,2019,29278,0.6148,0.7036,4.0269,5.6903,2.9237,25.5619,5.7893,3.0706,26.245,8.8599,35.1049
Netherlands,2020,32842,0.5481,0.8434,4.1593,5.9862,3.2946,26.7493,6.0898,3.4559,27.4344,9.5457,36.9801
Netherlands,2021,32204,0.5651,0.8477,4.3845,5.7788,3.3101,27.0712,5.8813,3.453,27.7512,9.3343,37.0855
Netherlands,2022,35162,0.6314,0.9812,4.4736,6.1288,3.5976,27.5013,6.2653,3.7939,28.1781,10.0592,38.2373
Netherlands,2023,34839,0.6975,1.0735,4.3314,6.0249,4.0989,28.4423,6.1626,4.3055,29.1024,10.4681,39.5705
Netherlands,2024,30147,0.6302,1.1577,4.3852,5.6855,4.561,28.3378,5.8215,4.7766,28.9813,10.5981,39.5794
Netherlands,2025,20410,0.5879,1.171,4.3312,4.8702,4.7379,27.5894,5.0122,4.9339,28.2264,9.9461,38.1725
New Zealand,2010,3043,0.3286,0.4929,3.1548,5.5866,2.8919,22.3792,5.7509,2.9905,23.0693,8.7414,31.8107
New Zealand,2011,3661,0.6829,0.5463,3.0593,5.9,2.6222,22.4529,6.0366,2.7315,23.0538,8.7681,31.8219
New Zealand,2012,3816,0.6551,0.4979,3.3281,6.0797,1.7558,23.1394,6.2893,1.913,23.7421,8.2023,31.9444
New Zealand,2013,4172,0.4314,0.791,3.1879,5.2493,2.5647,23.1544,5.3212,2.6846,23.6577,8.0058,31.6635
New Zealand,2014,4894,0.5721,0.756,3.5962,5.0266,3.2284,23.7434,5.1083,3.3102,24.2951,8.4185,32.7136
New Zealand,2015,5241,0.4007,0.8968,3.4535,4.9418,2.9002,25.7966,5.0181,3.091,26.2355,8.1091,34.3446
New Zealand,2016,5895,0.5937,0.6785,3.7998,5.2078,2.7481,24.2239,5.2926,2.9686,24.9534,8.2612,33.2146
New Zealand,2017,6084,1.0026,0.7068,3.5174,5.6706,3.4188,22.5345,5.7857,3.5174,23.0605,9.3031,32.3636
New Zealand,2018,7123,0.8423,0.7441,3.5098,5.3068,2.7516,23.024,5.4752,2.9482,23.5575,8.4234,31.9809
New Zealand,2019,7650,0.6536,0.7059,3.8562,5.1765,2.6013,24.6144,5.2418,2.7582,25.1765,8.0,33.1765
New Zealand,2020,8351,0.6706,0.9699,3.9037,5.652,3.7481,24.6198,5.7718,3.9516,25.3024,9.7234,35.0258
New Zealand,2021,8072,0.607,1.0159,3.8157,4.8935,3.2953,25.384,5.0173,3.5555,25.8796,8.5728,34.4524
New Zealand,2022,9130,0.6353,0.9748,3.713,5.0602,3.6364,26.2212,5.1917,3.7568,26.6922,8.9485,35.6407
New Zealand,2023,8902,0.6965,1.1121,3.752,5.2011,4.044,27.3759,5.2572,4.2799,28.0049,9.5371,37.542
New Zealand,2024,7378,0.637,1.518,4.2152,4.4999,5.0962,27.216,4.6896,5.3944,27.8395,10.084,37.9235
New Zealand,2025,4768,0.4614,1.7617,4.1107,4.2576,5.3901,28.0201,4.3414,5.6418,28.5025,9.9832,38.4857
Nicaragua,2010,17,0.0,0.0,0.0,0.0,0.0,23.5294,0.0,0.0,23.5294,0.0,23.5294
Nicaragua,2011,24,4.1667,0.0,8.3333,12.5,4.1667,29.1667,16.6667,4.1667,29.1667,20.8334,50.0001
Nicaragua,2012,20,0.0,0.0,5.0,5.0,5.0,45.0,5.0,5.0,45.0,10.0,55.0
Nicaragua,2013,9,0.0,0.0,0.0,0.0,11.1111,33.3333,0.0,11.1111,33.3333,11.1111,44.4444
Nicaragua,2014,30,0.0,0.0,16.6667,3.3333,0.0,36.6667,3.3333,0.0,40.0,3.3333,43.3333
Nicaragua,2015,34,0.0,0.0,8.8235,0.0,2.9412,26.4706,0.0,2.9412,29.4118,2.9412,32.353
Nicaragua,2016,53,0.0,0.0,5.6604,5.6604,3.7736,13.2075,5.6604,3.7736,13.2075,9.434,22.6415
Nicaragua,2017,43,0.0,0.0,4.6512,2.3256,2.3256,25.5814,2.3256,2.3256,25.5814,4.6512,30.2326
Nicaragua,2018,60,0.0,0.0,5.0,3.3333,3.3333,26.6667,3.3333,3.3333,28.3333,6.6666,34.9999
Nicaragua,2019,62,1.6129,1.6129,3.2258,3.2258,1.6129,45.1613,3.2258,1.6129,45.1613,4.8387,50.0
Nicaragua,2020,79,1.2658,1.2658,2.5316,5.0633,5.0633,26.5823,5.0633,5.0633,26.5823,10.1266,36.7089
Nicaragua,2021,62,0.0,0.0,1.6129,6.4516,1.6129,29.0323,6.4516,1.6129,29.0323,8.0645,37.0968
Nicaragua,2022,100,1.0,2.0,6.0,13.0,3.0,34.0,13.0,5.0,34.0,18.0,52.0
Nicaragua,2023,93,0.0,0.0,6.4516,5.3763,2.1505,38.7097,5.3763,2.1505,38.7097,7.5268,46.2365
Nicaragua,2024,70,1.4286,0.0,5.7143,11.4286,1.4286,21.4286,12.8571,1.4286,21.4286,14.2857,35.7143
Nicaragua,2025,55,1.8182,0.0,3.6364,1.8182,3.6364,21.8182,1.8182,3.6364,23.6364,5.4546,29.091
Niger,2010,289,0.692,0.346,2.7682,6.9204,2.4221,22.4913,6.9204,2.4221,23.1834,9.3425,32.5259
Niger,2011,303,0.9901,0.0,5.2805,5.9406,2.6403,19.4719,5.9406,2.6403,20.132,8.5809,28.7129
Niger,2012,237,0.8439,0.0,2.1097,4.6414,3.7975,17.2996,4.6414,3.7975,17.2996,8.4389,25.7385
Niger,2013,341,0.2933,0.0,4.6921,4.6921,1.4663,25.8065,4.6921,1.4663,26.9795,6.1584,33.1379
Niger,2014,377,0.7958,0.2653,4.244,5.0398,2.6525,23.8727,5.0398,2.6525,24.6684,7.6923,32.3607
Niger,2015,360,0.2778,0.8333,2.5,8.6111,1.6667,22.5,8.6111,2.2222,23.3333,10.8333,34.1666
Niger,2016,423,0.9456,0.2364,3.7825,7.565,2.6005,24.3499,7.565,2.6005,25.2955,10.1655,35.461
Niger,2017,479,0.8351,0.4175,4.8017,6.6806,2.5052,24.0084,6.6806,2.5052,24.6347,9.1858,33.8205
Niger,2018,774,0.9044,0.5168,4.6512,6.4599,2.7132,32.4289,6.4599,2.7132,33.2041,9.1731,42.3772
Niger,2019,844,0.8294,0.1185,4.8578,5.8057,2.0142,25.4739,5.8057,2.0142,26.4218,7.8199,34.2417
Niger,2020,1182,1.692,0.423,3.6379,5.9222,3.2995,26.5651,6.3452,3.2995,27.242,9.6447,36.8867
Niger,2021,979,1.1236,0.6129,6.0266,6.333,2.5536,28.8049,6.6394,2.7579,29.8264,9.3973,39.2237
Niger,2022,1388,0.7205,0.6484,4.683,6.7723,3.8184,28.3141,6.9885,3.9625,29.1066,10.951,40.0576
Niger,2023,1652,0.7264,0.908,4.8426,5.3874,3.8136,32.1429,5.4479,3.9952,32.6877,9.4431,42.1308
Niger,2024,1267,0.6314,1.026,4.9724,4.5777,5.2881,27.7822,4.8145,5.5249,28.4925,10.3394,38.8319
Niger,2025,614,0.3257,1.6287,3.4202,3.0945,6.5147,35.8306,3.2573,6.8404,36.4821,10.0977,46.5798
Nigeria,2010,1596,0.6266,0.188,3.1955,5.3258,1.2531,19.3609,5.4511,1.2531,19.8622,6.7042,26.5664
Nigeria,2011,1714,0.8751,0.3501,4.2007,6.3011,2.3921,20.5951,6.4177,2.3921,21.4119,8.8098,30.2217
Nigeria,2012,2223,0.6298,0.3149,4.6334,7.0175,2.6091,21.9073,7.1075,2.6541,22.5821,9.7616,32.3437
Nigeria,2013,3358,0.6849,0.3276,4.2287,5.4497,2.025,22.7814,5.5688,2.0846,23.1983,7.6534,30.8517
Nigeria,2014,4570,0.5908,0.1969,4.0044,5.5361,1.8381,21.5536,5.7112,1.8818,22.0569,7.593,29.6499
Nigeria,2015,4133,0.5807,0.2903,4.1132,6.7989,2.0566,21.7034,6.8231,2.105,22.3083,8.9281,31.2364
Nigeria,2016,4686,0.5548,0.4695,3.9906,6.2953,1.9206,23.0474,6.3594,1.9633,23.7303,8.3227,32.053
Nigeria,2017,6051,0.7272,0.2809,3.9002,6.0816,2.1484,23.5002,6.1477,2.198,24.0621,8.3457,32.4078
Nigeria,2018,9081,0.7378,0.4295,4.4488,6.1227,2.6429,25.3386,6.2108,2.709,25.8892,8.9198,34.809
Nigeria,2019,11627,0.8773,0.516,4.4465,5.0744,2.1158,25.3118,5.1776,2.2104,25.802,7.388,33.19
Nigeria,2020,15907,0.811,0.4652,4.7778,5.199,2.5712,25.7937,5.3561,2.6844,26.4726,8.0405,34.5131
Nigeria,2021,12974,0.5858,0.632,4.8019,5.3106,2.7671,26.846,5.3646,2.9675,27.6245,8.3321,35.9566
Nigeria,2022,17286,0.7173,0.6653,4.9925,5.2007,3.1818,27.9012,5.2991,3.3033,28.5144,8.6024,37.1168
Nigeria,2023,18882,0.7414,0.7997,5.1531,5.2537,3.7761,29.6367,5.3225,3.9032,30.214,9.2257,39.4397
Nigeria,2024,14054,0.74,1.3519,5.2156,4.4969,5.5785,31.2367,4.5966,5.7493,31.7632,10.3459,42.1091
Nigeria,2025,5516,0.6526,1.8854,6.0007,3.8252,6.4902,35.2611,3.9703,6.8165,36.0044,10.7868,46.7912
North Korea,2010,2,0.0,0.0,0.0,0.0,50.0,0.0,0.0,50.0,0.0,50.0,50.0
North Korea,2012,1,0.0,0.0,0.0,0.0,0.0,0.0,0.0,0.0,0.0,0.0,0.0
North Korea,2013,3,0.0,0.0,0.0,33.3333,0.0,0.0,33.3333,0.0,0.0,33.3333,33.3333
North Korea,2015,1,0.0,0.0,0.0,0.0,0.0,0.0,0.0,0.0,0.0,0.0,0.0
North Korea,2016,5,0.0,0.0,0.0,40.0,0.0,20.0,40.0,0.0,20.0,40.0,60.0
North Korea,2017,7,0.0,0.0,14.2857,14.2857,14.2857,42.8571,14.2857,14.2857,42.8571,28.5714,71.4285
North Korea,2018,3,0.0,0.0,0.0,0.0,33.3333,33.3333,0.0,33.3333,33.3333,33.3333,66.6666
North Korea,2019,13,23.0769,0.0,23.0769,69.2308,69.2308,92.3077,69.2308,69.2308,92.3077,138.4616,230.7693
North Korea,2020,10,0.0,0.0,10.0,0.0,0.0,30.0,0.0,0.0,30.0,0.0,30.0
North Korea,2021,6,0.0,0.0,0.0,16.6667,0.0,16.6667,16.6667,0.0,16.6667,16.6667,33.3334
North Korea,2022,10,0.0,0.0,0.0,0.0,10.0,10.0,0.0,10.0,10.0,10.0,20.0
North Korea,2023,8,0.0,0.0,12.5,12.5,0.0,62.5,12.5,0.0,62.5,12.5,75.0
North Korea,2024,9,0.0,0.0,11.1111,0.0,0.0,22.2222,0.0,0.0,22.2222,0.0,22.2222
North Korea,2025,2,0.0,0.0,0.0,0.0,0.0,50.0,0.0,0.0,50.0,0.0,50.0
North Macedonia,2010,165,0.6061,2.4242,2.4242,6.6667,3.0303,19.3939,6.6667,3.6364,19.3939,10.3031,29.697
North Macedonia,2011,189,0.5291,0.0,4.7619,8.9947,2.1164,21.164,8.9947,2.1164,22.2222,11.1111,33.3333
North Macedonia,2012,229,0.8734,0.0,3.4934,8.7336,1.31,21.8341,9.1703,1.31,21.8341,10.4803,32.3144
North Macedonia,2013,288,0.6944,1.0417,3.125,6.5972,3.125,24.6528,6.5972,3.125,25.3472,9.7222,35.0694
North Macedonia,2014,390,1.0256,0.7692,4.359,7.4359,3.0769,24.6154,8.4615,3.0769,25.3846,11.5384,36.923
North Macedonia,2015,371,0.0,1.6173,0.5391,4.8518,2.4259,28.0323,4.8518,2.6954,28.0323,7.5472,35.5795
North Macedonia,2016,401,0.4988,1.4963,3.7406,8.2294,3.7406,26.4339,8.2294,4.2394,26.9327,12.4688,39.4015
North Macedonia,2017,585,0.6838,1.1966,2.735,8.7179,2.735,21.1966,8.8889,2.906,21.7094,11.7949,33.5043
North Macedonia,2018,635,0.9449,0.4724,3.937,8.9764,2.3622,24.252,9.1339,2.3622,24.8819,11.4961,36.378
North Macedonia,2019,699,0.5722,0.5722,2.5751,9.299,2.289,25.1788,9.299,2.289,25.3219,11.588,36.9099
North Macedonia,2020,850,1.0588,0.8235,3.2941,9.7647,3.7647,25.0588,9.8824,3.7647,25.2941,13.6471,38.9412
North Macedonia,2021,743,1.2113,0.9421,4.3069,8.21,5.1144,26.6487,8.3445,5.249,27.0525,13.5935,40.646
North Macedonia,2022,1023,0.4888,1.0753,4.3011,8.5044,3.5191,25.7087,8.6999,3.7146,25.8065,12.4145,38.221
North Macedonia,2023,1141,0.8764,1.8405,5.6091,9.0272,5.4338,28.2209,9.2025,5.5215,28.8344,14.724,43.5584
North Macedonia,2024,892,0.6726,2.5785,3.0269,5.4933,6.7265,26.5695,5.7175,7.1749,27.0179,12.8924,39.9103
North Macedonia,2025,572,0.8741,1.7483,4.5455,4.5455,8.3916,27.972,4.8951,8.3916,28.4965,13.2867,41.7832
Norway,2010,3410,0.9091,0.4106,4.2815,8.4164,2.5513,24.1056,8.5337,2.61,24.6334,11.1437,35.7771
Norway,2011,3893,0.8734,0.4624,4.3925,8.5024,2.4146,23.7349,8.6566,2.4917,24.3514,11.1483,35.4997
Norway,2012,4431,0.6996,0.5642,3.6561,7.9666,2.3697,25.0508,8.0794,2.4148,25.7504,10.4942,36.2446
Norway,2013,5054,0.831,0.4749,3.799,7.5979,2.592,23.9414,7.7364,2.6909,24.4163,10.4273,34.8436
Norway,2014,6170,0.6645,0.4538,4.3112,7.9417,2.4473,26.1588,8.0713,2.5932,26.7261,10.6645,37.3906
Norway,2015,6488,0.9402,0.6165,4.1461,8.2152,2.8822,25.2466,8.3693,2.9901,25.8169,11.3594,37.1763
Norway,2016,7415,0.7417,0.6069,4.6797,8.1996,3.0479,26.1497,8.321,3.1423,26.824,11.4633,38.2873
Norway,2017,8103,0.7281,0.8145,4.5909,7.343,3.3815,25.472,7.5157,3.5542,26.2495,11.0699,37.3194
Norway,2018,9573,0.7835,0.7521,4.2411,6.9048,3.092,25.5197,7.0093,3.2801,26.3031,10.2894,36.5925
Norway,2019,10992,0.7369,0.9916,4.385,7.0142,3.5389,26.9651,7.0961,3.73,27.6656,10.8261,38.4917
Norway,2020,13333,0.7575,0.7875,4.4926,6.9602,3.5326,27.2782,7.1702,3.6526,28.0207,10.8228,38.8435
Norway,2021,12667,0.6631,1.0894,4.6657,6.5446,3.6394,27.2282,6.6788,3.8131,27.844,10.4919,38.3359
Norway,2022,14535,0.7018,1.1971,4.4995,6.6873,4.4651,27.967,6.8111,4.644,28.655,11.4551,40.1101
Norway,2023,15030,0.8051,1.3107,4.7239,6.6999,4.5709,28.3766,6.8397,4.8037,29.0086,11.6434,40.652
Norway,2024,12489,0.6806,1.4733,4.0756,6.5097,4.6601,28.2248,6.5978,4.8122,28.8094,11.41,40.2194
Norway,2025,7472,0.8298,1.4454,4.0685,5.4738,5.0054,27.9042,5.6478,5.2864,28.4797,10.9342,39.4139
Oman,2010,787,1.1436,0.3812,2.7954,6.0991,2.033,20.5845,6.8615,2.1601,20.8386,9.0216,29.8602
Oman,2011,935,0.5348,0.3209,3.6364,6.3102,1.6043,18.6096,6.3102,1.6043,20.0,7.9145,27.9145
Oman,2012,1045,0.5742,0.0,2.9665,4.9761,1.6268,22.5837,4.9761,1.6268,22.8708,6.6029,29.4737
Oman,2013,1341,0.3729,0.7457,2.7591,5.22,1.6406,20.3579,5.22,1.8643,20.6562,7.0843,27.7405
Oman,2014,1678,0.3576,0.7151,2.6818,5.8403,2.1454,20.6794,5.8999,2.3242,21.3349,8.2241,29.559
Oman,2015,1793,0.8924,0.5577,4.406,5.3542,2.0078,24.3726,5.5772,2.0078,24.8745,7.585,32.4595
Oman,2016,1956,0.2556,0.3579,3.0164,4.9591,2.3517,22.6483,4.9591,2.3517,23.4151,7.3108,30.7259
Oman,2017,1968,0.5589,0.7114,3.0996,4.5224,2.6423,21.8496,4.624,2.7439,22.3069,7.3679,29.6748
Oman,2018,2623,0.5719,0.5337,3.5837,5.4518,1.8681,21.6165,5.5661,2.0968,22.5315,7.6629,30.1944
Oman,2019,3141,0.6367,0.6686,4.107,5.667,2.738,23.3684,5.8262,2.7698,24.3235,8.596,32.9195
Oman,2020,3288,0.6691,0.6691,3.8321,6.5085,2.5852,24.7871,6.691,2.7068,25.365,9.3978,34.7628
Oman,2021,3181,0.3772,1.2575,3.961,5.0299,3.3323,25.2436,5.0927,3.6152,25.6209,8.7079,34.3288
Oman,2022,4084,0.6121,0.7101,3.7708,6.1949,3.4035,26.1753,6.3173,3.5994,26.6895,9.9167,36.6062
Oman,2023,4253,0.87,1.3873,4.3499,6.8187,4.8201,27.2749,6.9128,5.1963,27.9097,12.1091,40.0188
Oman,2024,3838,1.0943,1.6675,4.5336,6.2272,6.1751,29.1298,6.3835,6.4617,29.729,12.8452,42.5742
Oman,2025,2633,0.2659,2.0509,4.6335,4.8994,7.0642,30.9153,4.8994,7.482,31.7509,12.3814,44.1323
Pakistan,2010,1220,0.4918,0.082,2.0492,5.9016,1.5574,17.7869,5.9016,1.5574,18.1148,7.459,25.5738
Pakistan,2011,1609,0.6215,0.4972,2.2996,4.5991,1.8024,18.0236,4.5991,1.8645,18.3344,6.4636,24.798
Pakistan,2012,2064,0.2422,0.3391,3.3915,4.6027,1.9864,18.4109,4.6512,2.0349,18.7984,6.6861,25.4845
Pakistan,2013,2807,0.5344,0.6769,4.0969,4.6313,1.8525,23.762,4.6313,2.0663,24.2252,6.6976,30.9228
Pakistan,2014,3597,0.4448,0.4448,3.6975,4.6428,1.5013,22.7412,4.754,1.6681,23.186,6.4221,29.6081
Pakistan,2015,4156,0.6015,0.385,3.5371,4.8123,1.949,22.4735,4.8845,2.1415,22.8585,7.026,29.8845
Pakistan,2016,5284,0.5678,0.511,3.5958,4.8259,2.1764,22.0098,4.9394,2.3656,22.7101,7.305,30.0151
Pakistan,2017,7076,0.5512,0.4381,3.3635,4.6354,2.1481,22.8095,4.805,2.2894,23.4878,7.0944,30.5822
Pakistan,2018,10570,0.6339,0.492,4.2668,5.4683,2.649,23.9735,5.544,2.772,24.702,8.316,33.018
Pakistan,2019,13148,0.6693,0.6465,3.8637,5.1871,2.7305,25.0837,5.2936,2.8521,25.6085,8.1457,33.7542
Pakistan,2020,18193,0.863,0.7805,4.2434,5.8979,3.5343,25.5813,6.0353,3.7432,26.3453,9.7785,36.1238
Pakistan,2021,18023,0.5604,0.8212,4.7273,5.4264,3.7674,27.5759,5.5152,3.9838,28.3804,9.499,37.8794
Pakistan,2022,26675,0.6111,0.9859,4.5136,5.5783,4.2287,28.3524,5.687,4.4461,29.0647,10.1331,39.1978
Pakistan,2023,26728,0.6809,1.2609,4.3438,5.7318,4.5757,28.7339,5.8291,4.8189,29.4111,10.648,40.0591
Pakistan,2024,19823,0.6608,1.5638,4.525,4.7319,5.8114,29.0521,4.8378,6.0738,29.7785,10.9116,40.6901
Pakistan,2025,11006,0.5724,1.6173,5.2971,3.4163,6.7145,31.6736,3.489,6.9871,32.455,10.4761,42.9311
Palestine,2010,72,0.0,2.7778,1.3889,5.5556,4.1667,29.1667,5.5556,4.1667,29.1667,9.7223,38.889
Palestine,2011,67,4.4776,0.0,4.4776,10.4478,1.4925,25.3731,10.4478,1.4925,26.8657,11.9403,38.806
Palestine,2012,113,1.7699,0.885,4.4248,9.7345,2.6549,26.5487,10.6195,2.6549,26.5487,13.2744,39.8231
Palestine,2013,147,0.6803,0.6803,4.0816,5.4422,4.0816,30.6122,5.4422,4.0816,30.6122,9.5238,40.136
Palestine,2014,197,1.5228,1.5228,3.0457,6.0914,3.0457,25.3807,6.0914,4.0609,25.3807,10.1523,35.533
Palestine,2015,170,1.7647,0.0,4.1176,8.8235,0.5882,22.9412,8.8235,0.5882,24.1176,9.4117,33.5293
Palestine,2016,238,0.4202,0.0,5.4622,6.3025,0.8403,30.6723,6.3025,0.8403,31.5126,7.1428,38.6554
Palestine,2017,262,1.145,0.7634,6.4885,6.4885,3.0534,27.4809,6.4885,3.4351,28.2443,9.9236,38.1679
Palestine,2018,324,1.8519,1.8519,5.2469,8.9506,3.7037,22.8395,8.9506,4.0123,23.4568,12.9629,36.4197
Palestine,2019,473,0.8457,1.9027,7.1882,7.611,3.8055,28.3298,8.0338,4.2283,29.1755,12.2621,41.4376
Palestine,2020,606,1.9802,0.6601,5.4455,11.2211,3.1353,27.5578,11.5512,3.3003,28.2178,14.8515,43.0693
Palestine,2021,608,1.3158,1.6447,4.1118,6.4145,4.7697,25.8224,6.5789,4.9342,26.4803,11.5131,37.9934
Palestine,2022,818,0.8557,0.7335,5.0122,6.4792,3.6675,27.0171,6.6015,4.0342,27.5061,10.6357,38.1418
Palestine,2023,963,0.9346,1.6615,4.9844,5.7113,5.6075,28.3489,6.0228,5.8152,28.6604,11.838,40.4984
Palestine,2024,765,2.6144,3.1373,4.8366,7.451,7.7124,25.8824,7.8431,7.9739,27.3203,15.817,43.1373
Palestine,2025,608,2.4671,1.8092,6.25,9.0461,7.4013,32.4013,9.8684,7.4013,32.8947,17.2697,50.1644
Panama,2010,84,0.0,0.0,0.0,8.3333,8.3333,28.5714,8.3333,8.3333,28.5714,16.6666,45.238
Panama,2011,86,1.1628,0.0,9.3023,6.9767,1.1628,33.7209,6.9767,1.1628,33.7209,8.1395,41.8604
Panama,2012,114,0.8772,4.386,0.8772,4.386,2.6316,19.2982,5.2632,6.1404,19.2982,11.4036,30.7018
Panama,2013,136,0.0,1.4706,1.4706,2.2059,2.9412,26.4706,2.2059,3.6765,26.4706,5.8824,32.353
Panama,2014,203,0.9852,0.0,3.4483,6.8966,2.4631,29.064,6.8966,2.4631,29.064,9.3597,38.4237
Panama,2015,250,0.0,0.8,4.0,7.6,5.2,26.0,7.6,5.6,27.2,13.2,40.4
Panama,2016,274,0.0,0.7299,4.0146,5.8394,3.2847,27.0073,5.8394,3.2847,27.7372,9.1241,36.8613
Panama,2017,309,0.3236,1.2945,3.5599,6.1489,2.2654,28.1553,6.1489,3.2362,29.1262,9.3851,38.5113
Panama,2018,355,0.2817,1.9718,5.6338,3.662,3.9437,22.2535,3.662,4.2254,23.662,7.8874,31.5494
Panama,2019,380,0.2632,1.0526,2.6316,5.7895,2.1053,23.9474,6.0526,2.1053,24.2105,8.1579,32.3684
Panama,2020,405,0.4938,1.9753,3.9506,4.4444,4.1975,28.1481,4.9383,4.6914,29.1358,9.6297,38.7655
Panama,2021,469,0.0,1.0661,3.1983,5.7569,3.838,26.226,5.7569,4.0512,27.2921,9.8081,37.1002
Panama,2022,466,0.0,0.4292,4.2918,4.2918,3.4335,27.6824,4.2918,3.4335,28.1116,7.7253,35.8369
Panama,2023,469,0.0,2.1322,5.7569,4.9041,4.0512,29.6375,4.9041,4.9041,30.7036,9.8082,40.5118
Panama,2024,443,0.2257,0.4515,4.0632,2.9345,4.5147,27.7652,2.9345,4.5147,28.4424,7.4492,35.8916
Panama,2025,376,0.0,1.0638,3.4574,2.6596,3.7234,28.1915,2.6596,4.2553,28.9894,6.9149,35.9043
Papua New Guinea,2010,13,0.0,0.0,7.6923,0.0,0.0,30.7692,0.0,0.0,30.7692,0.0,30.7692
Papua New Guinea,2011,16,0.0,0.0,6.25,6.25,0.0,25.0,6.25,0.0,25.0,6.25,31.25
Papua New Guinea,2012,16,0.0,0.0,18.75,6.25,0.0,50.0,6.25,0.0,50.0,6.25,56.25
Papua New Guinea,2013,31,0.0,0.0,0.0,9.6774,0.0,25.8065,9.6774,0.0,25.8065,9.6774,35.4839
Papua New Guinea,2014,44,2.2727,0.0,6.8182,2.2727,0.0,34.0909,4.5455,0.0,38.6364,4.5455,43.1819
Papua New Guinea,2015,58,0.0,1.7241,5.1724,5.1724,1.7241,25.8621,5.1724,1.7241,25.8621,6.8965,32.7586
Papua New Guinea,2016,70,1.4286,2.8571,7.1429,2.8571,4.2857,34.2857,2.8571,4.2857,38.5714,7.1428,45.7142
Papua New Guinea,2017,62,0.0,0.0,3.2258,1.6129,3.2258,38.7097,1.6129,3.2258,40.3226,4.8387,45.1613
Papua New Guinea,2018,76,0.0,3.9474,2.6316,2.6316,6.5789,30.2632,2.6316,7.8947,30.2632,10.5263,40.7895
Papua New Guinea,2019,99,0.0,1.0101,2.0202,5.0505,4.0404,38.3838,5.0505,5.0505,38.3838,10.101,48.4848
Papua New Guinea,2020,97,1.0309,0.0,3.0928,10.3093,3.0928,29.8969,10.3093,3.0928,29.8969,13.4021,43.299
Papua New Guinea,2021,115,0.8696,1.7391,9.5652,1.7391,2.6087,30.4348,2.6087,3.4783,31.3043,6.087,37.3913
Papua New Guinea,2022,118,0.8475,0.0,6.7797,5.0847,8.4746,31.3559,5.0847,8.4746,32.2034,13.5593,45.7627
Papua New Guinea,2023,122,0.0,4.0984,4.918,3.2787,7.377,35.2459,3.2787,8.1967,37.7049,11.4754,49.1803
Papua New Guinea,2024,108,2.7778,2.7778,3.7037,3.7037,8.3333,36.1111,4.6296,8.3333,37.037,12.9629,49.9999
Papua New Guinea,2025,55,0.0,0.0,1.8182,1.8182,0.0,30.9091,1.8182,0.0,30.9091,1.8182,32.7273
Paraguay,2010,13,0.0,0.0,0.0,7.6923,7.6923,15.3846,7.6923,7.6923,15.3846,15.3846,30.7692
Paraguay,2011,18,0.0,0.0,5.5556,5.5556,0.0,22.2222,5.5556,0.0,22.2222,5.5556,27.7778
Paraguay,2012,10,0.0,0.0,0.0,0.0,0.0,10.0,0.0,0.0,10.0,0.0,10.0
Paraguay,2013,23,0.0,0.0,13.0435,0.0,8.6957,26.087,0.0,8.6957,26.087,8.6957,34.7827
Paraguay,2014,46,2.1739,0.0,2.1739,8.6957,2.1739,17.3913,8.6957,2.1739,17.3913,10.8696,28.2609
Paraguay,2015,62,0.0,0.0,6.4516,3.2258,3.2258,37.0968,3.2258,3.2258,37.0968,6.4516,43.5484
Paraguay,2016,62,1.6129,3.2258,3.2258,3.2258,4.8387,30.6452,4.8387,6.4516,32.2581,11.2903,43.5484
Paraguay,2017,72,0.0,0.0,2.7778,2.7778,5.5556,26.3889,2.7778,5.5556,26.3889,8.3334,34.7223
Paraguay,2018,90,1.1111,1.1111,4.4444,5.5556,4.4444,18.8889,6.6667,4.4444,23.3333,11.1111,34.4444
Paraguay,2019,137,0.0,0.7299,3.6496,2.1898,6.5693,23.3577,2.1898,6.5693,24.8175,8.7591,33.5766
Paraguay,2020,161,0.0,0.0,4.9689,11.1801,0.6211,31.677,11.1801,0.6211,31.677,11.8012,43.4782
Paraguay,2021,162,0.6173,0.6173,2.4691,6.7901,3.0864,20.9877,7.4074,3.0864,21.6049,10.4938,32.0987
Paraguay,2022,188,1.0638,2.1277,4.7872,11.7021,3.1915,22.3404,12.234,3.7234,23.4043,15.9574,39.3617
Paraguay,2023,184,0.5435,0.0,3.8043,9.2391,4.3478,25.0,9.2391,4.3478,25.0,13.5869,38.5869
Paraguay,2024,171,0.5848,1.1696,5.2632,7.0175,7.0175,28.0702,7.0175,7.6023,28.0702,14.6198,42.69
Paraguay,2025,132,2.2727,3.0303,0.7576,3.0303,3.7879,23.4848,3.0303,5.303,23.4848,8.3333,31.8181
Peru,2010,947,0.4224,0.1056,2.1119,7.7086,1.2672,20.9081,7.7086,1.2672,21.3305,8.9758,30.3063
Peru,2011,977,0.4094,0.3071,3.173,9.4166,1.6377,22.1085,9.5189,1.6377,22.7226,11.1566,33.8792
Peru,2012,1203,0.4988,0.4988,3.325,7.98,2.1613,21.6126,8.1463,2.1613,22.1945,10.3076,32.5021
Peru,2013,1690,0.5325,0.2959,3.6686,7.8698,1.716,21.716,7.929,1.7751,22.4852,9.7041,32.1893
Peru,2014,2059,0.7771,0.5828,3.1569,7.4308,1.7484,23.458,7.5765,2.0398,23.8465,9.6163,33.4628
Peru,2015,1935,0.155,0.4134,2.9457,6.9767,2.739,21.6021,6.9767,2.8941,22.1705,9.8708,32.0413
Peru,2016,2328,0.2148,0.3436,2.5344,7.0876,2.1048,24.055,7.1306,2.1907,24.5275,9.3213,33.8488
Peru,2017,2771,0.397,0.2526,3.0314,4.9802,1.624,22.9881,5.1245,1.6601,23.4211,6.7846,30.2057
Peru,2018,3591,0.6405,0.362,3.4531,7.3796,2.2835,24.2551,7.4909,2.3392,24.7285,9.8301,34.5586
Peru,2019,3907,0.2815,0.5887,3.4809,7.0642,2.7899,24.1618,7.0898,2.9434,24.5457,10.0332,34.5789
Peru,2020,4852,0.4122,0.5359,3.1946,6.3067,2.432,25.3298,6.4097,2.5144,25.7214,8.9241,34.6455
Peru,2021,4567,0.219,0.5693,4.0508,5.8244,2.2772,26.4068,5.9339,2.4305,27.0637,8.3644,35.4281
Peru,2022,6123,0.441,0.8329,3.985,6.3531,3.0867,26.0167,6.4021,3.201,26.6373,9.6031,36.2404
Peru,2023,7082,0.3106,0.9319,4.0384,5.3657,3.6148,26.5038,5.4081,3.756,27.1957,9.1641,36.3598
Peru,2024,5686,0.299,1.0904,2.9546,5.3992,4.4319,26.2751,5.3992,4.643,26.8203,10.0422,36.8625
Peru,2025,3420,0.2924,1.2573,3.5088,3.8596,5.0877,28.1287,3.8889,5.2339,28.655,9.1228,37.7778
Philippines,2010,230,0.8696,1.3043,4.3478,6.9565,3.913,30.8696,7.3913,4.3478,31.3043,11.7391,43.0434
Philippines,2011,293,1.3652,0.0,3.0717,5.802,2.0478,24.9147,6.1433,2.0478,24.9147,8.1911,33.1058
Philippines,2012,520,0.5769,0.5769,4.0385,8.8462,1.9231,28.4615,9.0385,1.9231,28.8462,10.9616,39.8078
Philippines,2013,522,1.341,0.1916,2.8736,7.8544,1.7241,23.5632,8.046,1.9157,24.3295,9.9617,34.2912
Philippines,2014,782,0.3836,0.5115,3.8363,6.0102,1.7903,26.9821,6.0102,2.046,27.4936,8.0562,35.5498
Philippines,2015,836,0.3589,0.4785,5.622,5.1435,2.2727,27.9904,5.1435,2.3923,28.9474,7.5358,36.4832
Philippines,2016,1001,0.1998,0.4995,4.4955,6.4935,2.8971,25.3746,6.5934,2.997,25.7742,9.5904,35.3646
Philippines,2017,1305,0.613,0.4598,3.8314,4.4444,1.9923,26.0536,4.8276,2.069,26.59,6.8966,33.4866
Philippines,2018,1554,0.3861,0.7079,5.2767,6.3063,2.7027,25.6757,6.3707,2.7671,26.7053,9.1378,35.8431
Philippines,2019,2233,1.0748,0.9404,3.5826,5.7322,3.7618,27.004,5.8218,3.8961,27.4071,9.7179,37.125
Philippines,2020,3137,1.0201,0.4782,4.2397,6.2799,2.8052,27.351,6.5349,2.9009,27.9885,9.4358,37.4243
Philippines,2021,3094,1.0019,0.6141,4.5572,5.6884,3.2321,27.214,6.0116,3.329,27.925,9.3406,37.2656
Philippines,2022,5150,0.932,0.9903,4.0388,6.1942,3.8835,29.8058,6.3301,4.0971,30.3495,10.4272,40.7767
Philippines,2023,6186,0.5658,1.1316,4.4779,5.1406,3.9767,29.6314,5.2861,4.2677,30.4882,9.5538,40.042
Philippines,2024,5021,0.5178,1.8124,5.3973,5.0189,5.238,31.9259,5.0588,5.6164,32.5234,10.6752,43.1986
Philippines,2025,2089,0.718,1.7233,4.787,4.404,6.0795,32.4557,4.6434,6.1752,33.0302,10.8186,43.8488
Poland,2010,5060,0.2372,0.2372,2.9051,4.4664,1.2451,19.0711,4.585,1.3241,19.6443,5.9091,25.5534
Poland,2011,6009,0.3994,0.416,3.1453,4.4766,1.6142,18.2393,4.6264,1.7307,18.7885,6.3571,25.1456
Poland,2012,7277,0.2199,0.3435,2.982,4.631,1.4841,18.6753,4.7135,1.5528,19.225,6.2663,25.4913
Poland,2013,9449,0.3704,0.2434,3.1009,4.6248,1.3758,20.2244,4.6566,1.4499,20.817,6.1065,26.9235
Poland,2014,12154,0.3456,0.3456,3.1512,4.8873,1.4399,20.989,5.0107,1.555,21.4744,6.5657,28.0401
Poland,2015,12102,0.2975,0.2892,3.5036,5.2884,1.6278,22.8309,5.3627,1.6939,23.4094,7.0566,30.466
Poland,2016,14151,0.3604,0.4664,4.1976,5.1657,2.0705,23.0584,5.2434,2.1553,23.8146,7.3987,31.2133
Poland,2017,15290,0.4251,0.412,3.5252,5.1602,1.9294,22.276,5.2453,2.0536,22.9496,7.2989,30.2485
Poland,2018,19047,0.5828,0.4725,4.0636,5.4287,2.1053,23.6573,5.5704,2.2208,24.4343,7.7912,32.2255
Poland,2019,21686,0.5119,0.5257,4.0718,5.4044,2.195,24.3844,5.4828,2.2964,25.1868,7.7792,32.966
Poland,2020,27275,0.561,0.5206,4.2163,5.4592,2.3868,25.6095,5.5655,2.5041,26.3648,8.0696,34.4344
Poland,2021,27738,0.393,0.5804,4.1243,5.04,2.3542,25.3191,5.1301,2.5128,26.1266,7.6429,33.7695
Poland,2022,30785,0.5944,0.6951,3.9857,5.7008,2.7221,26.2238,5.8243,2.8943,26.9352,8.7186,35.6538
Poland,2023,31292,0.767,0.9587,4.279,6.075,3.4769,27.0165,6.222,3.6367,27.8793,9.8587,37.738
Poland,2024,26937,0.7313,1.1211,3.9462,5.1862,4.2135,27.0594,5.2975,4.3917,27.8205,9.6892,37.5097
Poland,2025,18031,0.5657,1.209,4.4756,4.0597,4.1817,28.7949,4.1928,4.3703,29.7488,8.5631,38.3119
Portugal,2010,3516,0.4551,0.4551,3.2139,6.058,2.0478,22.6962,6.1433,2.1331,23.2935,8.2764,31.5699
Portugal,2011,4306,0.4412,0.3484,3.3674,6.2703,1.7882,24.1988,6.3632,1.9043,24.7329,8.2675,33.0004
Portugal,2012,5046,0.3567,0.5549,3.369,4.9742,2.3385,24.2172,5.0535,2.4376,24.9306,7.4911,32.4217
Portugal,2013,6148,0.3578,0.4717,3.7736,5.27,2.2446,24.1054,5.3839,2.3097,24.7723,7.6936,32.4659
Portugal,2014,7234,0.2903,0.6912,3.7738,5.723,2.5435,26.251,5.7921,2.6818,26.8178,8.4739,35.2917
Portugal,2015,7257,0.4547,0.5512,3.8308,5.5808,2.5493,27.1738,5.6497,2.6319,27.8076,8.2816,36.0892
Portugal,2016,8258,0.2543,0.5934,3.8145,5.3282,2.5793,25.769,5.3403,2.652,26.3381,7.9923,34.3304
Portugal,2017,8642,0.3819,0.5786,3.9458,5.1261,2.4994,25.5265,5.1956,2.6267,26.2555,7.8223,34.0778
Portugal,2018,10118,0.425,0.6227,3.9039,5.9103,2.4313,25.6276,6.0091,2.5203,26.3985,8.5294,34.9279
Portugal,2019,11599,0.3104,0.6639,3.8883,5.1039,2.7847,25.416,5.147,2.9399,26.1402,8.0869,34.2271
Portugal,2020,13664,0.3879,0.8709,3.9154,5.6352,2.9933,26.1197,5.7157,3.1616,26.9101,8.8773,35.7874
Portugal,2021,14620,0.3215,0.7182,4.3365,5.2394,3.3311,27.5513,5.2873,3.5226,28.4952,8.8099,37.3051
Portugal,2022,17569,0.387,0.7627,4.138,5.4186,3.2956,28.7837,5.4869,3.4777,29.5577,8.9646,38.5223
Portugal,2023,17981,0.4227,0.9788,4.3101,5.5948,3.9875,29.4644,5.6949,4.2434,30.1652,9.9383,40.1035
Portugal,2024,15061,0.3785,1.0358,4.4685,4.8403,4.0436,29.3407,4.9067,4.2361,30.1109,9.1428,39.2537
Portugal,2025,9948,0.4121,1.7189,3.9606,3.7294,5.3177,29.222,3.85,5.5589,29.9759,9.4089,39.3848
Qatar,2010,297,1.0101,1.0101,4.7138,7.0707,2.3569,31.9865,7.0707,2.6936,32.3232,9.7643,42.0875
Qatar,2011,211,0.0,0.9479,1.8957,5.6872,0.9479,22.7488,5.6872,0.9479,22.7488,6.6351,29.3839
Qatar,2012,306,0.6536,0.0,2.9412,5.5556,0.6536,23.5294,5.8824,0.6536,23.5294,6.536,30.0654
Qatar,2013,456,1.0965,0.2193,4.8246,5.4825,1.5351,23.0263,6.1404,1.5351,23.6842,7.6755,31.3597
Qatar,2014,736,0.4076,0.5435,3.2609,6.1141,2.038,26.4946,6.1141,2.3098,27.1739,8.4239,35.5978
Qatar,2015,992,0.3024,0.7056,4.1331,5.9476,2.0161,29.3347,6.0484,2.0161,29.5363,8.0645,37.6008
Qatar,2016,1350,1.1852,0.4444,4.0741,7.1111,2.5926,26.2222,7.4074,2.5926,26.4444,10.0,36.4444
Qatar,2017,1276,0.5486,0.1567,4.3887,6.348,2.7429,27.8213,6.5047,2.7429,29.1536,9.2476,38.4012
Qatar,2018,1490,0.5369,0.6711,4.0268,5.906,2.953,26.7785,6.0403,3.0872,27.8523,9.1275,36.9798
Qatar,2019,1977,0.7587,0.4552,5.2605,4.8558,2.8326,30.2479,5.1088,2.9337,31.4618,8.0425,39.5043
Qatar,2020,2904,0.5854,1.0331,5.4063,5.1997,3.9601,30.854,5.3719,4.2011,31.5427,9.573,41.1157
Qatar,2021,2809,0.4984,1.6732,4.806,5.3044,5.0552,27.9103,5.3044,5.34,28.5867,10.6444,39.2311
Qatar,2022,3203,0.6244,2.0606,5.37,5.5885,5.7134,29.7534,5.6822,5.9944,30.6275,11.6766,42.3041
Qatar,2023,3259,0.583,2.1479,5.7993,4.6026,6.2903,31.8196,4.7254,6.5051,32.7094,11.2305,43.9399
Qatar,2024,2618,0.6112,2.4064,6.0733,4.8892,6.9519,31.3598,4.8892,7.3338,32.162,12.223,44.385
Qatar,2025,1738,1.2083,2.244,5.6962,4.3728,7.7675,31.9333,4.4304,8.2278,33.3142,12.6582,45.9724
Romania,2010,1051,0.5709,0.2854,2.569,5.7088,1.4272,20.7422,5.9943,1.5224,21.0276,7.5167,28.5443
Romania,2011,1101,0.2725,0.1817,3.8147,5.4496,1.8165,22.0708,5.5404,1.8165,22.6158,7.3569,29.9727
Romania,2012,1464,0.4781,0.3415,2.5956,5.1913,1.1612,21.5164,5.3279,1.1612,22.1311,6.4891,28.6202
Romania,2013,2466,0.3244,0.365,3.3252,5.7583,1.5815,21.4923,5.88,1.6626,22.0195,7.5426,29.5621
Romania,2014,3033,0.3627,0.5275,2.9014,6.6601,2.7036,22.1563,6.759,2.7036,22.453,9.4626,31.9156
Romania,2015,3500,0.3714,0.5714,3.5429,5.8,2.3714,24.0,5.9143,2.4571,24.4857,8.3714,32.8571
Romania,2016,2924,0.684,0.5472,3.42,7.3529,2.5308,23.1532,7.5239,2.6676,23.4952,10.1915,33.6867
Romania,2017,3419,0.702,0.4972,4.124,6.2884,1.9889,25.3875,6.4639,2.0181,25.9725,8.482,34.4545
Romania,2018,4619,1.1258,0.6711,3.6372,6.9063,3.5073,23.2085,7.1661,3.6805,23.9446,10.8466,34.7912
Romania,2019,5272,0.607,0.5121,3.1487,7.151,2.1624,25.1138,7.2648,2.2193,25.7018,9.4841,35.1859
Romania,2020,7295,0.8225,0.658,4.0439,7.512,3.4133,25.7162,7.6628,3.4955,26.4565,11.1583,37.6148
Romania,2021,7619,0.5906,0.6563,3.4913,6.4182,3.3338,25.3708,6.5888,3.5044,26.0927,10.0932,36.1859
Romania,2022,10889,0.6153,0.9643,4.0408,6.9979,3.9581,26.3936,7.1999,4.2061,27.165,11.406,38.571
Romania,2023,10579,0.7468,1.3328,3.9512,6.7587,4.4522,27.0914,6.9288,4.7547,27.7815,11.6835,39.465
Romania,2024,8437,0.8889,1.7068,4.4684,6.0685,5.1085,27.569,6.2819,5.4522,28.2446,11.7341,39.9787
Romania,2025,6125,0.4408,1.8449,4.3592,4.6531,7.0204,30.7592,4.751,7.2816,31.5592,12.0326,43.5918
Russia,2010,5224,0.5551,0.2106,2.4119,4.6133,1.0337,16.3668,4.843,1.1294,17.0368,5.9724,23.0092
Russia,2011,5619,0.4093,0.2492,2.7585,4.3068,1.228,16.2484,4.4492,1.2814,16.6934,5.7306,22.424
Russia,2012,6992,0.472,0.1716,2.5458,4.405,1.2729,16.5189,4.5338,1.3301,16.9622,5.8639,22.8261
Russia,2013,8843,0.4863,0.3166,3.0193,5.0435,1.4701,18.0595,5.2019,1.5266,18.6362,6.7285,25.3647
Russia,2014,12453,0.522,0.3935,2.6821,5.0751,1.5739,18.4775,5.2116,1.6944,19.0476,6.906,25.9536
Russia,2015,13504,0.5924,0.348,3.436,5.739,1.755,20.3421,5.8649,1.8587,21.0752,7.7236,28.7988
Russia,2016,15185,0.4873,0.3622,3.1347,5.5713,1.732,20.27,5.6569,1.8308,20.81,7.4877,28.2977
Russia,2017,17631,0.5048,0.3176,3.3918,5.4223,1.6335,21.2637,5.5187,1.7356,21.933,7.2543,29.1873
Russia,2018,26062,0.7559,0.4873,3.7641,7.0831,2.3291,22.8532,7.2711,2.4864,23.5669,9.7575,33.3244
Russia,2019,34405,0.8313,0.4767,3.9093,7.5948,2.7612,24.8569,7.7634,2.8978,25.5893,10.6612,36.2505
Russia,2020,41538,0.9702,0.6307,4.1793,8.5079,3.5413,25.656,8.6547,3.681,26.371,12.3357,38.7067
Russia,2021,36152,0.7883,0.6307,4.2072,7.9442,3.3968,26.2005,8.0632,3.5351,26.9695,11.5983,38.5678
Russia,2022,43628,0.7839,0.6853,4.167,8.6848,3.8622,26.8268,8.8246,3.9928,27.503,12.8174,40.3204
Russia,2023,44185,0.9573,0.8374,4.2933,9.2769,4.2073,27.5885,9.3946,4.3499,28.2517,13.7445,41.9962
Russia,2024,33642,1.0433,1.2068,4.6163,9.4109,5.1037,28.2861,9.5595,5.291,29.0411,14.8505,43.8916
Russia,2025,22306,1.1925,1.3763,4.5862,9.0828,6.0118,30.0547,9.1993,6.1687,30.7003,15.368,46.0683
Rwanda,2010,20,5.0,0.0,10.0,25.0,10.0,35.0,25.0,10.0,35.0,35.0,70.0
Rwanda,2011,22,0.0,0.0,0.0,9.0909,9.0909,22.7273,9.0909,9.0909,22.7273,18.1818,40.9091
Rwanda,2012,29,3.4483,0.0,3.4483,3.4483,0.0,24.1379,6.8966,0.0,24.1379,6.8966,31.0345
Rwanda,2013,50,0.0,0.0,10.0,12.0,0.0,26.0,12.0,0.0,26.0,12.0,38.0
Rwanda,2014,98,1.0204,0.0,2.0408,3.0612,1.0204,26.5306,3.0612,1.0204,26.5306,4.0816,30.6122
Rwanda,2015,109,1.8349,0.0,3.6697,6.422,1.8349,22.0183,6.422,1.8349,22.9358,8.2569,31.1927
Rwanda,2016,147,0.6803,2.0408,9.5238,4.7619,6.1224,37.415,4.7619,6.1224,38.7755,10.8843,49.6598
Rwanda,2017,171,0.0,0.5848,7.6023,5.848,2.924,32.1637,5.848,3.5088,33.3333,9.3568,42.6901
Rwanda,2018,236,0.4237,0.8475,6.7797,6.7797,5.5085,34.322,6.7797,5.5085,35.5932,12.2882,47.8814
Rwanda,2019,285,1.0526,0.0,4.2105,8.4211,4.5614,31.9298,9.1228,4.5614,32.6316,13.6842,46.3158
Rwanda,2020,494,0.0,0.8097,4.0486,6.2753,3.0364,32.3887,6.2753,3.0364,32.3887,9.3117,41.7004
Rwanda,2021,531,0.0,0.9416,4.1431,4.8964,5.838,36.5348,4.8964,6.2147,37.2881,11.1111,48.3992
Rwanda,2022,695,0.5755,0.7194,5.6115,8.0576,4.0288,37.2662,8.2014,4.3165,37.554,12.5179,50.0719
Rwanda,2023,835,0.3593,0.3593,6.3473,6.9461,4.6707,39.4012,6.9461,4.6707,40.0,11.6168,51.6168
Rwanda,2024,734,0.9537,1.0899,4.9046,7.4932,6.1308,38.1471,7.6294,6.1308,38.2834,13.7602,52.0436
Rwanda,2025,414,0.9662,0.9662,6.7633,3.8647,6.5217,38.4058,3.8647,6.5217,38.8889,10.3864,49.2753
Saint Kitts and Nevis,2010,1,0.0,0.0,0.0,0.0,0.0,0.0,0.0,0.0,0.0,0.0,0.0
Saint Kitts and Nevis,2012,2,0.0,0.0,0.0,0.0,0.0,0.0,0.0,0.0,0.0,0.0,0.0
Saint Kitts and Nevis,2013,8,0.0,0.0,0.0,0.0,0.0,0.0,0.0,0.0,0.0,0.0,0.0
Saint Kitts and Nevis,2014,4,0.0,0.0,0.0,0.0,0.0,25.0,0.0,0.0,25.0,0.0,25.0
Saint Kitts and Nevis,2015,7,0.0,0.0,42.8571,0.0,0.0,42.8571,0.0,0.0,42.8571,0.0,42.8571
Saint Kitts and Nevis,2016,16,0.0,0.0,0.0,0.0,0.0,6.25,0.0,0.0,6.25,0.0,6.25
Saint Kitts and Nevis,2017,18,0.0,0.0,5.5556,5.5556,0.0,16.6667,5.5556,0.0,16.6667,5.5556,22.2223
Saint Kitts and Nevis,2018,30,0.0,0.0,10.0,6.6667,3.3333,26.6667,6.6667,3.3333,33.3333,10.0,43.3333
Saint Kitts and Nevis,2019,18,0.0,0.0,5.5556,0.0,0.0,16.6667,0.0,0.0,16.6667,0.0,16.6667
Saint Kitts and Nevis,2020,44,0.0,0.0,9.0909,0.0,4.5455,25.0,0.0,4.5455,29.5455,4.5455,34.091
Saint Kitts and Nevis,2021,43,0.0,0.0,4.6512,2.3256,2.3256,18.6047,2.3256,2.3256,18.6047,4.6512,23.2559
Saint Kitts and Nevis,2022,49,2.0408,0.0,8.1633,4.0816,2.0408,40.8163,4.0816,2.0408,42.8571,6.1224,48.9795
Saint Kitts and Nevis,2023,54,0.0,0.0,3.7037,3.7037,3.7037,16.6667,3.7037,3.7037,18.5185,7.4074,25.9259
Saint Kitts and Nevis,2024,58,0.0,0.0,1.7241,1.7241,3.4483,13.7931,1.7241,3.4483,15.5172,5.1724,20.6896
Saint Kitts and Nevis,2025,41,0.0,2.439,0.0,4.878,2.439,26.8293,4.878,2.439,26.8293,7.317,34.1463
Saudi Arabia,2010,1244,0.4823,0.0804,3.0547,5.627,1.1254,17.6849,5.627,1.1254,18.328,6.7524,25.0804
Saudi Arabia,2011,1751,0.3427,0.3427,2.7984,4.3975,1.1422,18.7322,4.5117,1.3135,19.189,5.8252,25.0142
Saudi Arabia,2012,2524,0.3566,0.1981,2.7734,4.3978,0.8716,20.4437,4.477,0.9509,20.8796,5.4279,26.3075
Saudi Arabia,2013,3700,0.2973,0.1622,3.2162,4.4865,1.1351,19.5405,4.5135,1.1892,19.9189,5.7027,25.6216
Saudi Arabia,2014,5263,0.38,0.266,3.1541,4.1611,1.083,21.9647,4.3321,1.235,22.4967,5.5671,28.0638
Saudi Arabia,2015,6330,0.4739,0.316,3.2543,4.2496,1.4376,21.3744,4.3128,1.5324,22.0853,5.8452,27.9305
Saudi Arabia,2016,7543,0.2254,0.3049,3.4867,4.2689,1.8295,21.5564,4.3351,1.9091,22.1,6.2442,28.3442
Saudi Arabia,2017,8033,0.4108,0.2863,3.3611,4.8425,1.5187,21.6109,4.9172,1.6059,22.2333,6.5231,28.7564
Saudi Arabia,2018,10108,0.5046,0.4551,4.0958,4.6201,1.8203,22.6751,4.7388,1.8896,23.615,6.6284,30.2434
Saudi Arabia,2019,12261,0.3833,0.5383,4.0535,4.9262,2.0227,24.1171,5.0485,2.2103,24.8919,7.2588,32.1507
Saudi Arabia,2020,18127,0.5406,0.7227,4.2699,4.4409,2.6866,24.9076,4.5512,2.9017,25.6303,7.4529,33.0832
Saudi Arabia,2021,20881,0.3735,0.795,4.291,4.1186,3.1895,25.7842,4.1952,3.4625,26.6175,7.6577,34.2752
Saudi Arabia,2022,31693,0.4165,1.1138,4.673,4.064,4.2249,27.495,4.1807,4.5373,28.2649,8.718,36.9829
Saudi Arabia,2023,31887,0.3951,1.1948,4.8139,3.8197,4.3215,28.8832,3.9013,4.6978,29.7425,8.5991,38.3416
Saudi Arabia,2024,27884,0.3515,1.5564,4.9598,3.0232,5.0674,30.0387,3.1057,5.4798,30.9281,8.5855,39.5136
Saudi Arabia,2025,18389,0.3208,1.6042,5.6392,2.5831,5.8676,32.3074,2.6646,6.2972,33.4385,8.9618,42.4003
Senegal,2010,47,0.0,0.0,2.1277,8.5106,2.1277,25.5319,8.5106,2.1277,25.5319,10.6383,36.1702
Senegal,2011,63,0.0,0.0,3.1746,3.1746,1.5873,36.5079,3.1746,1.5873,36.5079,4.7619,41.2698
Senegal,2012,89,2.2472,0.0,3.3708,3.3708,2.2472,15.7303,4.4944,2.2472,15.7303,6.7416,22.4719
Senegal,2013,126,0.0,0.7937,4.7619,3.1746,3.1746,24.6032,3.1746,3.1746,25.3968,6.3492,31.746
Senegal,2014,187,0.0,0.0,6.4171,5.3476,2.139,24.5989,5.3476,2.139,24.5989,7.4866,32.0855
Senegal,2015,223,0.0,0.4484,2.6906,6.278,0.8969,21.9731,6.278,0.8969,22.4215,7.1749,29.5964
Senegal,2016,276,0.3623,1.087,3.9855,2.5362,3.6232,26.8116,2.5362,3.6232,28.6232,6.1594,34.7826
Senegal,2017,329,0.9119,1.5198,5.1672,7.2948,3.6474,25.8359,7.5988,4.2553,26.4438,11.8541,38.2979
Senegal,2018,348,0.8621,0.8621,6.6092,6.6092,2.0115,28.1609,6.6092,2.5862,28.7356,9.1954,37.931
Senegal,2019,459,0.2179,0.4357,4.5752,2.1786,1.7429,22.0044,2.1786,1.7429,23.0937,3.9215,27.0152
Senegal,2020,517,0.9671,0.1934,4.8356,7.7369,2.3211,23.9845,7.9304,2.3211,24.9516,10.2515,35.2031
Senegal,2021,489,1.0225,1.227,5.5215,5.1125,4.908,24.5399,5.317,4.908,25.9714,10.225,36.1964
Senegal,2022,652,1.227,0.9202,4.1411,6.5951,5.0613,31.135,6.7485,5.5215,31.7485,12.27,44.0185
Senegal,2023,741,1.2146,1.0796,3.5088,6.6127,4.1835,28.2051,7.0175,4.4534,28.475,11.4709,39.9459
Senegal,2024,676,1.1834,0.5917,5.4734,6.8047,3.5503,29.8817,6.9527,4.142,30.6213,11.0947,41.716
Senegal,2025,391,1.2788,0.5115,4.6036,4.8593,3.5806,35.0384,5.1151,3.8363,36.0614,8.9514,45.0128
Serbia,2010,867,0.4614,0.346,2.6528,5.767,2.0761,19.2618,5.8824,2.1915,19.4925,8.0739,27.5664
Serbia,2011,1080,0.3704,0.0926,2.5,6.6667,1.9444,18.9815,6.8519,1.9444,19.6296,8.7963,28.4259
Serbia,2012,1368,0.1462,0.1462,3.3626,5.9942,0.8772,18.4211,5.9942,0.9503,19.152,6.9445,26.0965
Serbia,2013,1730,0.578,0.4046,3.9306,5.4335,1.1561,20.8671,5.4913,1.2717,21.6185,6.763,28.3815
Serbia,2014,1810,0.4972,0.3867,3.3149,5.9669,1.8785,19.8343,6.0773,1.9337,20.5525,8.011,28.5635
Serbia,2015,1781,0.2807,0.2807,2.5267,6.1763,1.8529,20.7187,6.1763,1.909,21.224,8.0853,29.3093
Serbia,2016,2110,0.8531,0.4265,2.891,6.7299,1.8009,21.4692,6.9668,1.8957,22.1801,8.8625,31.0426
Serbia,2017,2243,0.6242,0.6242,3.7896,6.1971,2.0508,22.0241,6.42,2.0954,22.3807,8.5154,30.8961
Serbia,2018,2834,0.6704,0.494,3.5639,6.7396,2.2583,23.1828,6.8807,2.3641,23.6768,9.2448,32.9216
Serbia,2019,3223,0.7136,0.6826,3.0406,6.5777,2.6063,23.6115,6.7639,2.6993,24.0459,9.4632,33.5091
Serbia,2020,3254,0.6761,0.5224,3.8107,7.6521,2.397,24.0934,7.8058,2.5507,24.7695,10.3565,35.126
Serbia,2021,3421,0.8477,0.76,4.0339,7.5124,3.3031,25.4896,7.6001,3.4493,26.7466,11.0494,37.796
Serbia,2022,4171,0.7193,0.6473,3.5243,6.2335,3.5004,24.9101,6.4013,3.7161,25.4375,10.1174,35.5549
Serbia,2023,4308,0.8357,0.7428,3.598,6.9638,4.2479,25.9285,7.1495,4.3872,26.4624,11.5367,37.9991
Serbia,2024,3774,0.5829,1.3514,4.0806,5.1669,4.266,26.2851,5.2464,4.5575,27.2125,9.8039,37.0164
Serbia,2025,2696,0.408,1.1499,3.6721,5.0074,4.2656,27.2255,5.0816,4.5252,27.8561,9.6068,37.4629
Sierra Leone,2010,16,6.25,0.0,6.25,25.0,6.25,43.75,25.0,6.25,43.75,31.25,75.0
Sierra Leone,2011,9,0.0,0.0,11.1111,0.0,0.0,33.3333,0.0,0.0,33.3333,0.0,33.3333
Sierra Leone,2012,9,11.1111,0.0,22.2222,33.3333,0.0,55.5556,33.3333,0.0,55.5556,33.3333,88.8889
Sierra Leone,2013,12,0.0,0.0,25.0,8.3333,8.3333,50.0,8.3333,8.3333,50.0,16.6666,66.6666
Sierra Leone,2014,27,0.0,0.0,7.4074,7.4074,3.7037,18.5185,7.4074,3.7037,18.5185,11.1111,29.6296
Sierra Leone,2015,40,0.0,0.0,5.0,5.0,5.0,22.5,5.0,5.0,25.0,10.0,35.0
Sierra Leone,2016,82,2.439,7.3171,7.3171,9.7561,8.5366,42.6829,9.7561,13.4146,42.6829,23.1707,65.8536
Sierra Leone,2017,75,0.0,0.0,17.3333,5.3333,1.3333,41.3333,5.3333,1.3333,46.6667,6.6666,53.3333
Sierra Leone,2018,67,2.9851,0.0,5.9701,4.4776,0.0,28.3582,4.4776,0.0,28.3582,4.4776,32.8358
Sierra Leone,2019,98,2.0408,0.0,6.1224,16.3265,1.0204,35.7143,16.3265,1.0204,36.7347,17.3469,54.0816
Sierra Leone,2020,131,0.7634,0.0,9.1603,4.5802,3.8168,32.0611,4.5802,3.8168,32.8244,8.397,41.2214
Sierra Leone,2021,116,0.8621,1.7241,8.6207,10.3448,2.5862,43.9655,10.3448,3.4483,43.9655,13.7931,57.7586
Sierra Leone,2022,200,1.0,0.5,5.0,5.0,5.5,39.0,5.0,5.5,39.0,10.5,49.5
Sierra Leone,2023,212,0.9434,0.4717,10.8491,8.9623,8.0189,40.0943,9.434,8.0189,41.0377,17.4529,58.4906
Sierra Leone,2024,169,1.1834,0.5917,4.142,8.284,7.1006,30.7692,8.284,7.1006,30.7692,15.3846,46.1538
Sierra Leone,2025,141,1.4184,0.0,5.6738,6.383,7.0922,34.7518,6.383,7.0922,34.7518,13.4752,48.227
Singapore,2010,4010,0.4239,0.2244,3.7905,4.788,2.2943,24.0399,4.8628,2.3192,24.6633,7.182,31.8453
Singapore,2011,4669,0.5354,0.4498,3.8338,4.6477,2.0347,25.4016,4.7119,2.1418,25.9156,6.8537,32.7693
Singapore,2012,5192,0.5778,0.3467,3.5247,4.6225,1.9646,24.4222,4.7766,2.0994,24.923,6.876,31.799
Singapore,2013,5678,0.4755,0.4403,3.8042,4.5967,2.1839,26.6819,4.7728,2.3072,27.4392,7.08,34.5192
Singapore,2014,6959,0.5892,0.3449,4.5265,4.5409,2.2992,27.2022,4.699,2.371,27.7339,7.07,34.8039
Singapore,2015,7402,0.4323,0.3918,4.3772,4.6204,2.4588,28.4383,4.6879,2.5804,28.9787,7.2683,36.247
Singapore,2016,8371,0.3584,0.4062,4.3006,4.2408,2.2339,29.1721,4.3125,2.3175,29.6739,6.63,36.3039
Singapore,2017,8547,0.5265,0.351,4.446,4.563,2.1879,27.5535,4.7268,2.3283,28.1385,7.0551,35.1936
Singapore,2018,9802,0.3979,0.4489,4.8051,4.5705,2.6117,28.7186,4.6011,2.6933,29.5042,7.2944,36.7986
Singapore,2019,10411,0.4803,0.5379,4.5721,4.7258,2.7759,28.028,4.8506,2.9104,28.662,7.761,36.423
Singapore,2020,11900,0.4706,0.8487,4.605,4.7563,3.7143,29.916,4.8739,3.8655,30.5882,8.7394,39.3276
Singapore,2021,10768,0.3808,1.003,5.0241,4.0862,3.6126,29.7827,4.1883,3.9283,30.4792,8.1166,38.5958
Singapore,2022,12404,0.4676,0.7417,4.5389,4.6356,3.9181,30.5547,4.7323,4.0471,31.2238,8.7794,40.0032
Singapore,2023,12635,0.3957,1.1713,5.002,4.7645,5.0811,33.2885,4.8674,5.3344,33.8979,10.2018,44.0997
Singapore,2024,10861,0.4051,1.289,4.576,4.2077,5.5796,31.5993,4.2906,5.8098,32.3359,10.1004,42.4363
Singapore,2025,8137,0.5039,1.3887,5.0141,3.5517,6.1448,33.6488,3.65,6.366,34.3001,10.016,44.3161
Slovakia,2010,700,0.2857,0.0,3.7143,4.1429,1.7143,22.0,4.1429,1.7143,23.2857,5.8572,29.1429
Slovakia,2011,795,0.1258,0.0,4.5283,4.9057,1.5094,20.2516,4.9057,1.5094,20.5031,6.4151,26.9182
Slovakia,2012,945,0.4233,0.1058,3.7037,5.1852,1.5873,21.5873,5.3968,1.6931,22.0106,7.0899,29.1005
Slovakia,2013,1199,0.3336,0.417,4.5872,4.3369,2.0851,22.1018,4.4204,2.2519,22.8524,6.6723,29.5247
Slovakia,2014,1648,0.2427,0.182,3.3374,4.6117,0.9102,21.7233,4.733,0.9102,22.5121,5.6432,28.1553
Slovakia,2015,1627,0.1229,0.2459,3.3805,4.3639,1.9053,21.7578,4.3639,1.9668,22.4954,6.3307,28.8261
Slovakia,2016,1873,0.1068,0.6407,3.5238,4.2178,1.6017,22.4239,4.2712,1.7619,22.851,6.0331,28.8841
Slovakia,2017,2225,0.6742,0.2247,3.7303,5.1685,1.573,23.0112,5.2135,1.618,23.5955,6.8315,30.427
Slovakia,2018,2491,0.8029,0.9635,4.2955,4.6568,1.7664,23.1232,4.9779,2.2481,23.6451,7.226,30.8711
Slovakia,2019,2753,0.5085,0.3269,3.8503,5.0127,2.2884,24.9546,5.0854,2.3247,25.6811,7.4101,33.0912
Slovakia,2020,3563,0.3929,0.5333,4.1538,4.5748,2.2453,26.691,4.7151,2.3295,27.5049,7.0446,34.5495
Slovakia,2021,3651,0.3013,0.5204,3.5333,4.6836,2.7938,26.7324,4.7384,2.8759,27.3076,7.6143,34.9219
Slovakia,2022,4051,0.5924,0.5431,4.863,5.5295,2.6166,27.0304,5.6529,2.8141,27.8943,8.467,36.3613
Slovakia,2023,4151,0.6745,0.9395,5.4204,6.1913,3.6618,28.3787,6.2876,3.8786,29.4146,10.1662,39.5808
Slovakia,2024,3371,0.3856,1.1273,4.8057,5.1023,4.3607,27.5883,5.132,4.509,28.5969,9.641,38.2379
Slovakia,2025,2111,0.4737,1.5632,5.3055,4.8318,4.0265,29.5121,4.8792,4.3108,30.5069,9.19,39.6969
Slovenia,2010,829,0.4825,0.1206,1.8094,5.5489,1.2063,17.491,5.7901,1.2063,17.6116,6.9964,24.608
Slovenia,2011,1057,0.1892,0.0,2.176,5.9603,1.7029,20.3406,6.0549,1.7029,20.8136,7.7578,28.5714
Slovenia,2012,1157,0.4322,0.4322,3.9758,5.618,2.1608,21.6076,5.8773,2.1608,21.9533,8.0381,29.9914
Slovenia,2013,1475,0.6102,0.5424,2.5085,6.9153,1.9661,21.0847,6.9831,2.1017,21.3559,9.0848,30.4407
Slovenia,2014,1659,0.4822,0.6631,4.0989,6.2688,2.833,24.9548,6.2688,2.8933,25.7384,9.1621,34.9005
Slovenia,2015,1775,0.5634,0.5634,2.5915,6.9296,2.2535,24.169,6.9296,2.3662,24.5634,9.2958,33.8592
Slovenia,2016,1839,0.3806,0.5438,3.317,6.5797,2.447,25.3399,6.6884,2.5557,25.6117,9.2441,34.8558
Slovenia,2017,1937,0.7228,0.4646,3.2008,6.7114,1.8069,22.2509,6.763,1.9618,22.7672,8.7248,31.492
Slovenia,2018,2347,0.6391,0.8095,3.4938,7.2007,2.6843,23.9455,7.2433,2.8973,24.4994,10.1406,34.64
Slovenia,2019,2597,0.6161,0.6546,4.0816,7.1236,3.0035,25.568,7.2391,3.1575,26.107,10.3966,36.5036
Slovenia,2020,3332,0.5102,0.4502,3.5414,7.0528,1.8607,25.8703,7.1128,1.9508,26.4406,9.0636,35.5042
Slovenia,2021,3319,0.693,0.6327,4.7605,6.2971,2.8924,26.2127,6.3875,2.9527,27.0563,9.3402,36.3965
Slovenia,2022,3703,0.6211,0.5671,3.5917,6.2652,2.9166,26.357,6.3732,2.9976,26.8701,9.3708,36.2409
Slovenia,2023,3833,0.6783,0.9914,4.2004,6.7571,3.1829,27.185,6.8354,3.496,27.8894,10.3314,38.2208
Slovenia,2024,3471,0.5186,1.0084,3.5148,6.0789,3.5725,26.2172,6.1366,3.8029,26.8222,9.9395,36.7617
Slovenia,2025,2196,0.5464,0.6375,3.8707,5.0091,3.8707,26.5027,5.1913,4.0528,27.0492,9.2441,36.2933
Somalia,2011,4,25.0,0.0,0.0,50.0,25.0,50.0,50.0,25.0,50.0,75.0,125.0
Somalia,2012,1,0.0,0.0,0.0,0.0,0.0,0.0,0.0,0.0,0.0,0.0,0.0
Somalia,2013,1,0.0,0.0,0.0,100.0,0.0,0.0,100.0,0.0,0.0,100.0,100.0
Somalia,2014,7,0.0,0.0,0.0,57.1429,28.5714,42.8571,57.1429,28.5714,42.8571,85.7143,128.5714
Somalia,2015,4,25.0,0.0,0.0,75.0,25.0,0.0,100.0,25.0,0.0,125.0,125.0
Somalia,2016,8,0.0,0.0,12.5,0.0,0.0,37.5,0.0,0.0,37.5,0.0,37.5
Somalia,2017,14,0.0,0.0,21.4286,7.1429,0.0,57.1429,7.1429,0.0,57.1429,7.1429,64.2858
Somalia,2018,26,0.0,0.0,7.6923,7.6923,0.0,26.9231,7.6923,0.0,26.9231,7.6923,34.6154
Somalia,2019,15,0.0,0.0,13.3333,6.6667,0.0,33.3333,6.6667,0.0,33.3333,6.6667,40.0
Somalia,2020,46,0.0,0.0,6.5217,4.3478,6.5217,36.9565,4.3478,6.5217,36.9565,10.8695,47.826
Somalia,2021,40,2.5,0.0,17.5,10.0,2.5,52.5,10.0,2.5,52.5,12.5,65.0
Somalia,2022,132,0.7576,0.0,6.0606,6.0606,0.0,24.2424,6.0606,0.0,26.5152,6.0606,32.5758
Somalia,2023,218,0.9174,0.4587,8.7156,8.7156,7.3394,34.8624,8.7156,7.3394,36.2385,16.055,52.2935
Somalia,2024,241,0.4149,1.2448,9.1286,4.9793,4.5643,35.6846,4.9793,4.9793,36.0996,9.9586,46.0582
Somalia,2025,130,0.0,2.3077,11.5385,5.3846,11.5385,44.6154,5.3846,12.3077,44.6154,17.6923,62.3077
South Africa,2010,3273,0.7638,0.3972,3.5747,6.9966,2.7192,22.9759,7.2411,2.7803,23.6175,10.0214,33.6389
South Africa,2011,4035,1.1648,0.7435,4.0149,6.518,3.3457,23.197,6.7658,3.4696,23.7918,10.2354,34.0272
South Africa,2012,4896,1.9404,0.674,3.5743,7.9248,3.656,24.3873,8.1904,3.7786,24.7753,11.969,36.7443
South Africa,2013,5743,0.6617,0.801,3.7437,6.4775,2.995,24.2208,6.5645,3.1343,24.7954,9.6988,34.4942
South Africa,2014,7683,0.5857,0.794,3.6704,5.8311,3.345,24.4175,5.9482,3.4752,25.0163,9.4234,34.4397
South Africa,2015,7360,0.6658,0.7745,3.7772,6.5082,3.2473,25.1902,6.6304,3.3967,25.8016,10.0271,35.8287
South Africa,2016,8737,0.5265,0.7669,4.3493,6.1005,2.9987,25.9013,6.2264,3.159,26.4049,9.3854,35.7903
South Africa,2017,9829,0.8241,0.7325,4.2731,6.1349,3.2455,25.9945,6.2977,3.3676,26.6355,9.6653,36.3008
South Africa,2018,11468,0.5319,0.7586,4.0809,5.6679,2.9997,25.6104,5.7464,3.1566,26.3777,8.903,35.2807
South Africa,2019,12149,0.782,0.749,4.379,5.5642,3.2348,26.9816,5.7206,3.3912,27.7471,9.1118,36.8589
South Africa,2020,14144,0.5727,1.0252,4.2421,5.5288,3.8462,26.9443,5.6208,4.0653,27.7998,9.6861,37.4859
South Africa,2021,13476,0.5788,0.7717,4.7047,5.1128,3.547,28.4803,5.2018,3.7177,29.2001,8.9195,38.1196
South Africa,2022,17208,0.5346,0.9995,4.4979,5.0616,4.3352,29.9454,5.1139,4.556,30.5033,9.6699,40.1732
South Africa,2023,17457,0.5156,0.9624,4.2676,5.1842,4.4624,29.65,5.2758,4.5827,30.3145,9.8585,40.173
South Africa,2024,15066,0.4845,1.5598,4.6064,4.5931,5.2967,30.4129,4.6927,5.5622,30.9903,10.2549,41.2452
South Africa,2025,8912,0.4825,1.4138,4.9933,4.2527,5.5431,32.6414,4.3312,5.7899,33.2585,10.1211,43.3796
South Korea,2010,16352,0.3364,0.4525,3.7304,2.7336,1.9325,23.0064,2.8253,1.9753,23.6301,4.8006,28.4307
South Korea,2011,20662,0.2323,0.4211,3.5766,2.5554,1.9359,23.2504,2.6474,1.9988,23.8167,4.6462,28.4629
South Korea,2012,23348,0.257,0.394,3.7562,2.8868,1.9959,23.5995,2.951,2.073,24.2376,5.024,29.2616
South Korea,2013,27139,0.2837,0.4495,3.9132,3.0989,1.8903,24.1497,3.1689,1.9566,24.7909,5.1255,29.9164
South Korea,2014,29029,0.2859,0.6028,3.9616,3.3208,2.2254,24.8372,3.3794,2.308,25.4539,5.6874,31.1413
South Korea,2015,29777,0.2687,0.4836,4.124,3.0594,2.2534,25.1234,3.1199,2.334,25.8152,5.4539,31.2691
South Korea,2016,31259,0.3519,0.5151,4.13,3.2407,2.3225,25.4135,3.3206,2.3961,26.0469,5.7167,31.7636
South Korea,2017,30738,0.3611,0.514,4.3171,3.0581,2.1667,24.9691,3.159,2.2545,25.7987,5.4135,31.2122
South Korea,2018,36936,0.3059,0.5198,4.4076,3.1893,2.2607,25.6768,3.2543,2.3527,26.4187,5.607,32.0257
South Korea,2019,39544,0.3642,0.5412,4.2585,3.4923,2.3543,25.7283,3.5682,2.4783,26.4515,6.0465,32.498
South Korea,2020,45778,0.3626,0.793,4.3405,3.6109,2.9752,26.9147,3.6808,3.1303,27.6661,6.8111,34.4772
South Korea,2021,44761,0.3463,0.8445,4.4704,3.5165,3.0808,26.7398,3.5946,3.2528,27.4458,6.8474,34.2932
South Korea,2022,51663,0.3929,0.9136,4.5139,3.9235,3.5732,27.8749,3.9854,3.7861,28.6317,7.7715,36.4032
South Korea,2023,51512,0.4135,0.9784,4.3427,3.605,3.8379,28.7836,3.6885,4.0418,29.4941,7.7303,37.2244
South Korea,2024,42672,0.3445,1.1952,4.6635,2.9364,4.3377,29.1831,3.0137,4.5791,30.0408,7.5928,37.6336
South Korea,2025,29828,0.2716,1.1734,4.9685,2.2797,4.9551,32.1007,2.3334,5.1898,33.016,7.5232,40.5392
South Sudan,2011,1,0.0,0.0,100.0,100.0,100.0,100.0,100.0,100.0,100.0,200.0,300.0
South Sudan,2012,1,0.0,0.0,0.0,0.0,0.0,0.0,0.0,0.0,0.0,0.0,0.0
South Sudan,2013,2,0.0,0.0,0.0,0.0,0.0,100.0,0.0,0.0,100.0,0.0,100.0
South Sudan,2014,10,20.0,10.0,10.0,30.0,0.0,30.0,40.0,10.0,30.0,50.0,80.0
South Sudan,2015,10,0.0,0.0,0.0,10.0,0.0,60.0,10.0,0.0,60.0,10.0,70.0
South Sudan,2016,12,0.0,8.3333,0.0,8.3333,25.0,41.6667,8.3333,25.0,41.6667,33.3333,75.0
South Sudan,2017,22,4.5455,4.5455,9.0909,13.6364,4.5455,40.9091,13.6364,4.5455,40.9091,18.1819,59.091
South Sudan,2018,20,0.0,5.0,5.0,20.0,10.0,45.0,20.0,10.0,45.0,30.0,75.0
South Sudan,2019,31,3.2258,0.0,12.9032,3.2258,3.2258,32.2581,3.2258,3.2258,35.4839,6.4516,41.9355
South Sudan,2020,32,0.0,0.0,6.25,6.25,18.75,37.5,6.25,18.75,37.5,25.0,62.5
South Sudan,2021,42,7.1429,2.381,14.2857,16.6667,9.5238,45.2381,16.6667,9.5238,45.2381,26.1905,71.4286
South Sudan,2022,83,2.4096,1.2048,13.253,15.6627,9.6386,42.1687,15.6627,9.6386,45.7831,25.3013,71.0844
South Sudan,2023,56,1.7857,1.7857,7.1429,16.0714,3.5714,39.2857,16.0714,3.5714,39.2857,19.6428,58.9285
South Sudan,2024,51,0.0,3.9216,9.8039,5.8824,9.8039,47.0588,5.8824,9.8039,47.0588,15.6863,62.7451
South Sudan,2025,57,0.0,1.7544,7.0175,8.7719,7.0175,45.614,8.7719,7.0175,45.614,15.7894,61.4034
Spain,2010,15468,0.3362,0.2586,3.5493,5.3401,1.7973,21.7093,5.4564,1.8231,22.4851,7.2795,29.7646
Spain,2011,18872,0.3232,0.2967,3.6562,5.6168,1.9606,23.0341,5.7281,2.0295,23.7018,7.7576,31.4594
Spain,2012,20869,0.3354,0.3258,3.4741,5.8029,1.7107,23.3504,5.8652,1.7873,23.8871,7.6525,31.5396
Spain,2013,23109,0.3548,0.3981,3.8903,5.6472,2.1507,23.5276,5.777,2.2199,24.1291,7.9969,32.126
Spain,2014,26769,0.3138,0.4109,3.7618,5.4727,2.3647,24.7413,5.5699,2.4431,25.3689,8.013,33.3819
Spain,2015,27132,0.3207,0.4755,3.7741,5.4769,2.3257,25.2838,5.5838,2.4547,25.962,8.0385,34.0005
Spain,2016,29892,0.4081,0.5821,4.1884,5.5232,2.4823,26.017,5.6102,2.5927,26.7195,8.2029,34.9224
Spain,2017,30860,0.3305,0.5574,3.9987,5.1231,2.3007,24.4232,5.2203,2.4012,25.256,7.6215,32.8775
Spain,2018,35838,0.3655,0.5664,3.873,5.1398,2.4639,24.9874,5.2654,2.595,25.7213,7.8604,33.5817
Spain,2019,40263,0.4371,0.688,3.9391,5.2977,2.7469,25.1943,5.4094,2.8686,26.009,8.278,34.287
Spain,2020,47855,0.4242,0.7899,3.9244,5.5313,2.9589,25.5856,5.6525,3.1198,26.4319,8.7723,35.2042
Spain,2021,49913,0.4287,0.7794,4.0751,5.6338,3.1575,25.9051,5.768,3.3278,26.7165,9.0958,35.8123
Spain,2022,54890,0.4318,0.8745,4.0918,5.6987,3.4651,26.4456,5.7788,3.6491,27.2472,9.4279,36.6751
Spain,2023,55607,0.4586,1.0143,3.924,5.6126,3.647,27.3814,5.7151,3.906,28.1367,9.6211,37.7578
Spain,2024,47337,0.3824,1.1619,4.1173,4.9348,4.2673,27.2113,5.032,4.4722,28.0499,9.5042,37.5541
Spain,2025,31779,0.4059,1.309,4.3771,4.0121,4.9687,28.4118,4.0876,5.2047,29.315,9.2923,38.6073
Sri Lanka,2010,302,0.6623,0.0,4.3046,4.3046,3.9735,25.4967,4.3046,3.9735,25.8278,8.2781,34.1059
Sri Lanka,2011,273,1.8315,0.7326,1.8315,6.2271,1.4652,21.6117,7.326,2.1978,21.978,9.5238,31.5018
Sri Lanka,2012,361,0.277,0.0,4.1551,4.7091,1.662,19.1136,4.9861,1.662,20.2216,6.6481,26.8697
Sri Lanka,2013,560,1.6071,0.5357,3.5714,9.1071,1.4286,21.9643,9.6429,1.7857,22.8571,11.4286,34.2857
Sri Lanka,2014,629,0.9539,0.6359,3.9746,5.0874,1.5898,22.4165,5.0874,1.5898,23.2114,6.6772,29.8886
Sri Lanka,2015,774,1.1628,0.2584,3.23,6.3307,1.6796,23.2558,6.5891,1.6796,23.7726,8.2687,32.0413
Sri Lanka,2016,815,0.9816,0.2454,3.0675,8.2209,2.454,22.8221,8.2209,2.5767,23.5583,10.7976,34.3559
Sri Lanka,2017,881,1.1351,0.3405,3.6322,6.4699,2.2701,23.6095,6.924,2.4972,24.7446,9.4212,34.1658
Sri Lanka,2018,1271,0.7081,0.236,2.7537,5.7435,2.2817,21.1644,5.9009,2.3603,21.7152,8.2612,29.9764
Sri Lanka,2019,1401,0.7852,0.571,4.5682,5.4247,2.4982,24.5539,5.5675,2.8551,25.4104,8.4226,33.833
Sri Lanka,2020,1833,1.2548,0.7638,3.8189,5.401,2.4004,24.8773,5.6192,2.5641,25.4774,8.1833,33.6607
Sri Lanka,2021,1816,1.0463,1.1564,4.9009,6.0022,3.6894,25.3855,6.1123,4.185,26.0463,10.2973,36.3436
Sri Lanka,2022,2385,0.5451,0.4612,3.8994,4.6122,3.1866,24.9476,4.6541,3.3124,25.7442,7.9665,33.7107
Sri Lanka,2023,2362,0.7621,0.8467,3.9797,5.3768,3.3446,28.4081,5.5038,3.4716,28.9585,8.9754,37.9339
Sri Lanka,2024,1771,0.734,0.9034,3.9526,4.5172,4.2914,28.6844,4.7431,4.5737,28.7408,9.3168,38.0576
Sri Lanka,2025,876,0.5708,1.9406,5.4795,3.5388,4.7945,29.6804,3.653,5.2511,30.9361,8.9041,39.8402
Sudan,2010,104,0.9615,0.0,5.7692,5.7692,0.9615,16.3462,5.7692,0.9615,17.3077,6.7307,24.0384
Sudan,2011,130,0.0,0.0,0.7692,4.6154,2.3077,22.3077,4.6154,2.3077,22.3077,6.9231,29.2308
Sudan,2012,148,0.6757,0.0,3.3784,5.4054,0.6757,22.973,5.4054,0.6757,22.973,6.0811,29.0541
Sudan,2013,193,0.0,0.5181,3.1088,7.2539,1.0363,20.2073,7.2539,1.5544,20.7254,8.8083,29.5337
Sudan,2014,311,0.6431,0.0,3.2154,4.1801,1.6077,19.6141,4.5016,1.6077,20.2572,6.1093,26.3665
Sudan,2015,333,0.3003,0.3003,6.006,3.9039,0.9009,20.7207,4.2042,0.9009,21.9219,5.1051,27.027
Sudan,2016,487,0.0,0.616,3.4908,5.1335,3.0801,21.3552,5.1335,3.2854,21.9713,8.4189,30.3902
Sudan,2017,450,0.4444,0.4444,3.3333,5.7778,2.8889,22.0,5.7778,3.1111,22.4444,8.8889,31.3333
Sudan,2018,579,0.3454,0.5181,3.6269,4.8359,2.7634,20.8981,5.0086,2.7634,21.5889,7.772,29.3609
Sudan,2019,723,0.5533,0.2766,3.5961,4.0111,2.7663,20.4703,4.1494,2.7663,21.1618,6.9157,28.0775
Sudan,2020,943,0.5302,0.7423,3.4995,4.3478,2.2269,23.0117,4.5599,2.7572,23.754,7.3171,31.0711
Sudan,2021,941,0.2125,0.8502,4.5696,4.7821,3.5069,22.5292,4.7821,3.7194,23.5919,8.5015,32.0934
Sudan,2022,1403,0.5702,0.7128,3.2787,5.3457,3.35,25.9444,5.5595,3.6351,26.5859,9.1946,35.7805
Sudan,2023,1224,0.9804,0.6536,5.8824,7.0261,4.0033,28.0229,7.4346,4.0033,28.5948,11.4379,40.0327
Sudan,2024,934,1.606,0.9636,4.818,7.1734,4.7109,28.3726,7.2805,4.7109,28.9079,11.9914,40.8993
Sudan,2025,575,1.5652,0.8696,7.6522,5.2174,6.2609,33.913,5.5652,6.6087,34.2609,12.1739,46.4348
Suriname,2010,3,0.0,0.0,33.3333,33.3333,0.0,33.3333,33.3333,0.0,33.3333,33.3333,66.6666
Suriname,2011,1,0.0,0.0,0.0,0.0,0.0,0.0,0.0,0.0,0.0,0.0,0.0
Suriname,2012,5,0.0,0.0,0.0,0.0,0.0,20.0,0.0,0.0,20.0,0.0,20.0
Suriname,2013,11,0.0,0.0,9.0909,9.0909,0.0,27.2727,9.0909,0.0,36.3636,9.0909,45.4545
Suriname,2014,14,0.0,0.0,0.0,14.2857,7.1429,14.2857,14.2857,7.1429,14.2857,21.4286,35.7143
Suriname,2015,13,0.0,0.0,0.0,0.0,0.0,30.7692,0.0,0.0,30.7692,0.0,30.7692
Suriname,2016,16,0.0,0.0,18.75,0.0,6.25,31.25,0.0,6.25,31.25,6.25,37.5
Suriname,2017,22,0.0,0.0,4.5455,0.0,0.0,45.4545,0.0,0.0,45.4545,0.0,45.4545
Suriname,2018,32,0.0,0.0,0.0,9.375,3.125,25.0,9.375,3.125,25.0,12.5,37.5
Suriname,2019,25,0.0,0.0,0.0,4.0,0.0,28.0,4.0,0.0,28.0,4.0,32.0
Suriname,2020,37,0.0,0.0,2.7027,2.7027,2.7027,35.1351,2.7027,2.7027,35.1351,5.4054,40.5405
Suriname,2021,30,0.0,0.0,16.6667,3.3333,3.3333,36.6667,3.3333,3.3333,40.0,6.6666,46.6666
Suriname,2022,27,0.0,0.0,7.4074,7.4074,0.0,22.2222,7.4074,0.0,29.6296,7.4074,37.037
Suriname,2023,39,0.0,2.5641,10.2564,2.5641,2.5641,28.2051,2.5641,2.5641,28.2051,5.1282,33.3333
Suriname,2024,31,0.0,0.0,6.4516,3.2258,3.2258,19.3548,3.2258,3.2258,19.3548,6.4516,25.8064
Suriname,2025,21,0.0,0.0,9.5238,4.7619,0.0,38.0952,4.7619,0.0,42.8571,4.7619,47.619
Sweden,2010,6969,0.4305,0.3587,3.4869,6.4572,1.9802,22.7579,6.5433,2.095,23.3749,8.6383,32.0132
Sweden,2011,8011,0.4619,0.3745,4.0444,6.8281,2.0097,25.3152,6.928,2.0597,25.7771,8.9877,34.7648
Sweden,2012,9166,0.4691,0.3928,3.6221,6.8078,2.062,24.6454,6.895,2.0947,25.1691,8.9897,34.1588
Sweden,2013,10783,0.575,0.5843,3.6168,6.6772,2.2628,25.0301,6.8348,2.3834,25.5587,9.2182,34.7769
Sweden,2014,13263,0.4524,0.6107,4.2675,6.454,2.5409,25.9594,6.5671,2.6917,26.6003,9.2588,35.8591
Sweden,2015,13790,0.4278,0.4423,3.8071,6.3597,2.2335,25.3372,6.4757,2.3278,25.9608,8.8035,34.7643
Sweden,2016,16036,0.4989,0.5425,4.2093,6.5665,2.6752,26.2035,6.6351,2.7937,26.8646,9.4288,36.2934
Sweden,2017,16967,0.5187,0.4656,3.8722,6.2238,2.5225,24.6302,6.2887,2.6227,25.3728,8.9114,34.2842
Sweden,2018,19220,0.6348,0.5723,4.0895,6.358,2.5338,25.4318,6.4828,2.6431,26.1707,9.1259,35.2966
Sweden,2019,20370,0.6627,0.6971,4.1188,6.1217,2.8326,26.107,6.2543,2.9946,26.863,9.2489,36.1119
Sweden,2020,23193,0.5174,0.9098,4.3936,5.8983,3.1604,26.6762,6.0061,3.3717,27.4609,9.3778,36.8387
Sweden,2021,22644,0.5211,0.7463,4.2484,5.8956,3.0692,26.3072,6.0016,3.2459,27.0491,9.2475,36.2966
Sweden,2022,24694,0.6722,0.9759,4.5031,6.1148,3.5798,27.4804,6.2606,3.7863,28.0959,10.0469,38.1428
Sweden,2023,24338,0.678,0.8916,4.569,6.0194,3.928,28.4083,6.1262,4.0307,29.115,10.1569,39.2719
Sweden,2024,20724,0.6707,1.0519,4.391,5.3368,4.0581,27.7939,5.4381,4.2608,28.5128,9.6989,38.2117
Sweden,2025,13671,0.5706,0.9802,4.4254,4.4986,4.3011,29.0835,4.6156,4.4547,29.8076,9.0703,38.8779
Switzerland,2010,8442,0.3791,0.5567,3.7906,5.8162,2.2507,26.0246,5.8754,2.3454,26.7591,8.2208,34.9799
Switzerland,2011,9332,0.4501,0.3215,3.9649,5.5937,2.261,24.8928,5.7008,2.3146,25.6965,8.0154,33.7119
Switzerland,2012,10641,0.3665,0.4605,3.9658,5.5916,2.5374,25.5897,5.7137,2.6125,26.0878,8.3262,34.414
Switzerland,2013,12340,0.4295,0.7212,4.1572,5.5835,2.4554,25.9887,5.6969,2.6094,26.4911,8.3063,34.7974
Switzerland,2014,15696,0.4587,0.4969,4.2813,5.7276,2.7332,27.3191,5.855,2.8415,27.8224,8.6965,36.5189
Switzerland,2015,16895,0.3433,0.5268,4.013,5.1672,2.7582,26.6055,5.256,2.8588,27.2388,8.1148,35.3536
Switzerland,2016,18946,0.4381,0.6809,4.2436,5.294,2.8449,27.9795,5.4365,3.0297,28.5443,8.4662,37.0105
Switzerland,2017,19857,0.3827,0.6144,4.1043,5.0813,2.5784,26.3836,5.1871,2.6741,27.0434,7.8612,34.9046
Switzerland,2018,21686,0.4427,0.7286,4.0395,5.5335,2.776,25.5418,5.6857,2.9466,26.2935,8.6323,34.9258
Switzerland,2019,22943,0.4141,0.6843,4.1974,5.2827,2.9987,26.8361,5.3916,3.1121,27.5204,8.5037,36.0241
Switzerland,2020,25977,0.4504,0.8046,3.9112,5.4009,3.2798,26.5735,5.5126,3.43,27.278,8.9426,36.2206
Switzerland,2021,26286,0.3348,0.9206,4.1619,5.4325,3.3706,28.0986,5.4782,3.5494,28.8747,9.0276,37.9023
Switzerland,2022,29254,0.5469,0.8477,4.4028,5.9171,3.8183,28.5192,6.0094,3.9448,29.1823,9.9542,39.1365
Switzerland,2023,28810,0.5588,0.9892,4.1132,5.7237,4.134,29.0246,5.8591,4.3735,29.6147,10.2326,39.8473
Switzerland,2024,25104,0.47,1.1871,4.2145,5.1585,4.6487,28.3859,5.2541,4.8757,29.0272,10.1298,39.157
Switzerland,2025,17681,0.4638,1.3291,4.2984,4.4115,4.8583,28.4769,4.5359,5.0902,29.1839,9.6261,38.81
Syria,2010,67,0.0,0.0,5.9701,1.4925,0.0,17.9104,1.4925,0.0,19.403,1.4925,20.8955
Syria,2011,92,0.0,0.0,9.7826,4.3478,6.5217,27.1739,4.3478,6.5217,28.2609,10.8695,39.1304
Syria,2012,129,0.0,0.7752,5.4264,4.6512,1.5504,26.3566,4.6512,1.5504,26.3566,6.2016,32.5582
Syria,2013,128,0.0,0.0,7.0312,9.375,0.7812,32.0312,9.375,0.7812,33.5938,10.1562,43.75
Syria,2014,142,0.7042,0.0,9.1549,7.0423,2.1127,22.5352,7.7465,2.1127,26.7606,9.8592,36.6198
Syria,2015,142,0.0,0.7042,7.0423,6.338,1.4085,19.0141,6.338,1.4085,21.831,7.7465,29.5775
Syria,2016,153,0.6536,0.0,3.9216,3.9216,4.5752,21.5686,3.9216,4.5752,21.5686,8.4968,30.0654
Syria,2017,179,1.676,0.5587,5.5866,3.9106,2.2346,24.581,5.0279,2.2346,25.6983,7.2625,32.9608
Syria,2018,255,1.1765,0.7843,2.7451,10.1961,5.4902,20.0,10.9804,5.4902,20.3922,16.4706,36.8628
Syria,2019,308,0.3247,0.6494,3.8961,4.5455,2.2727,21.4286,4.5455,2.5974,22.4026,7.1429,29.5455
Syria,2020,432,0.9259,1.1574,7.1759,7.1759,2.7778,27.7778,7.1759,3.0093,28.7037,10.1852,38.8889
Syria,2021,460,0.2174,0.4348,2.8261,3.913,2.3913,22.6087,3.913,2.3913,23.0435,6.3043,29.3478
Syria,2022,586,0.5119,1.0239,3.7543,7.5085,2.7304,21.6724,7.5085,2.901,22.0137,10.4095,32.4232
Syria,2023,688,1.0174,0.436,3.7791,7.4128,3.0523,25.7267,7.5581,3.1977,26.3081,10.7558,37.0639
Syria,2024,598,1.0033,1.505,2.5084,6.1873,4.5151,26.7559,6.5217,4.8495,27.0903,11.3712,38.4615
Syria,2025,374,0.8021,1.8717,6.6845,5.615,4.8128,25.6684,5.615,5.3476,26.738,10.9626,37.7006
São Tomé and Príncipe,2014,1,0.0,0.0,0.0,0.0,0.0,0.0,0.0,0.0,0.0,0.0,0.0
São Tomé and Príncipe,2016,1,0.0,0.0,0.0,0.0,0.0,100.0,0.0,0.0,100.0,0.0,100.0
São Tomé and Príncipe,2017,2,0.0,0.0,0.0,50.0,0.0,50.0,50.0,0.0,50.0,50.0,100.0
São Tomé and Príncipe,2019,1,0.0,0.0,0.0,0.0,0.0,0.0,0.0,0.0,0.0,0.0,0.0
São Tomé and Príncipe,2020,4,0.0,0.0,0.0,0.0,0.0,25.0,0.0,0.0,25.0,0.0,25.0
São Tomé and Príncipe,2021,3,0.0,0.0,0.0,0.0,0.0,66.6667,0.0,0.0,66.6667,0.0,66.6667
São Tomé and Príncipe,2022,5,0.0,0.0,0.0,0.0,0.0,60.0,0.0,0.0,60.0,0.0,60.0
São Tomé and Príncipe,2023,4,0.0,0.0,0.0,0.0,0.0,0.0,0.0,0.0,0.0,0.0,0.0
São Tomé and Príncipe,2024,13,0.0,0.0,0.0,0.0,0.0,23.0769,0.0,0.0,23.0769,0.0,23.0769
São Tomé and Príncipe,2025,5,0.0,0.0,0.0,20.0,0.0,0.0,20.0,0.0,0.0,20.0,20.0
Taiwan,2010,8710,0.2641,0.5052,4.0069,3.5017,2.2044,24.1332,3.5476,2.2503,24.6269,5.7979,30.4248
Taiwan,2011,10241,0.2344,0.5566,3.8473,3.0954,2.4119,25.0757,3.1345,2.4998,25.642,5.6343,31.2763
Taiwan,2012,11090,0.2074,0.5771,4.2741,3.0117,2.633,24.8151,3.0298,2.7592,25.3742,5.789,31.1632
Taiwan,2013,11918,0.2853,0.6545,3.8765,3.5828,2.7605,25.5328,3.6416,2.8277,26.0866,6.4693,32.5559
Taiwan,2014,12351,0.2834,0.672,4.1292,3.2467,2.7366,27.261,3.2872,2.7609,27.8196,6.0481,33.8677
Taiwan,2015,11645,0.2319,0.6097,4.079,3.6926,3.1258,26.5178,3.7355,3.2289,27.2649,6.9644,34.2293
Taiwan,2016,12316,0.2111,0.6739,3.9542,3.4752,3.1585,26.9081,3.5076,3.2316,27.6713,6.7392,34.4105
Taiwan,2017,11858,0.2952,0.6494,3.8708,3.5166,2.9769,25.7126,3.6009,3.0865,26.3957,6.6874,33.0831
Taiwan,2018,13631,0.2421,0.6089,4.2697,3.4774,2.6337,26.227,3.5287,2.8024,27.1587,6.3311,33.4898
Taiwan,2019,14852,0.2626,0.6194,4.6122,3.4069,3.0972,26.5217,3.4541,3.1982,27.3768,6.6523,34.0291
Taiwan,2020,17670,0.3282,0.8602,4.4595,3.8483,3.4748,27.1251,3.9106,3.6786,28.0475,7.5892,35.6367
Taiwan,2021,18407,0.3531,0.967,4.7319,3.4715,4.08,27.2777,3.5856,4.3027,28.2121,7.8883,36.1004
Taiwan,2022,21374,0.3041,1.0246,4.4914,3.813,4.192,28.137,3.8645,4.4493,28.8341,8.3138,37.1479
Taiwan,2023,18530,0.4263,1.0685,4.7059,3.918,4.5224,30.0,3.9557,4.7221,30.8095,8.6778,39.4873
Taiwan,2024,15149,0.3499,1.208,4.3171,3.2147,4.9178,28.8864,3.3005,5.1092,29.8171,8.4097,38.2268
Taiwan,2025,10824,0.3973,1.2749,4.6656,2.8825,5.3307,30.7095,2.9194,5.6633,31.7443,8.5827,40.327
Tajikistan,2010,14,0.0,0.0,0.0,14.2857,0.0,50.0,14.2857,0.0,50.0,14.2857,64.2857
Tajikistan,2011,17,0.0,0.0,5.8824,0.0,0.0,29.4118,0.0,0.0,29.4118,0.0,29.4118
Tajikistan,2012,8,0.0,0.0,0.0,0.0,0.0,37.5,0.0,0.0,37.5,0.0,37.5
Tajikistan,2013,11,0.0,0.0,0.0,0.0,0.0,27.2727,0.0,0.0,27.2727,0.0,27.2727
Tajikistan,2014,18,0.0,0.0,0.0,11.1111,5.5556,27.7778,11.1111,5.5556,27.7778,16.6667,44.4445
Tajikistan,2015,27,0.0,0.0,0.0,0.0,11.1111,37.037,0.0,11.1111,37.037,11.1111,48.1481
Tajikistan,2016,22,4.5455,0.0,9.0909,18.1818,4.5455,50.0,18.1818,4.5455,50.0,22.7273,72.7273
Tajikistan,2017,39,0.0,0.0,2.5641,2.5641,7.6923,38.4615,2.5641,7.6923,38.4615,10.2564,48.7179
Tajikistan,2018,68,1.4706,0.0,0.0,2.9412,5.8824,33.8235,4.4118,5.8824,33.8235,10.2942,44.1177
Tajikistan,2019,105,0.0,0.9524,0.9524,1.9048,4.7619,34.2857,1.9048,4.7619,34.2857,6.6667,40.9524
Tajikistan,2020,142,1.4085,0.7042,4.9296,3.5211,0.7042,25.3521,3.5211,0.7042,27.4648,4.2253,31.6901
Tajikistan,2021,110,0.9091,0.0,3.6364,6.3636,0.9091,24.5455,6.3636,0.9091,24.5455,7.2727,31.8182
Tajikistan,2022,148,0.6757,1.3514,2.7027,5.4054,1.3514,28.3784,5.4054,1.3514,29.7297,6.7568,36.4865
Tajikistan,2023,187,1.0695,1.0695,6.4171,9.6257,1.6043,31.016,10.6952,2.6738,32.6203,13.369,45.9893
Tajikistan,2024,139,2.1583,2.8777,2.1583,7.1942,2.8777,25.1799,7.1942,4.3165,25.1799,11.5107,36.6906
Tajikistan,2025,118,0.8475,1.6949,4.2373,3.3898,5.0847,30.5085,3.3898,5.9322,33.0508,9.322,42.3728
Tanzania,2010,174,0.0,0.5747,2.2989,6.8966,2.2989,25.8621,6.8966,2.8736,25.8621,9.7702,35.6323
Tanzania,2011,170,0.0,0.0,5.2941,5.2941,4.1176,24.7059,5.2941,4.1176,25.2941,9.4117,34.7058
Tanzania,2012,203,0.0,0.9852,2.9557,5.4187,2.4631,25.6158,5.4187,2.4631,26.1084,7.8818,33.9902
Tanzania,2013,282,0.0,0.3546,4.2553,4.6099,1.773,33.6879,4.6099,2.1277,34.0426,6.7376,40.7802
Tanzania,2014,484,0.2066,0.6198,3.9256,4.1322,3.0992,28.0992,4.3388,3.3058,28.5124,7.6446,36.157
Tanzania,2015,545,0.0,0.0,6.2385,3.6697,1.6514,29.9083,3.6697,1.6514,30.2752,5.3211,35.5963
Tanzania,2016,671,0.0,0.4471,5.0671,5.5142,1.6393,29.5082,5.5142,1.9374,30.4024,7.4516,37.854
Tanzania,2017,789,0.507,0.0,5.0697,3.929,2.1546,33.3333,4.1825,2.1546,33.8403,6.3371,40.1774
Tanzania,2018,988,0.2024,0.1012,3.8462,4.3522,1.417,27.0243,4.3522,1.417,27.5304,5.7692,33.2996
Tanzania,2019,1127,0.3549,0.5324,4.4366,5.2351,2.4845,30.7897,5.3239,2.5732,31.4996,7.8971,39.3967
Tanzania,2020,1451,0.4135,0.6892,4.4797,5.1688,2.481,29.7726,5.4445,2.7567,30.0482,8.2012,38.2494
Tanzania,2021,1431,0.1398,0.2795,5.9399,3.9832,2.8651,31.2369,3.9832,2.935,31.6562,6.9182,38.5744
Tanzania,2022,2174,0.092,0.552,5.0598,4.2318,3.7718,31.7387,4.2778,3.8178,32.0607,8.0956,40.1563
Tanzania,2023,2458,0.1221,0.6509,6.3059,4.3124,3.8649,32.5468,4.3124,3.9463,33.035,8.2587,41.2937
Tanzania,2024,2223,0.2699,1.1246,5.3531,3.6887,4.5434,33.0634,3.7787,4.6784,33.6032,8.4571,42.0603
Tanzania,2025,1264,0.3956,0.8703,6.5665,3.0854,4.4304,34.8101,3.0854,4.5095,35.443,7.5949,43.0379
Thailand,2010,1804,0.2217,0.6098,2.7716,2.6608,1.4967,21.1752,2.7162,1.5521,21.5078,4.2683,25.7761
Thailand,2011,2208,0.3623,0.1812,3.9402,3.8043,1.6304,20.6522,3.8043,1.6757,21.4674,5.48,26.9474
Thailand,2012,2616,0.2676,0.2676,2.7141,3.0581,1.4144,20.9098,3.0581,1.5291,21.2538,4.5872,25.841
Thailand,2013,3202,0.3123,0.4372,3.4354,3.7477,1.4054,20.9557,3.7789,1.4678,21.674,5.2467,26.9207
Thailand,2014,3736,0.2944,0.455,3.2923,3.0246,1.6328,22.9925,3.0782,1.6863,23.3137,4.7645,28.0782
Thailand,2015,3943,0.3551,0.279,3.6013,3.0434,1.7753,22.7999,3.0687,1.8767,23.1803,4.9454,28.1257
Thailand,2016,4522,0.3981,0.3759,3.7815,2.9412,2.2778,22.7775,3.0296,2.322,23.3304,5.3516,28.682
Thailand,2017,5193,0.2696,0.5199,3.4662,2.9078,2.0605,22.4533,2.927,2.2338,23.0503,5.1608,28.2111
Thailand,2018,6314,0.3643,0.6177,3.7219,3.7694,2.1539,24.026,3.8328,2.2331,24.6436,6.0659,30.7095
Thailand,2019,6925,0.3466,0.6498,3.4224,2.9603,2.2671,23.1336,3.0325,2.3105,23.639,5.343,28.982
Thailand,2020,8218,0.3285,0.5476,3.76,3.6505,2.1538,23.2538,3.687,2.2512,24.0326,5.9382,29.9708
Thailand,2021,8875,0.2704,0.6197,4.0676,3.2,2.4338,24.0,3.2563,2.5239,24.7775,5.7802,30.5577
Thailand,2022,12272,0.2445,0.6356,3.9113,3.6017,2.4609,24.1037,3.6343,2.5913,24.7555,6.2256,30.9811
Thailand,2023,11887,0.3281,0.8497,3.8025,3.1042,3.1884,26.4154,3.1631,3.3987,27.08,6.5618,33.6418
Thailand,2024,10968,0.3191,1.0485,3.6105,2.8538,3.492,25.8023,2.9449,3.6652,26.4406,6.6101,33.0507
Thailand,2025,7714,0.2333,1.1278,3.8372,2.2038,4.1353,28.1047,2.2556,4.3039,28.8177,6.5595,35.3772
Togo,2010,12,0.0,0.0,0.0,0.0,0.0,8.3333,0.0,0.0,8.3333,0.0,8.3333
Togo,2011,18,0.0,0.0,0.0,16.6667,0.0,22.2222,16.6667,0.0,22.2222,16.6667,38.8889
Togo,2012,14,0.0,0.0,0.0,0.0,0.0,28.5714,0.0,0.0,28.5714,0.0,28.5714
Togo,2013,25,0.0,0.0,0.0,8.0,0.0,20.0,8.0,0.0,20.0,8.0,28.0
Togo,2014,45,0.0,0.0,2.2222,8.8889,2.2222,17.7778,8.8889,2.2222,17.7778,11.1111,28.8889
Togo,2015,73,0.0,1.3699,2.7397,2.7397,2.7397,16.4384,2.7397,2.7397,17.8082,5.4794,23.2876
Togo,2016,64,1.5625,0.0,4.6875,1.5625,0.0,28.125,3.125,0.0,28.125,3.125,31.25
Togo,2017,82,0.0,0.0,6.0976,9.7561,1.2195,26.8293,9.7561,1.2195,28.0488,10.9756,39.0244
Togo,2018,163,1.8405,1.227,4.2945,8.589,0.0,29.4479,9.2025,1.227,30.6748,10.4295,41.1043
Togo,2019,211,0.4739,0.0,3.3175,11.8483,1.4218,29.8578,11.8483,1.4218,30.3318,13.2701,43.6019
Togo,2020,268,0.3731,0.3731,3.3582,6.3433,1.8657,23.8806,6.3433,1.8657,24.6269,8.209,32.8359
Togo,2021,189,2.1164,0.5291,5.291,9.5238,2.6455,32.8042,9.5238,2.6455,33.8624,12.1693,46.0317
Togo,2022,306,0.9804,0.3268,5.2288,6.2092,2.2876,32.3529,6.5359,2.2876,33.9869,8.8235,42.8104
Togo,2023,320,0.9375,0.3125,6.25,8.125,4.375,32.5,8.125,4.375,33.75,12.5,46.25
Togo,2024,278,0.0,0.3597,5.036,6.4748,3.5971,31.295,6.4748,3.5971,32.0144,10.0719,42.0863
Togo,2025,177,0.0,1.1299,5.6497,3.9548,5.6497,35.5932,3.9548,5.6497,35.5932,9.6045,45.1977
Trinidad and Tobago,2010,37,0.0,0.0,5.4054,5.4054,2.7027,27.027,5.4054,2.7027,27.027,8.1081,35.1351
Trinidad and Tobago,2011,54,0.0,1.8519,7.4074,3.7037,1.8519,22.2222,3.7037,1.8519,24.0741,5.5556,29.6297
Trinidad and Tobago,2012,52,0.0,0.0,1.9231,5.7692,1.9231,19.2308,5.7692,1.9231,19.2308,7.6923,26.9231
Trinidad and Tobago,2013,64,0.0,3.125,0.0,0.0,4.6875,15.625,0.0,4.6875,15.625,4.6875,20.3125
Trinidad and Tobago,2014,101,0.0,0.0,2.9703,3.9604,0.0,24.7525,3.9604,0.0,25.7426,3.9604,29.703
Trinidad and Tobago,2015,97,0.0,1.0309,2.0619,9.2784,4.1237,24.7423,9.2784,4.1237,25.7732,13.4021,39.1753
Trinidad and Tobago,2016,118,0.8475,0.8475,4.2373,5.9322,3.3898,27.9661,5.9322,3.3898,27.9661,9.322,37.2881
Trinidad and Tobago,2017,133,0.0,0.7519,3.0075,4.5113,2.2556,28.5714,4.5113,2.2556,29.3233,6.7669,36.0902
Trinidad and Tobago,2018,163,1.227,0.0,5.5215,4.908,2.454,26.3804,4.908,2.454,26.9939,7.362,34.3559
Trinidad and Tobago,2019,190,1.0526,1.5789,4.2105,7.8947,4.7368,29.4737,8.4211,5.2632,29.4737,13.6843,43.158
Trinidad and Tobago,2020,213,0.0,0.4695,7.9812,4.6948,2.8169,31.4554,4.6948,2.8169,32.3944,7.5117,39.9061
Trinidad and Tobago,2021,206,0.0,0.0,4.3689,5.3398,5.8252,33.0097,5.3398,5.8252,33.0097,11.165,44.1747
Trinidad and Tobago,2022,209,0.4785,0.4785,8.134,5.2632,4.7847,32.5359,5.2632,4.7847,32.5359,10.0479,42.5838
Trinidad and Tobago,2023,254,0.0,1.1811,3.937,7.4803,5.1181,28.3465,7.4803,5.5118,29.1339,12.9921,42.126
Trinidad and Tobago,2024,178,0.0,1.6854,5.0562,2.2472,4.4944,32.0225,2.2472,4.4944,32.5843,6.7416,39.3259
Trinidad and Tobago,2025,119,0.0,0.8403,5.8824,3.3613,3.3613,33.6134,3.3613,3.3613,36.9748,6.7226,43.6974
Tunisia,2010,721,0.1387,0.2774,2.9126,2.6352,0.9709,17.6144,2.7739,0.9709,18.1692,3.7448,21.914
Tunisia,2011,967,0.0,0.2068,2.7921,2.999,1.8614,17.8904,2.999,1.8614,18.4074,4.8604,23.2678
Tunisia,2012,1140,0.3509,0.3509,2.8947,3.1579,1.3158,18.9474,3.2456,1.3158,19.8246,4.5614,24.386
Tunisia,2013,1429,0.07,0.4199,3.0791,3.9888,1.1896,18.0546,3.9888,1.2596,18.6844,5.2484,23.9328
Tunisia,2014,1651,0.3634,0.3028,3.2707,3.5736,0.7268,17.9285,3.7553,0.848,18.4737,4.6033,23.077
Tunisia,2015,1744,0.1147,0.5734,3.555,2.4656,1.5482,18.6927,2.4656,1.6055,19.8394,4.0711,23.9105
Tunisia,2016,2146,0.2796,0.466,2.9823,2.8891,1.8173,20.1305,2.9357,1.8173,20.9692,4.753,25.7222
Tunisia,2017,2120,0.1887,0.2358,3.4434,3.6792,1.0377,19.7642,3.6792,1.0849,20.566,4.7641,25.3301
Tunisia,2018,2478,0.2825,0.6457,3.5916,2.8652,2.2599,21.2672,3.0266,2.3406,22.3164,5.3672,27.6836
Tunisia,2019,2661,0.4885,0.4885,3.3822,3.5325,1.9166,19.2409,3.6828,1.9917,19.8797,5.6745,25.5542
Tunisia,2020,3048,0.4593,0.2953,3.3793,3.7402,2.0341,20.1444,3.8714,2.1325,20.6365,6.0039,26.6404
Tunisia,2021,3253,0.2459,0.5841,2.9204,4.8263,2.6745,21.6108,4.8571,2.7974,22.2871,7.6545,29.9416
Tunisia,2022,4246,0.2826,0.683,3.6976,3.6976,2.9439,24.423,3.7683,3.1795,25.0589,6.9478,32.0067
Tunisia,2023,3789,0.5015,0.739,4.1964,3.6685,3.8005,24.9934,3.7477,3.906,25.8116,7.6537,33.4653
Tunisia,2024,3274,0.4887,1.405,3.9401,3.3903,4.9481,26.237,3.4514,5.3146,26.9701,8.766,35.7361
Tunisia,2025,1967,0.3559,1.1693,4.5247,2.4911,4.1688,28.0122,2.6436,4.423,29.029,7.0666,36.0956
Turkey,2010,5290,0.3214,0.0945,2.7221,4.0643,1.3233,18.2798,4.121,1.3422,18.7146,5.4632,24.1778
Turkey,2011,6135,0.2119,0.2445,3.0644,4.3195,1.4507,18.2233,4.3195,1.4507,18.6308,5.7702,24.401
Turkey,2012,7535,0.4247,0.3583,2.9064,3.8487,1.6589,19.3099,3.9283,1.7386,19.8806,5.6669,25.5475
Turkey,2013,9554,0.2407,0.3035,2.4388,4.2495,1.7061,17.4273,4.3228,1.7689,17.8564,6.0917,23.9481
Turkey,2014,10954,0.356,0.3286,2.7113,4.2998,1.698,18.4225,4.3911,1.7345,18.8698,6.1256,24.9954
Turkey,2015,11984,0.4256,0.5424,2.8705,4.8815,2.0861,19.0087,4.9232,2.1445,19.4426,7.0677,26.5103
Turkey,2016,13543,0.4061,0.4356,2.828,4.9472,2.289,20.0546,5.0432,2.3555,20.4977,7.3987,27.8964
Turkey,2017,14155,0.325,0.5793,2.8965,4.9735,2.2677,19.9788,5.0159,2.3596,20.4804,7.3755,27.8559
Turkey,2018,17281,0.4687,0.6481,2.8991,5.1502,2.3552,20.2477,5.2312,2.4536,20.7916,7.6848,28.4764
Turkey,2019,18771,0.4475,0.6712,3.0739,4.9118,2.376,20.3026,4.9758,2.5305,20.9206,7.5063,28.4269
Turkey,2020,22540,0.5723,0.7365,3.1189,5.0177,2.8039,21.1668,5.1375,2.9059,21.6815,8.0434,29.7249
Turkey,2021,22630,0.4198,1.0517,3.354,4.7901,3.049,21.7366,4.8785,3.2523,22.342,8.1308,30.4728
Turkey,2022,29286,0.5293,0.9219,3.4283,4.9307,3.2609,22.8027,5.0195,3.4556,23.3627,8.4751,31.8378
Turkey,2023,29759,0.42,1.1862,3.441,5.1984,3.8812,24.8093,5.2656,4.0794,25.3638,9.345,34.7088
Turkey,2024,26246,0.4572,1.5583,3.7072,4.2978,4.5645,24.6552,4.3778,4.8655,25.2991,9.2433,34.5424
Turkey,2025,19834,0.3328,1.7747,3.9074,3.4738,5.2082,25.6025,3.5444,5.5107,26.2932,9.0551,35.3483
Turkmenistan,2011,1,0.0,0.0,0.0,0.0,0.0,0.0,0.0,0.0,0.0,0.0,0.0
Turkmenistan,2012,1,0.0,0.0,0.0,0.0,0.0,100.0,0.0,0.0,100.0,0.0,100.0
Turkmenistan,2013,6,0.0,0.0,0.0,16.6667,0.0,50.0,16.6667,0.0,50.0,16.6667,66.6667
Turkmenistan,2014,6,0.0,0.0,0.0,0.0,0.0,16.6667,0.0,0.0,16.6667,0.0,16.6667
Turkmenistan,2016,1,0.0,0.0,0.0,0.0,0.0,100.0,0.0,0.0,100.0,0.0,100.0
Turkmenistan,2017,4,0.0,0.0,0.0,0.0,0.0,0.0,0.0,0.0,0.0,0.0,0.0
Turkmenistan,2018,4,0.0,0.0,25.0,0.0,25.0,25.0,0.0,25.0,25.0,25.0,50.0
Turkmenistan,2019,5,0.0,0.0,0.0,0.0,0.0,40.0,0.0,0.0,40.0,0.0,40.0
Turkmenistan,2020,12,0.0,0.0,0.0,0.0,0.0,8.3333,0.0,0.0,8.3333,0.0,8.3333
Turkmenistan,2021,10,0.0,0.0,0.0,10.0,0.0,30.0,10.0,0.0,30.0,10.0,40.0
Turkmenistan,2022,12,0.0,0.0,8.3333,0.0,0.0,41.6667,0.0,0.0,41.6667,0.0,41.6667
Turkmenistan,2023,32,0.0,3.125,3.125,12.5,3.125,25.0,12.5,3.125,25.0,15.625,40.625
Turkmenistan,2024,19,0.0,0.0,5.2632,0.0,5.2632,31.5789,0.0,5.2632,31.5789,5.2632,36.8421
Turkmenistan,2025,4,0.0,0.0,25.0,0.0,0.0,75.0,0.0,0.0,75.0,0.0,75.0
Uganda,2010,172,1.1628,0.0,6.3953,11.6279,5.2326,29.0698,11.6279,5.2326,30.2326,16.8605,47.0931
Uganda,2011,172,0.0,0.5814,4.0698,4.6512,4.6512,37.7907,4.6512,4.6512,37.7907,9.3024,47.0931
Uganda,2012,195,0.5128,1.5385,4.6154,8.2051,3.5897,30.2564,8.2051,3.5897,30.7692,11.7948,42.564
Uganda,2013,261,0.7663,0.7663,5.364,8.046,3.4483,32.9502,8.046,3.4483,33.7165,11.4943,45.2108
Uganda,2014,408,0.9804,0.2451,5.3922,6.1275,3.9216,30.1471,6.1275,3.9216,30.6373,10.0491,40.6864
Uganda,2015,485,0.6186,0.0,7.0103,4.5361,3.9175,30.1031,4.5361,3.9175,30.9278,8.4536,39.3814
Uganda,2016,603,0.1658,0.8292,7.131,6.6335,4.4776,28.524,6.6335,4.4776,29.3532,11.1111,40.4643
Uganda,2017,774,1.292,0.3876,8.6563,5.814,2.7132,36.9509,5.9432,2.7132,37.7261,8.6564,46.3825
Uganda,2018,883,0.2265,0.3398,6.795,5.436,3.2843,31.5968,5.436,3.2843,32.2763,8.7203,40.9966
Uganda,2019,951,0.9464,0.8412,7.571,4.9422,3.7855,29.4427,5.0473,3.7855,30.1788,8.8328,39.0116
Uganda,2020,1279,0.7819,1.5637,4.7694,5.7858,4.3002,31.5872,5.7858,4.5348,31.8999,10.3206,42.2205
Uganda,2021,1263,0.7918,1.8211,6.1758,4.9089,3.9588,32.3832,5.0673,4.2755,33.175,9.3428,42.5178
Uganda,2022,1707,0.8787,2.0504,5.9754,4.0422,4.2765,33.2162,4.2179,4.628,33.9777,8.8459,42.8236
Uganda,2023,2088,0.6705,1.6284,6.0824,4.3103,5.5077,32.5192,4.5019,5.6513,33.5728,10.1532,43.726
Uganda,2024,1868,0.6424,2.5696,5.9422,4.2291,6.2099,34.4754,4.4433,6.6916,34.9036,11.1349,46.0385
Uganda,2025,1225,0.2449,2.6939,5.4694,3.1837,7.5918,35.7551,3.2653,7.5918,36.0816,10.8571,46.9387
Ukraine,2010,1251,0.6395,0.4796,3.5971,5.5156,0.7194,18.6251,5.8353,0.9592,19.5044,6.7945,26.2989
Ukraine,2011,1290,0.2326,0.155,3.5659,4.3411,0.6977,17.5194,4.4186,0.6977,18.4496,5.1163,23.5659
Ukraine,2012,1470,0.4762,0.4082,3.2653,4.5578,0.8844,16.5306,4.7619,0.8844,17.483,5.6463,23.1293
Ukraine,2013,2292,0.5236,0.0873,4.1012,4.9302,1.0471,18.9791,5.2792,1.0471,19.5026,6.3263,25.8289
Ukraine,2014,3199,0.3439,0.3126,4.4389,5.0328,1.3442,23.8199,5.2516,1.3754,24.6327,6.627,31.2597
Ukraine,2015,2700,0.5926,0.2222,4.3704,5.5556,1.1852,25.7037,5.7037,1.2593,26.7407,6.963,33.7037
Ukraine,2016,3332,0.6303,0.3601,3.8715,5.9724,1.9208,23.7395,6.0924,2.0108,24.4598,8.1032,32.563
Ukraine,2017,4640,0.6034,0.5172,4.4828,8.9224,2.4138,28.8793,9.0302,2.6293,29.4612,11.6595,41.1207
Ukraine,2018,7935,0.857,0.3151,5.3812,11.4556,2.7347,30.8633,11.5816,2.7977,31.6068,14.3793,45.9861
Ukraine,2019,9756,1.2198,0.779,6.1193,13.5814,4.3255,34.3378,13.6634,4.4588,35.0349,18.1222,53.1571
Ukraine,2020,12622,1.1013,0.7764,6.1163,13.4369,4.4922,35.0341,13.6112,4.6348,35.7867,18.246,54.0327
Ukraine,2021,9023,0.798,0.8866,5.6079,14.6182,4.8653,34.5229,14.729,4.9983,35.1768,19.7273,54.9041
Ukraine,2022,12594,3.2714,1.2149,6.3125,19.2631,6.7254,36.9779,19.5411,6.9239,37.6846,26.465,64.1496
Ukraine,2023,14208,4.8423,1.7948,7.4043,22.9307,8.9879,39.8789,23.339,9.2061,40.5828,32.5451,73.1279
Ukraine,2024,9297,4.7327,2.5277,7.0776,20.5873,10.7777,39.1739,21.0498,10.982,39.8516,32.0318,71.8834
Ukraine,2025,4226,3.5021,2.8632,5.9158,15.168,9.9621,38.3578,15.5466,10.3171,38.9494,25.8637,64.8131
United Arab Emirates,2010,387,0.0,0.2584,3.3592,6.2016,2.584,22.2222,6.2016,2.584,22.4806,8.7856,31.2662
United Arab Emirates,2011,490,0.8163,1.0204,4.2857,5.102,3.0612,26.1224,5.102,3.0612,26.3265,8.1632,34.4897
United Arab Emirates,2012,657,0.761,0.1522,6.0883,7.6104,2.4353,29.0715,7.7626,2.5875,29.8326,10.3501,40.1827
United Arab Emirates,2013,942,0.5308,0.8493,5.9448,5.414,2.2293,28.7686,5.5202,2.2293,29.4055,7.7495,37.155
United Arab Emirates,2014,1299,0.6159,0.3079,5.8507,6.3895,2.0015,27.1747,6.5435,2.0785,27.8676,8.622,36.4896
United Arab Emirates,2015,1327,0.4521,0.3014,5.049,4.8229,1.5825,27.5057,4.9736,1.6579,28.0332,6.6315,34.6647
United Arab Emirates,2016,1568,0.6378,0.3189,3.8903,6.0587,2.1046,26.5944,6.1862,2.1046,27.1046,8.2908,35.3954
United Arab Emirates,2017,2006,0.4487,0.5484,3.9382,5.9322,2.4427,25.324,5.9821,2.6421,25.8724,8.6242,34.4966
United Arab Emirates,2018,2731,0.8056,0.5492,4.2109,5.5291,2.197,26.7668,5.639,2.2702,27.5357,7.9092,35.4449
United Arab Emirates,2019,3364,0.2675,1.1593,4.7265,5.3805,3.0618,28.0321,5.4102,3.2996,28.7753,8.7098,37.4851
United Arab Emirates,2020,4510,0.5987,1.2195,4.5676,4.8559,4.6341,27.051,4.9889,4.745,27.7605,9.7339,37.4944
United Arab Emirates,2021,4952,0.6664,1.2722,4.0994,5.0283,4.3417,29.5032,5.1898,4.6244,30.0081,9.8142,39.8223
United Arab Emirates,2022,7202,0.5832,1.6107,5.3457,5.4013,5.4013,30.8387,5.429,5.7762,31.5468,11.2052,42.752
United Arab Emirates,2023,8419,0.4395,1.6391,5.4757,4.7868,6.1052,32.2366,4.8343,6.4141,32.9849,11.2484,44.2333
United Arab Emirates,2024,6937,0.591,2.1479,5.204,4.4832,6.9915,32.6222,4.5697,7.3951,33.2132,11.9648,45.178
United Arab Emirates,2025,4532,0.4854,2.2948,5.1633,3.1995,7.6787,33.3186,3.2657,8.12,34.0026,11.3857,45.3883
United Kingdom,2010,46120,0.9237,0.5464,3.6578,6.6956,2.5152,24.2606,6.9037,2.6583,24.8309,9.562,34.3929
United Kingdom,2011,49646,0.8319,0.5499,3.7002,6.6753,2.677,23.9113,6.8445,2.7837,24.5176,9.6282,34.1458
United Kingdom,2012,55519,0.8718,0.5169,3.7176,6.3186,2.736,24.6852,6.5005,2.8477,25.3283,9.3482,34.6765
United Kingdom,2013,61039,0.9322,0.5931,3.8156,6.7023,2.8801,25.0283,6.8841,3.0177,25.6918,9.9018,35.5936
United Kingdom,2014,72802,0.989,0.6003,3.993,6.3611,2.89,25.6545,6.5534,2.9985,26.2822,9.5519,35.8341
United Kingdom,2015,75931,0.8995,0.59,4.1669,6.1609,2.846,26.3239,6.3703,2.9632,26.9666,9.3335,36.3001
United Kingdom,2016,85930,0.8903,0.6552,4.1115,6.3412,3.0106,26.6508,6.503,3.1409,27.3129,9.6439,36.9568
United Kingdom,2017,89141,0.9008,0.7213,4.0408,6.253,3.0188,25.6941,6.4179,3.186,26.4289,9.6039,36.0328
United Kingdom,2018,103173,0.944,0.7958,4.2211,6.2003,3.1336,26.1881,6.3728,3.309,26.914,9.6818,36.5958
United Kingdom,2019,105191,0.9687,0.8252,4.2333,6.0328,3.4214,26.8131,6.1992,3.5716,27.4986,9.7708,37.2694
United Kingdom,2020,114766,0.8696,0.9715,4.2835,6.0593,3.7616,27.3583,6.2275,3.9689,28.1129,10.1964,38.3093
United Kingdom,2021,108205,0.7569,0.9796,4.3427,5.8546,3.8732,27.7122,5.997,4.0673,28.47,10.0643,38.5343
United Kingdom,2022,123123,0.8098,1.0843,4.4784,5.9631,4.1885,28.919,6.1305,4.3664,29.5566,10.4969,40.0535
United Kingdom,2023,125455,0.8704,1.261,4.5443,5.9878,4.5993,29.3053,6.1456,4.8193,29.9613,10.9649,40.9262
United Kingdom,2024,105766,0.9133,1.3918,4.6234,5.4895,5.116,29.6541,5.6653,5.3458,30.3425,11.0111,41.3536
United Kingdom,2025,72220,0.7131,1.4691,4.4974,5.0762,5.6134,29.7009,5.2008,5.8349,30.4085,11.0357,41.4442
United States,2010,161652,0.597,0.5877,4.0915,5.3287,2.8048,26.4438,5.4549,2.9205,27.0575,8.3754,35.4329
United States,2011,175760,0.5593,0.6133,4.2052,5.2327,2.9279,26.9885,5.3476,3.0388,27.6058,8.3864,35.9922
United States,2012,192431,0.567,0.6361,4.1475,5.3978,3.1029,27.203,5.5069,3.2178,27.8354,8.7247,36.5601
United States,2013,206860,0.5714,0.6647,4.2362,5.249,3.1229,27.2909,5.3659,3.2529,27.945,8.6188,36.5638
United States,2014,241261,0.5558,0.6818,4.338,5.1935,3.1742,27.8172,5.3088,3.3242,28.4899,8.633,37.1229
United States,2015,241662,0.5317,0.7043,4.2961,5.0715,3.3038,27.9427,5.1783,3.4366,28.599,8.6149,37.2139
United States,2016,261939,0.5215,0.7582,4.4869,4.9813,3.4573,28.2619,5.0718,3.5978,28.9449,8.6696,37.6145
United States,2017,267545,0.6134,0.7887,4.2853,5.1457,3.2488,26.5275,5.2649,3.4226,27.3005,8.6875,35.988
United States,2018,302272,0.612,0.8499,4.2233,5.0388,3.3787,27.4458,5.1523,3.5643,28.1945,8.7166,36.9111
United States,2019,303961,0.6201,0.8837,4.3364,5.049,3.6093,26.7975,5.1599,3.7775,27.5759,8.9374,36.5133
United States,2020,338292,0.5803,1.0074,4.3731,4.9141,3.9563,27.3421,5.0217,4.1647,28.1038,9.1864,37.2902
United States,2021,314577,0.5401,1.0293,4.4307,4.6996,4.0311,27.5201,4.803,4.2492,28.3263,9.0522,37.3785
United States,2022,340238,0.5808,1.1498,4.4369,4.9833,4.4601,28.5532,5.0859,4.6659,29.2651,9.7518,39.0169
United States,2023,345020,0.5988,1.2495,4.4908,4.9449,4.8716,29.4754,5.0594,5.0977,30.1954,10.1571,40.3525
United States,2024,308470,0.5774,1.4533,4.6008,4.5389,5.4083,29.3734,4.6419,5.6466,30.071,10.2885,40.3595
United States,2025,234749,0.5189,1.5544,4.6036,3.9821,5.7602,30.1488,4.0741,6.0132,30.8956,10.0873,40.9829
Uruguay,2010,216,0.463,0.0,5.5556,5.0926,1.8519,23.6111,5.5556,1.8519,25.0,7.4075,32.4075
Uruguay,2011,280,0.3571,0.3571,1.7857,7.8571,1.0714,22.8571,7.8571,1.4286,23.5714,9.2857,32.8571
Uruguay,2012,273,0.3663,0.0,2.5641,7.326,0.3663,21.2454,7.6923,0.3663,21.2454,8.0586,29.304
Uruguay,2013,365,0.0,0.5479,2.7397,4.3836,2.1918,20.0,4.3836,2.1918,20.5479,6.5754,27.1233
Uruguay,2014,453,0.6623,0.4415,3.7528,8.1678,2.2075,25.6071,8.3885,2.2075,26.4901,10.596,37.0861
Uruguay,2015,486,0.2058,0.0,3.4979,5.3498,0.4115,24.4856,5.3498,0.4115,26.1317,5.7613,31.893
Uruguay,2016,503,0.1988,0.1988,4.175,3.9761,2.5845,25.0497,4.175,2.5845,25.8449,6.7595,32.6044
Uruguay,2017,573,0.349,0.349,4.014,5.0611,2.0942,21.1169,5.2356,2.4433,21.466,7.6789,29.1449
Uruguay,2018,752,0.266,0.266,3.4574,7.1809,3.0585,24.0691,7.1809,3.0585,24.6011,10.2394,34.8405
Uruguay,2019,722,0.1385,0.554,4.7091,6.0942,2.7701,24.9307,6.0942,2.7701,25.6233,8.8643,34.4876
Uruguay,2020,868,0.2304,0.6912,4.7235,4.1475,3.6866,24.5392,4.1475,3.8018,25.1152,7.9493,33.0645
Uruguay,2021,886,0.5643,0.7901,5.3047,5.7562,3.2731,27.2009,6.0948,3.6117,28.3296,9.7065,38.0361
Uruguay,2022,952,0.3151,0.6303,4.2017,5.8824,2.521,25.105,6.0924,2.7311,26.3655,8.8235,35.189
Uruguay,2023,1022,0.4892,1.0763,3.7182,5.8708,3.6204,24.8532,6.0665,3.7182,25.4403,9.7847,35.225
Uruguay,2024,931,0.2148,0.9667,4.2965,4.5113,3.652,25.6713,4.6187,3.8668,26.4232,8.4855,34.9087
Uruguay,2025,685,0.292,1.1679,4.9635,4.9635,3.6496,27.7372,4.9635,4.0876,28.4672,9.0511,37.5183
Uzbekistan,2010,85,2.3529,0.0,2.3529,8.2353,2.3529,29.4118,9.4118,2.3529,30.5882,11.7647,42.3529
Uzbekistan,2011,54,0.0,0.0,7.4074,9.2593,1.8519,25.9259,9.2593,1.8519,27.7778,11.1112,38.889
Uzbekistan,2012,74,0.0,0.0,1.3514,4.0541,1.3514,22.973,4.0541,1.3514,22.973,5.4055,28.3785
Uzbekistan,2013,91,0.0,0.0,3.2967,10.989,2.1978,17.5824,10.989,2.1978,17.5824,13.1868,30.7692
Uzbekistan,2014,139,0.7194,0.0,4.3165,5.7554,3.5971,20.8633,5.7554,3.5971,22.3022,9.3525,31.6547
Uzbekistan,2015,140,1.4286,0.7143,1.4286,10.7143,1.4286,9.2857,11.4286,1.4286,9.2857,12.8572,22.1429
Uzbekistan,2016,167,0.0,0.5988,3.5928,2.994,1.7964,21.5569,2.994,1.7964,22.1557,4.7904,26.9461
Uzbekistan,2017,194,1.0309,0.0,2.0619,4.6392,3.0928,19.5876,5.1546,3.0928,19.5876,8.2474,27.835
Uzbekistan,2018,291,1.0309,0.6873,4.811,5.1546,2.0619,18.2131,5.1546,2.4055,19.244,7.5601,26.8041
Uzbekistan,2019,632,0.7911,0.4747,1.1076,4.9051,0.9494,18.038,5.2215,1.1076,18.6709,6.3291,25.0
Uzbekistan,2020,1820,1.3736,0.1648,3.9011,6.044,1.978,17.6374,6.3736,1.978,19.011,8.3516,27.3626
Uzbekistan,2021,2049,1.2201,0.3904,4.002,6.0029,1.9522,15.0317,6.2469,2.1962,16.3982,8.4431,24.8413
Uzbekistan,2022,1458,0.6859,0.5487,3.8409,6.7215,3.0178,20.6447,6.9959,3.0864,21.3992,10.0823,31.4815
Uzbekistan,2023,1975,0.7595,0.7595,4.1519,5.9747,2.9367,24.4557,6.2278,3.1899,25.4177,9.4177,34.8354
Uzbekistan,2024,1699,0.5297,1.4126,3.7081,5.1795,4.4732,25.721,5.3561,4.9441,26.6039,10.3002,36.9041
Uzbekistan,2025,1010,0.297,1.1881,4.5545,3.7624,5.5446,34.5545,3.7624,5.6436,35.4455,9.406,44.8515
Venezuela,2010,255,0.7843,0.0,2.3529,3.5294,1.1765,21.1765,3.9216,1.1765,21.5686,5.0981,26.6667
Venezuela,2011,228,0.4386,0.4386,3.9474,5.7018,0.8772,20.1754,5.7018,0.8772,21.0526,6.579,27.6316
Venezuela,2012,215,0.4651,0.4651,1.3953,4.186,1.8605,18.1395,4.186,1.8605,18.6047,6.0465,24.6512
Venezuela,2013,293,1.0239,0.0,2.0478,5.802,1.7065,15.6997,5.802,1.7065,15.6997,7.5085,23.2082
Venezuela,2014,321,0.3115,0.6231,3.7383,6.2305,2.8037,18.3801,6.2305,2.8037,18.3801,9.0342,27.4143
Venezuela,2015,323,0.6192,0.0,4.644,5.2632,1.548,22.291,5.2632,1.548,23.2198,6.8112,30.031
Venezuela,2016,320,0.3125,0.625,1.5625,7.5,3.4375,18.4375,7.8125,3.4375,19.0625,11.25,30.3125
Venezuela,2017,354,0.2825,0.565,3.1073,6.7797,1.6949,21.4689,6.7797,1.6949,21.4689,8.4746,29.9435
Venezuela,2018,394,0.2538,0.7614,5.0761,6.0914,2.2843,22.335,6.0914,2.2843,23.0964,8.3757,31.4721
Venezuela,2019,387,0.2584,0.2584,2.584,7.7519,2.3256,25.0646,7.7519,2.3256,25.5814,10.0775,35.6589
Venezuela,2020,450,0.6667,0.4444,3.3333,6.4444,2.4444,22.2222,6.6667,2.4444,22.6667,9.1111,31.7778
Venezuela,2021,437,0.4577,1.373,3.8902,6.1785,2.5172,24.714,6.4073,3.4325,25.6293,9.8398,35.4691
Venezuela,2022,440,0.6818,0.4545,3.6364,7.7273,3.4091,23.8636,7.7273,3.6364,25.2273,11.3637,36.591
Venezuela,2023,440,0.9091,1.3636,4.3182,7.9545,5.0,24.3182,8.1818,5.2273,25.2273,13.4091,38.6364
Venezuela,2024,349,0.8596,2.2923,4.0115,7.1633,6.0172,26.361,7.4499,6.3037,27.7937,13.7536,41.5473
Venezuela,2025,245,0.0,1.2245,4.4898,6.1224,4.4898,29.3878,6.1224,4.4898,30.2041,10.6122,40.8163
Vietnam,2010,326,0.9202,0.3067,3.9877,3.0675,0.6135,21.1656,3.3742,0.6135,21.4724,3.9877,25.4601
Vietnam,2011,507,0.3945,0.0,3.1558,3.3531,0.789,19.1321,3.3531,0.789,19.1321,4.1421,23.2742
Vietnam,2012,615,0.1626,0.6504,2.7642,4.7154,1.9512,18.0488,4.7154,2.2764,18.374,6.9918,25.3658
Vietnam,2013,934,0.3212,0.5353,3.8544,4.3897,1.7131,20.5567,4.3897,1.8201,20.985,6.2098,27.1948
Vietnam,2014,1321,0.757,0.4542,2.8009,4.0121,1.8168,21.8017,4.3906,1.8168,22.1802,6.2074,28.3876
Vietnam,2015,1415,0.4947,0.3534,3.8163,4.3816,1.7668,23.0389,4.4523,1.8375,23.6749,6.2898,29.9647
Vietnam,2016,1951,0.205,0.3588,2.9728,3.8442,1.6402,21.2711,3.8442,1.6914,21.6812,5.5356,27.2168
Vietnam,2017,2462,0.3656,0.1625,3.7368,4.143,1.5841,21.6491,4.2242,1.7059,22.2989,5.9301,28.229
Vietnam,2018,3972,0.2014,0.428,3.2226,4.4562,1.4602,22.7845,4.5317,1.6365,23.3384,6.1682,29.5066
Vietnam,2019,6038,0.2981,0.6459,3.6602,5.0679,1.9874,24.3292,5.101,2.153,24.9752,7.254,32.2292
Vietnam,2020,8906,0.2919,0.7523,3.6492,5.5131,2.4366,23.9838,5.5805,2.6948,24.5116,8.2753,32.7869
Vietnam,2021,6979,0.5158,0.8311,4.0407,5.4306,2.7798,25.3905,5.5165,3.009,25.8776,8.5255,34.4031
Vietnam,2022,9200,0.4239,0.7717,4.3913,5.4565,2.6739,25.0109,5.5,2.8696,25.5761,8.3696,33.9457
Vietnam,2023,9711,0.5767,0.7414,4.1602,5.468,2.9966,26.3104,5.6225,3.1614,26.7738,8.7839,35.5577
Vietnam,2024,8143,0.7614,0.8965,3.9052,5.1087,3.7087,25.5311,5.2438,3.9666,26.182,9.2104,35.3924
Vietnam,2025,4220,0.4028,1.09,4.2417,3.4123,4.2891,27.1564,3.4597,4.455,27.8673,7.9147,35.782
Yemen,2010,57,0.0,0.0,8.7719,1.7544,0.0,22.807,1.7544,0.0,22.807,1.7544,24.5614
Yemen,2011,46,0.0,0.0,6.5217,2.1739,2.1739,21.7391,2.1739,2.1739,21.7391,4.3478,26.0869
Yemen,2012,55,0.0,0.0,1.8182,10.9091,1.8182,16.3636,10.9091,1.8182,18.1818,12.7273,30.9091
Yemen,2013,64,0.0,1.5625,1.5625,12.5,3.125,10.9375,12.5,3.125,10.9375,15.625,26.5625
Yemen,2014,129,0.7752,0.7752,4.6512,6.2016,0.0,20.9302,6.9767,0.7752,21.7054,7.7519,29.4573
Yemen,2015,110,0.0,0.9091,1.8182,2.7273,1.8182,19.0909,2.7273,1.8182,19.0909,4.5455,23.6364
Yemen,2016,153,0.0,1.3072,1.3072,7.1895,0.0,18.9542,7.1895,1.3072,18.9542,8.4967,27.4509
Yemen,2017,184,0.5435,0.5435,1.087,4.8913,2.1739,17.9348,4.8913,2.7174,17.9348,7.6087,25.5435
Yemen,2018,321,1.5576,0.3115,4.6729,7.4766,2.1807,20.5607,7.7882,2.4922,20.5607,10.2804,30.8411
Yemen,2019,398,1.7588,0.2513,3.2663,6.7839,2.0101,21.3568,7.2864,2.0101,21.608,9.2965,30.9045
Yemen,2020,650,0.9231,0.3077,4.3077,6.9231,0.9231,20.3077,7.2308,0.9231,20.9231,8.1539,29.077
Yemen,2021,716,0.9777,0.6983,4.0503,6.1453,2.7933,21.9274,6.7039,2.7933,22.3464,9.4972,31.8436
Yemen,2022,1068,0.5618,1.1236,4.0262,6.6479,4.7753,23.221,6.6479,5.1498,23.7828,11.7977,35.5805
Yemen,2023,985,0.5076,1.0152,4.7716,6.4975,4.7716,25.5838,6.7005,5.1777,26.0914,11.8782,37.9696
Yemen,2024,758,0.5277,1.5831,4.2216,6.4644,4.4855,25.5937,6.4644,4.8813,25.7256,11.3457,37.0713
Yemen,2025,445,1.1236,1.573,4.7191,5.3933,6.0674,26.5169,5.8427,6.7416,27.191,12.5843,39.7753
Zambia,2010,35,0.0,0.0,8.5714,8.5714,0.0,25.7143,8.5714,0.0,28.5714,8.5714,37.1428
Zambia,2011,47,0.0,4.2553,6.383,8.5106,6.383,31.9149,8.5106,6.383,31.9149,14.8936,46.8085
Zambia,2012,59,0.0,0.0,3.3898,5.0847,0.0,40.678,5.0847,0.0,40.678,5.0847,45.7627
Zambia,2013,65,0.0,1.5385,3.0769,3.0769,3.0769,29.2308,3.0769,3.0769,30.7692,6.1538,36.923
Zambia,2014,138,0.0,0.7246,2.1739,6.5217,2.1739,29.7101,6.5217,2.1739,29.7101,8.6956,38.4057
Zambia,2015,166,0.0,0.0,4.2169,6.6265,1.8072,31.9277,6.6265,1.8072,32.5301,8.4337,40.9638
Zambia,2016,225,0.4444,1.3333,5.3333,6.6667,4.4444,32.4444,7.1111,4.4444,32.4444,11.5555,43.9999
Zambia,2017,282,0.3546,0.7092,6.383,4.9645,3.1915,36.1702,4.9645,3.1915,36.8794,8.156,45.0354
Zambia,2018,310,0.0,0.3226,6.4516,3.5484,1.9355,34.5161,3.5484,1.9355,34.8387,5.4839,40.3226
Zambia,2019,382,0.5236,0.2618,5.2356,8.1152,3.4031,30.1047,8.1152,3.4031,30.8901,11.5183,42.4084
Zambia,2020,511,0.3914,0.9785,4.6967,6.0665,3.5225,32.4853,6.0665,3.9139,33.6595,9.9804,43.6399
Zambia,2021,515,0.5825,0.3883,7.5728,6.2136,1.3592,34.3689,6.2136,1.5534,35.7282,7.767,43.4952
Zambia,2022,724,1.5193,1.3812,5.1105,5.9392,4.6961,33.7017,6.4917,4.9724,34.2541,11.4641,45.7182
Zambia,2023,886,0.9029,0.7901,6.2077,5.5305,4.1761,33.07,5.7562,4.2889,33.6343,10.0451,43.6794
Zambia,2024,676,0.8876,1.1834,6.213,4.2899,5.0296,33.432,4.4379,5.3254,34.3195,9.7633,44.0828
Zambia,2025,468,0.641,0.8547,5.7692,4.0598,4.2735,38.4615,4.0598,4.2735,39.1026,8.3333,47.4359
Zimbabwe,2010,63,1.5873,1.5873,9.5238,9.5238,1.5873,28.5714,9.5238,1.5873,30.1587,11.1111,41.2698
Zimbabwe,2011,63,0.0,0.0,0.0,4.7619,1.5873,20.6349,4.7619,1.5873,20.6349,6.3492,26.9841
Zimbabwe,2012,173,0.0,0.0,6.3584,7.5145,3.4682,27.1676,7.5145,3.4682,27.7457,10.9827,38.7284
Zimbabwe,2013,299,0.0,0.6689,5.3512,7.0234,3.01,29.4314,7.0234,3.3445,30.1003,10.3679,40.4682
Zimbabwe,2014,320,0.3125,1.25,5.3125,8.4375,4.0625,28.75,8.4375,4.0625,29.0625,12.5,41.5625
Zimbabwe,2015,341,0.8798,0.2933,6.1584,9.6774,2.6393,31.6716,9.6774,2.6393,33.1378,12.3167,45.4545
Zimbabwe,2016,394,1.0152,0.2538,3.2995,6.599,2.0305,33.2487,7.1066,2.2843,34.0102,9.3909,43.4011
Zimbabwe,2017,497,0.4024,0.6036,4.829,7.0423,5.2314,31.7907,7.0423,5.2314,32.1932,12.2737,44.4669
Zimbabwe,2018,537,0.7449,0.9311,6.7039,8.1937,2.9795,33.3333,8.1937,3.1657,35.0093,11.3594,46.3687
Zimbabwe,2019,541,1.2939,0.9242,7.024,7.7634,4.6211,31.2384,7.7634,4.6211,32.1627,12.3845,44.5472
Zimbabwe,2020,701,0.428,0.9986,5.2782,6.7047,4.5649,30.8131,6.7047,4.9929,31.3837,11.6976,43.0813
Zimbabwe,2021,712,0.2809,0.2809,5.7584,6.3202,4.073,35.2528,6.3202,4.073,35.5337,10.3932,45.9269
Zimbabwe,2022,869,0.6904,0.9206,7.0196,5.9839,4.9482,39.0104,6.214,5.2934,39.7008,11.5074,51.2082
Zimbabwe,2023,870,0.4598,0.4598,4.7126,5.7471,5.0575,40.2299,5.8621,5.0575,40.4598,10.9196,51.3794
Zimbabwe,2024,677,0.2954,1.9202,4.8744,4.579,5.0222,34.5643,4.579,5.4653,35.0074,10.0443,45.0517
Zimbabwe,2025,513,0.3899,1.3645,5.4581,2.924,5.653,42.1053,3.1189,5.653,42.885,8.7719,51.6569
